iso3,country_name_wb,year,wb_income_group,wb_region,who_region,population,gdp_per_capita_ppp,health_exp_per_capita_usd,safe_water_pct,sanitation_pct,dtp3_coverage_pct,measles_coverage_pct,u5mr,maternal_mortality_ratio,log_health_exp,log_u5mr
ABW,Aruba,2000,High income,LCN,Americas,90588.0,30245.7069739274,1610.73034668,95.23353621008,97.9731037869072,96.0,95.0,20.469548690625,10.015977665,7.385063630339435,3.018938352074265
ABW,Aruba,2001,High income,LCN,Americas,91439.0,31920.2390732318,1610.73034668,95.3590561720825,98.0125082381901,96.0,95.0,20.469548690625,10.015977665,7.385063630339435,3.018938352074265
ABW,Aruba,2002,High income,LCN,Americas,92074.0,31888.5087369598,1610.73034668,95.484576134085,98.051912689473,96.0,95.0,20.469548690625,10.015977665,7.385063630339435,3.018938352074265
ABW,Aruba,2003,High income,LCN,Americas,93128.0,32507.0843148328,1610.73034668,95.6100960960874,98.0913171407559,96.0,95.0,20.469548690625,10.015977665,7.385063630339435,3.018938352074265
ABW,Aruba,2004,High income,LCN,Americas,95138.0,35059.2730975712,1610.73034668,95.7356160580899,98.1307215920388,96.0,95.0,20.469548690625,10.015977665,7.385063630339435,3.018938352074265
ABW,Aruba,2005,High income,LCN,Americas,97635.0,35098.7976691425,1610.73034668,95.8611360200924,98.1701260433217,96.0,95.0,20.469548690625,10.015977665,7.385063630339435,3.018938352074265
ABW,Aruba,2006,High income,LCN,Americas,99405.0,35937.594655647,1610.73034668,95.9866559820949,98.2095304946046,96.0,95.0,20.469548690625,10.015977665,7.385063630339435,3.018938352074265
ABW,Aruba,2007,High income,LCN,Americas,100150.0,37768.5660142352,1610.73034668,96.1121759440973,98.2489349458875,96.0,95.0,20.469548690625,10.015977665,7.385063630339435,3.018938352074265
ABW,Aruba,2008,High income,LCN,Americas,100917.0,38904.9992484644,1610.73034668,96.2376959060998,98.2883393971704,96.0,95.0,20.469548690625,10.015977665,7.385063630339435,3.018938352074265
ABW,Aruba,2009,High income,LCN,Americas,101604.0,34339.9391559529,1610.73034668,96.3632158681023,98.3277438484533,96.0,95.0,20.469548690625,10.015977665,7.385063630339435,3.018938352074265
ABW,Aruba,2010,High income,LCN,Americas,101838.0,33729.5119105028,1610.73034668,96.4887358301048,98.3671482997362,96.0,95.0,20.469548690625,10.015977665,7.385063630339435,3.018938352074265
ABW,Aruba,2011,High income,LCN,Americas,102591.0,35324.0720643325,1610.73034668,96.6142557921072,98.4065527510191,96.0,95.0,20.469548690625,10.015977665,7.385063630339435,3.018938352074265
ABW,Aruba,2012,High income,LCN,Americas,104110.0,34095.6471714416,1610.73034668,96.7397757541097,98.445957202302,96.0,95.0,20.469548690625,10.015977665,7.385063630339435,3.018938352074265
ABW,Aruba,2013,High income,LCN,Americas,105675.0,35901.6459605583,1610.73034668,96.7397757541097,98.4853616535849,96.0,95.0,20.469548690625,10.015977665,7.385063630339435,3.018938352074265
ABW,Aruba,2014,High income,LCN,Americas,106807.0,35657.287197053,1610.73034668,96.7397757541097,98.5247661048679,96.0,95.0,20.469548690625,10.015977665,7.385063630339435,3.018938352074265
ABW,Aruba,2015,High income,LCN,Americas,107906.0,35972.8596619304,1610.73034668,96.7397757541097,98.5641705561508,96.0,95.0,20.469548690625,10.015977665,7.385063630339435,3.018938352074265
ABW,Aruba,2016,High income,LCN,Americas,108727.0,36117.5352619835,1610.73034668,96.7397757541097,98.6035750074337,96.0,95.0,20.469548690625,10.015977665,7.385063630339435,3.018938352074265
ABW,Aruba,2017,High income,LCN,Americas,108735.0,37524.9149203557,1610.73034668,95.08595516798411,98.6429794587166,96.0,95.0,20.469548690625,10.015977665,7.385063630339435,3.018938352074265
ABW,Aruba,2018,High income,LCN,Americas,108908.0,39287.0597126122,1610.73034668,95.08595516798411,98.6823839099995,96.0,95.0,20.469548690625,10.015977665,7.385063630339435,3.018938352074265
ABW,Aruba,2019,High income,LCN,Americas,109203.0,38543.9072936041,1610.73034668,95.08595516798411,98.7217883612824,96.0,95.0,20.469548690625,10.015977665,7.385063630339435,3.018938352074265
ABW,Aruba,2020,High income,LCN,Americas,108587.0,28854.5972997864,1610.73034668,95.08595516798411,98.7611928125653,96.0,95.0,20.469548690625,10.015977665,7.385063630339435,3.018938352074265
ABW,Aruba,2021,High income,LCN,Americas,107700.0,35104.7868035374,1610.73034668,95.08595516798411,98.8005972638482,96.0,95.0,20.469548690625,10.015977665,7.385063630339435,3.018938352074265
ABW,Aruba,2022,High income,LCN,Americas,107310.0,41758.8957566544,1610.73034668,95.08595516798411,98.8400017151311,96.0,95.0,20.469548690625,10.015977665,7.385063630339435,3.018938352074265
AFG,Afghanistan,2000,Low income,MEA,Eastern Mediterranean,20130327.0,813.550255989624,29.88321209,29.7309664339367,22.298273284655,24.0,27.0,131.6324581095,1371.645908,3.4302063513446237,4.88001363064949
AFG,Afghanistan,2001,Low income,MEA,Eastern Mediterranean,20284307.0,747.688045492413,29.88321209,29.7629255070812,22.3095245309963,33.0,37.0,127.407600169375,1310.954923,3.4302063513446237,4.847391397319274
AFG,Afghanistan,2002,Low income,MEA,Eastern Mediterranean,21378117.0,926.507941011646,16.70697403,31.8360773279001,23.7347094449173,36.0,35.0,123.112732932625,1262.516681,2.8739585749713976,4.813100463524694
AFG,Afghanistan,2003,Low income,MEA,Eastern Mediterranean,22733049.0,966.962032055781,17.74602509,33.9086290770251,25.160116505547,41.0,39.0,118.70707659875,1201.38145,2.930981734742261,4.776658917351206
AFG,Afghanistan,2004,Low income,MEA,Eastern Mediterranean,23560654.0,971.633503046666,21.42300415,35.9993546342258,26.592743290922,50.0,48.0,114.206348215875,1166.469374,3.1100874028691985,4.738006884257263
AFG,Afghanistan,2005,Low income,MEA,Eastern Mediterranean,24404567.0,1076.08735260871,25.11388779,38.1080542246859,28.0329173729232,58.0,50.0,109.623694755875,1108.05603,3.2624672720477648,4.697053544175627
AFG,Afghanistan,2006,Low income,MEA,Eastern Mediterranean,25424094.0,1121.83447077749,28.9412632,40.2157630407476,29.4737113537171,58.0,53.0,105.068636210125,1069.436333,3.399237569150229,4.65461381479466
AFG,Afghanistan,2007,Low income,MEA,Eastern Mediterranean,25909852.0,1286.94984312675,32.70893097,42.4294955631251,30.8753174900848,63.0,55.0,100.639185257375,1032.007881,3.5177628161949106,4.611541697305042
AFG,Afghanistan,2008,Low income,MEA,Eastern Mediterranean,26482622.0,1333.74726661897,39.88624954,44.6537922388598,32.2737202067488,64.0,59.0,96.307129518375,955.2373281,3.710793809455838,4.5675423505223876
AFG,Afghanistan,2009,Low income,MEA,Eastern Mediterranean,27466101.0,1570.69814517949,43.13351822,46.8885842088645,33.6691080892303,63.0,60.0,92.18317406125,925.4222917,3.787219544100948,4.523777619995818
AFG,Afghanistan,2010,Low income,MEA,Eastern Mediterranean,28284089.0,1765.53802830615,46.42438889,49.1337948047642,35.0616668763216,66.0,62.0,88.286125958,892.7351444,3.85913662991834,4.480582971346198
AFG,Afghanistan,2011,Low income,MEA,Eastern Mediterranean,29347708.0,1744.06062321558,52.18721771,51.3896718184372,36.4517450288191,68.0,64.0,84.60819211825,838.2355187,3.9738180988694496,4.438031095473167
AFG,Afghanistan,2012,Low income,MEA,Eastern Mediterranean,30560034.0,1988.42930381554,52.45247269,53.6558094830286,37.8393855148321,67.0,59.0,81.18475175275,809.7532045,3.9787928981409566,4.3967274432373955
AFG,Afghanistan,2013,Low income,MEA,Eastern Mediterranean,31622704.0,2133.24127098647,56.16043472,55.9321352223542,39.2247837532389,64.0,57.0,77.9963797515,778.4308657,4.045861958351151,4.356662412170147
AFG,Afghanistan,2014,Low income,MEA,Eastern Mediterranean,32792523.0,2224.49074815215,60.04951096,58.2185747849882,40.6081362553092,62.0,60.0,75.091706163875,754.5868369,4.11168519004142,4.318710115439425
AFG,Afghanistan,2015,Low income,MEA,Eastern Mediterranean,33831764.0,2284.07584789349,59.91960526,60.5153476686209,41.9898186307368,64.0,62.0,72.41093738625,741.1936414,4.109555048360531,4.282357356852774
AFG,Afghanistan,2016,Low income,MEA,Eastern Mediterranean,34700612.0,2213.1814410479,61.37234497,62.8220704134542,43.3698641937307,66.0,64.0,69.94124762999999,702.2406141,4.133121987554519,4.247655570052046
AFG,Afghanistan,2017,Low income,MEA,Eastern Mediterranean,35688935.0,2335.79586234454,66.82388306,65.142136058033,44.7508111861658,64.0,64.0,67.615463167375,658.5652828,4.216914390440359,4.213836701970264
AFG,Afghanistan,2018,Low income,MEA,Eastern Mediterranean,36743039.0,2432.27670083336,71.22509003,67.4758694595857,46.1335435081079,68.0,66.0,65.4152013615,629.2391585,4.27978749287281,4.1807546681741075
AFG,Afghanistan,2019,Low income,MEA,Eastern Mediterranean,37856121.0,2583.48533239877,74.0642395,69.8226976480641,47.5183902057843,65.0,57.0,63.2994799905,601.0600766,4.318344273593337,4.147877114116387
AFG,Afghanistan,2020,Low income,MEA,Eastern Mediterranean,39068979.0,2561.98176058622,80.0892334,72.1820710205908,48.9056813120247,61.0,57.0,61.288573534125,633.6187131,4.395550195218353,4.115593423187393
AFG,Afghanistan,2021,Low income,MEA,Eastern Mediterranean,40000412.0,2144.16657002819,81.52112579,74.5545259961346,50.2966403259731,55.0,51.0,59.307238921625,660.2219088,4.413054330742081,4.082731371430711
AFG,Afghanistan,2022,Low income,MEA,Eastern Mediterranean,40578842.0,2122.99581512663,80.6516037,76.9392075646596,51.6914397704169,58.0,56.0,57.350495334125,550.731835,4.402461460374845,4.049181480576006
AGO,Angola,2000,Lower middle income,SSF,Africa,16194869.0,3689.53780847244,13.15998554,37.8422368865436,33.8004076625916,31.0,41.0,202.92353371012496,659.3351884,2.650420067078612,5.31282922684868
AGO,Angola,2001,Lower middle income,SSF,Africa,16747208.0,3801.63313374818,29.26095772,38.3388157469695,34.2558546036306,42.0,72.0,196.809616662625,628.606353,3.409858357561946,5.282236848579905
AGO,Angola,2002,Lower middle income,SSF,Africa,17327699.0,4241.2915015658,29.37077141,38.8353924997189,34.7112995930867,47.0,74.0,189.845698309,602.3700556,3.4134806791301995,5.246211628053975
AGO,Angola,2003,Lower middle income,SSF,Africa,17943712.0,4322.19773214742,35.2206955,40.3965157225134,35.7566857674784,46.0,62.0,182.18714882125,538.0167748,3.5896306543691976,5.2050344489752005
AGO,Angola,2004,Lower middle income,SSF,Africa,18600423.0,4770.68802563462,50.23310852,41.9772367862102,36.8026608112345,47.0,64.0,173.721004097,498.9089688,3.936385973838186,5.157450587623438
AGO,Angola,2005,Lower middle income,SSF,Africa,19291161.0,5415.61212018099,54.66142273,43.5743439976406,37.8465318357126,47.0,45.0,164.9357638885,461.9025905,4.019287316856226,5.105556088333192
AGO,Angola,2006,Lower middle income,SSF,Africa,20015279.0,6017.8181625251,70.28185272,45.0139996038983,38.7338819151989,44.0,48.0,155.427979749875,437.16848,4.266641774968423,5.04618247159701
AGO,Angola,2007,Lower middle income,SSF,Africa,20778561.0,6727.96328856831,93.42698669,46.4686546771725,39.6205689404056,43.0,58.0,145.994718675125,401.2986412,4.547826908250101,4.983570447596013
AGO,Angola,2008,Lower middle income,SSF,Africa,21578655.0,7315.60233056666,136.34094238,47.9390179800655,40.5073529931406,45.0,58.0,136.906332025625,372.2048971,4.92246646482619,4.919296984151176
AGO,Angola,2009,Lower middle income,SSF,Africa,22414773.0,7227.56364237588,120.5289917,49.4231763682417,41.3926874563562,47.0,58.0,128.185547501875,348.0829497,4.800152849131431,4.853478804136881
AGO,Angola,2010,Lower middle income,SSF,Africa,23294825.0,7411.65460883624,96.95197296,50.922281472487,42.2777189153195,49.0,59.0,119.779727209625,321.4337389,4.584477286709387,4.785654449405312
AGO,Angola,2011,Lower middle income,SSF,Africa,24218352.0,7537.59656403345,122.11888123,52.4357414255652,43.1620627220945,50.0,59.0,111.9728079265,300.586423,4.813150402663477,4.718256055447177
AGO,Angola,2012,Lower middle income,SSF,Africa,25177394.0,8246.36081151609,121.84848022,53.962934811933,44.0453181222275,52.0,59.0,104.726228958875,277.7975873,4.810951727869095,4.6513496018692795
AGO,Angola,2013,Lower middle income,SSF,Africa,26165620.0,8504.09532072053,142.78450012,55.5032279600653,44.9270819739207,54.0,59.0,98.2171260995,266.7850365,4.968315651716649,4.587180600353048
AGO,Angola,2014,Lower middle income,SSF,Africa,27160769.0,9017.69018162269,130.5861969,57.0569115656449,45.8077399649675,55.0,56.0,92.698370551,261.7348521,4.879662126612098,4.529350894758205
AGO,Angola,2015,Lower middle income,SSF,Africa,28157798.0,8067.48584683018,107.52857208,58.6196312007677,46.6837650963553,57.0,52.0,88.103902270875,249.3749766,4.687013475456232,4.478516825614718
AGO,Angola,2016,Lower middle income,SSF,Africa,29183070.0,7766.83787525546,94.01481628,60.1920620185519,47.555908833618,59.0,49.0,84.035647700875,235.6878204,4.5540328402820185,4.431241086212066
AGO,Angola,2017,Lower middle income,SSF,Africa,30234839.0,8006.83661497696,112.75364685,61.7735122104541,48.4237656848917,58.0,47.0,80.44458902275,220.3095473,4.734035117536922,4.387568612292012
AGO,Angola,2018,Lower middle income,SSF,Africa,31297155.0,8278.36886170469,83.87555695,63.3627907388021,49.2865229934191,67.0,56.0,77.226431257,208.382423,4.441186147860276,4.346741772229533
AGO,Angola,2019,Lower middle income,SSF,Africa,32375632.0,8572.87895610671,64.4466095,64.1599110373067,49.5470237290202,64.0,59.0,74.3064617515,201.5926827,4.181234688111113,4.308197916333838
AGO,Angola,2020,Lower middle income,SSF,Africa,33451132.0,7827.42804325818,56.01641846,64.9440305436538,49.8016376564917,59.0,54.0,71.51791743675,194.8259598,4.043339269515979,4.269948011827629
AGO,Angola,2021,Lower middle income,SSF,Africa,34532429.0,8862.28133314521,66.94487,65.716257719435,50.0511353702384,55.0,48.0,68.945789275875,210.5683328,4.218696641058393,4.233320533134117
AGO,Angola,2022,Lower middle income,SSF,Africa,35635029.0,9588.24129511188,103.94506073,66.47632731978,50.2951359158799,54.0,50.0,66.397436336,184.5930974,4.653436982081485,4.1956584463394355
ALB,Albania,2000,Upper middle income,ECS,Europe,3089027.0,3977.77186916171,65.47674561,86.3970424808695,89.4886699063414,97.0,95.0,27.083290237875,15.4198653,4.196852196430789,3.298916941323548
ALB,Albania,2001,Upper middle income,ECS,Europe,3060173.0,4450.51418504094,73.92171478,86.9040698997327,90.0309557632919,97.0,95.0,25.7079275845,14.4295666,4.316443765461315,3.2467994106581766
ALB,Albania,2002,Upper middle income,ECS,Europe,3051010.0,4840.33200843758,78.72909546,87.4516361586881,90.6055152426868,98.0,96.0,24.305759598375,13.78387477,4.37863458141054,3.190713342770839
ALB,Albania,2003,Upper middle income,ECS,Europe,3039616.0,5169.18875806327,105.43667603,87.9871911194175,91.1654528669664,97.0,93.0,22.870554327875,13.41151553,4.667550217042384,3.129850245951487
ALB,Albania,2004,Upper middle income,ECS,Europe,3026939.0,5594.79162347874,136.50724792,88.5105821172325,91.710652089826,97.0,96.0,21.415683460625,12.8660531,4.923676627862844,3.064123525600087
ALB,Albania,2005,Upper middle income,ECS,Europe,3011487.0,6014.31696992585,149.97515869,89.0211900611453,92.32297892735,98.0,97.0,19.947508638375,12.19078709,5.017115311294588,2.993104255255726
ALB,Albania,2006,Upper middle income,ECS,Europe,2992547.0,6752.90148641683,164.22090149,89.519134788664,92.9214090363528,97.0,95.0,18.497932769,11.41079466,5.107283375420163,2.9176589836244364
ALB,Albania,2007,Upper middle income,ECS,Europe,2970017.0,7584.68922249536,209.31910706,90.0041896316486,93.5057448871061,98.0,97.0,17.08862586625,10.43994166,5.3486259347869,2.8384130881750673
ALB,Albania,2008,Upper middle income,ECS,Europe,2947314.0,8469.24537549543,237.10340881,90.4761525015769,94.075815843771,99.0,98.0,15.747282638625,9.739621599,5.472705070106,2.756667819505525
ALB,Albania,2009,Upper middle income,ECS,Europe,2927519.0,9030.60955535693,236.94244385,90.9344131913267,94.6311562732715,98.0,97.0,14.47682051225,9.4136967,5.47202881186224,2.67254878496353
ALB,Albania,2010,Upper middle income,ECS,Europe,2913021.0,9754.84278665039,253.98246765,91.3794795002437,95.1721611108923,99.0,99.0,13.274870619375,9.366513137,5.541194788481015,2.5858728208940676
ALB,Albania,2011,Upper middle income,ECS,Europe,2905195.0,10273.4199783271,273.75292969,91.8108839327421,95.6984906230124,99.0,99.0,12.165153129125,9.451179409,5.6158722563388,2.498575563836081
ALB,Albania,2012,Upper middle income,ECS,Europe,2860708.0,10608.8448172721,260.68319702,92.2287796980299,96.210272006809,99.0,98.0,11.213309473375,9.795039287,5.567134600443789,2.4171014186140707
ALB,Albania,2013,Upper middle income,ECS,Europe,2816902.0,10882.026128835,276.0765686,92.6315947140716,96.7065607873958,99.0,99.0,10.467802452375,9.936336943,5.6242938889287375,2.3483041129169404
ALB,Albania,2014,Upper middle income,ECS,Europe,2773767.0,11787.8549638025,293.1267395,93.0200532320908,97.1880171020454,99.0,98.0,9.921803019625,9.713074758,5.684010761182184,2.2947346607917436
ALB,Albania,2015,Upper middle income,ECS,Europe,2731293.0,12386.592266883,253.93347168,93.3943279564504,97.6549680441734,99.0,97.0,9.57441547075,9.139483991,5.541002615746759,2.2590944857619855
ALB,Albania,2016,Upper middle income,ECS,Europe,2689469.0,13055.8417473139,275.43676758,93.7548764271568,98.1079014758832,99.0,96.0,9.394669304375,8.474855766,5.621982106129218,2.240142433137357
ALB,Albania,2017,Upper middle income,ECS,Europe,2648285.0,14110.683242211,295.52346802,94.1020950646956,98.5472964296809,99.0,96.0,9.331996294375,7.853670701,5.692126365457343,2.233448957071128
ALB,Albania,2018,Upper middle income,ECS,Europe,2607733.0,15055.2807998752,349.21127319,94.4363940024548,98.9736466158724,99.0,94.0,9.3382222935,7.376224284,5.85853661005323,2.2341159015234897
ALB,Albania,2019,Upper middle income,ECS,Europe,2567801.0,16442.1259393239,366.34014893,94.758223221518,99.1830672601737,99.0,95.0,9.38113319825,7.109886363,5.90628825512852,2.2387005657691614
ALB,Albania,2020,Upper middle income,ECS,Europe,2528480.0,16287.6097663649,396.17477417,95.0680381522002,99.298792439378,98.0,91.0,9.42894077675,7.033476047,5.984376421015254,2.2437837654955257
ALB,Albania,2021,Upper middle income,ECS,Europe,2489762.0,18212.8702466686,465.57043457,95.0815150513051,99.2990351357274,98.0,87.0,9.459508258,13.80074386,6.145408994034983,2.247020400528786
ALB,Albania,2022,Upper middle income,ECS,Europe,2451636.0,22138.4182857345,506.86920166,95.0945651327655,99.2992678183537,97.0,86.0,9.440960702,7.99804587,6.230223937378332,2.2450577442589283
AND,Andorra,2000,High income,ECS,Europe,65685.0,33458.1181625074,1294.09118652,99.9999977350507,99.9999977350507,98.0,97.0,7.569559461,14.01728471,7.166336385955826,2.024134870379455
AND,Andorra,2001,High income,ECS,Europe,65852.0,36895.4402454079,1378.70837402,99.9999981868428,99.9999981868428,96.0,97.0,7.217284880333334,13.86894343,7.229627432645449,1.9764788268226938
AND,Andorra,2002,High income,ECS,Europe,66506.0,38787.0522534918,1590.68554688,100.0,100.0,97.0,98.0,6.885071727666666,13.58630494,7.372548826090505,1.929355550088104
AND,Andorra,2003,High income,ECS,Europe,69486.0,41147.8806955474,1888.13574219,100.0,100.0,99.0,96.0,6.5485197883333335,12.51906664,7.543874724205091,1.8792390375943657
AND,Andorra,2004,High income,ECS,Europe,74325.0,42717.2377735456,2060.26928711,99.999995252479,99.999995252479,99.0,98.0,6.2280884983333324,11.67509819,7.631077230827,1.8290694636224534
AND,Andorra,2005,High income,ECS,Europe,77421.0,44577.8193343081,2279.53051758,100.0,100.0,98.0,94.0,5.939633166,12.66888026,7.732163378031084,1.7816473749018817
AND,Andorra,2006,High income,ECS,Europe,79585.0,46852.6583902384,2151.95092773,100.0,100.0,93.0,91.0,5.636999896666667,10.71289386,7.6745947045964815,1.729351990768174
AND,Andorra,2007,High income,ECS,Europe,81877.0,47501.4309292019,2388.17407227,100.0,100.0,96.0,94.0,5.351997504333333,11.73938527,7.778703008744186,1.6774698565203876
AND,Andorra,2008,High income,ECS,Europe,83495.0,44838.9949992176,2790.11254883,100.0,100.0,99.0,98.0,5.073777601333333,11.59507222,7.934195558352073,1.6240856291824526
AND,Andorra,2009,High income,ECS,Europe,83888.0,42522.9945639501,2679.67358398,99.9999971715362,99.9999971715362,99.0,98.0,4.815409336,11.49842376,7.893823379230943,1.5718210543054603
AND,Andorra,2010,High income,ECS,Europe,80706.0,43853.1712385354,3286.52954102,99.9999980431632,99.9999980431632,99.0,99.0,4.574251796,12.13678288,8.097891662307244,1.5204431434951333
AND,Andorra,2011,High income,ECS,Europe,77783.0,46436.1158596161,3555.52319336,100.0,100.0,99.0,99.0,4.3439509030000005,10.94157238,8.176538715552558,1.468784280311778
AND,Andorra,2012,High income,ECS,Europe,76834.0,45503.0444832658,2788.69238281,99.9999982821599,99.9999982821599,99.0,98.0,4.122886593666666,11.05368672,7.933686611679307,1.4165535475658915
AND,Andorra,2013,High income,ECS,Europe,75194.0,45609.2307224247,2886.97241211,100.0,100.0,96.0,95.0,3.9185744336666666,9.486657516,7.9683099473736,1.3657279227793098
AND,Andorra,2014,High income,ECS,Europe,73737.0,48505.6017361608,3005.21557617,100.0,100.0,97.0,96.0,3.7186675,9.705653359,8.00843728303425,1.3133654051917654
AND,Andorra,2015,High income,ECS,Europe,72174.0,50733.2390011704,2672.49731445,100.0,100.0,97.0,96.0,3.531969425333333,9.927322349,7.891142749881081,1.2618556262301048
AND,Andorra,2016,High income,ECS,Europe,72181.0,53110.1426263211,2785.64599609,100.0,100.0,98.0,97.0,3.360400908666667,9.825760977,7.932593999712074,1.2120602849128355
AND,Andorra,2017,High income,ECS,Europe,73763.0,53084.8639640903,2876.24194336,100.0,100.0,99.0,99.0,3.206259813333333,11.10385503,7.964587455726511,1.1651050906210174
AND,Andorra,2018,High income,ECS,Europe,75162.0,55244.6554088177,3159.16162109,100.0,100.0,99.0,99.0,3.079101322333333,10.77858646,8.058378451187608,1.1246377759466617
AND,Andorra,2019,High income,ECS,Europe,76474.0,57475.0692842215,3021.078125,100.0,100.0,99.0,99.0,2.960800592,10.64150465,8.013699994583238,1.0854597020357497
AND,Andorra,2020,High income,ECS,Europe,77380.0,52095.8414004627,3282.02587891,99.9999952180714,99.9999952180714,99.0,98.0,2.854475075333333,48.44802564,8.096520800172321,1.0488879646738898
AND,Andorra,2021,High income,ECS,Europe,78364.0,59332.2029100127,3668.44750977,100.0,100.0,99.0,99.0,2.756919754333333,17.81421741,8.207796387418984,1.014114025464035
AND,Andorra,2022,High income,ECS,Europe,79705.0,68470.0759483848,3190.11328125,99.9999963147646,99.9999963147646,98.0,98.0,2.661902528666667,16.60145821,8.068125125883162,0.9790411034748457
ARE,United Arab Emirates,2000,High income,MEA,Eastern Mediterranean,3493575.0,92899.3674985796,706.03112793,99.6158333255027,99.160856612895,94.0,94.0,10.705393143333334,8.305482348,6.561074693116894,2.370747646573582
ARE,United Arab Emirates,2001,High income,MEA,Eastern Mediterranean,3723590.0,90370.2541183751,689.29278564,99.6138918433509,99.1568733967511,94.0,94.0,10.502354836666669,6.710383491,6.537115834604549,2.3515995021774154
ARE,United Arab Emirates,2002,High income,MEA,Eastern Mediterranean,3956826.0,88466.5816176093,754.26220703,99.6347999053031,99.1529487950729,94.0,94.0,10.307598595,5.489279819,6.627064983035865,2.332881350918196
ARE,United Arab Emirates,2003,High income,MEA,Eastern Mediterranean,4192457.0,92635.9226901803,784.89343262,99.655965555115,99.1490944909121,94.0,94.0,10.121284305333331,4.69062173,6.666821201328752,2.3146405634488594
ARE,United Arab Emirates,2004,High income,MEA,Eastern Mediterranean,4428967.0,98661.4370562637,821.74920654,99.6773760456002,99.1452977289426,94.0,94.0,9.931726447666668,4.128206583,6.712651423423106,2.295734324744132
ARE,United Arab Emirates,2005,High income,MEA,Eastern Mediterranean,4664790.0,101301.412339163,898.36480713,99.6990274979322,99.1415716401996,94.0,92.0,9.742887183333332,3.747222641,6.801688744295965,2.276537499122683
ARE,United Arab Emirates,2006,High income,MEA,Eastern Mediterranean,5009100.0,106814.053640356,1031.14904785,99.7209168610159,99.1379008454285,92.0,92.0,9.556611445333331,3.364514001,6.939398361824288,2.257233212905626
ARE,United Arab Emirates,2007,High income,MEA,Eastern Mediterranean,5624635.0,100813.188228929,1176.49328613,99.7430448059765,99.1343292735579,92.0,92.0,9.368818768,3.126304801,7.071143124073893,2.237387022988597
ARE,United Arab Emirates,2008,High income,MEA,Eastern Mediterranean,6302664.0,94628.2666607538,1465.82446289,99.7654123439436,99.1308669416224,92.0,92.0,9.181498741333334,3.14776497,7.290855113785124,2.217190452889829
ARE,United Arab Emirates,2009,High income,MEA,Eastern Mediterranean,6707058.0,84780.3209706517,1531.02209473,99.7879969026798,99.1274862085327,93.0,93.0,8.98833003,3.381994682,7.334343772344058,2.19592707260757
ARE,United Arab Emirates,2010,High income,MEA,Eastern Mediterranean,6869838.0,85120.1974687752,1619.98864746,99.8107941876286,99.1241974644732,94.0,94.0,8.790682818,3.479950583,7.390791518293509,2.1736923899087244
ARE,United Arab Emirates,2011,High income,MEA,Eastern Mediterranean,7104538.0,89665.4018921986,1787.59997559,99.8338027658417,99.120999868482,95.0,95.0,8.594730553333333,3.518747902,7.489188456264535,2.151149289109364
ARE,United Arab Emirates,2012,High income,MEA,Eastern Mediterranean,7391448.0,89198.0119017025,1711.38525391,99.857009861268,99.1178959002456,96.0,96.0,8.386054842333333,3.579856367,7.445642562875386,2.1265701884759745
ARE,United Arab Emirates,2013,High income,MEA,Eastern Mediterranean,7693031.0,87526.3254797061,1789.68579102,99.8804113765895,99.1148814743619,98.0,98.0,8.162278607666666,3.559014795,7.490353948936603,2.0995233711310872
ARE,United Arab Emirates,2014,High income,MEA,Eastern Mediterranean,8059440.0,87477.7341963514,1776.7310791,99.903989878004,99.1119382516612,99.0,99.0,7.918318296,3.401704862,7.483093155534439,2.0691788469161407
ARE,United Arab Emirates,2015,High income,MEA,Eastern Mediterranean,8505237.0,73986.0636395945,1479.49743652,99.927750524332,99.1090951528049,99.0,99.0,7.641622322333333,3.254161912,7.300133416044031,2.0336099264913874
ARE,United Arab Emirates,2016,High income,MEA,Eastern Mediterranean,8935095.0,69986.9835675887,1592.91906738,99.9516742010968,99.1063234658359,99.0,99.0,7.335308162333334,3.120676283,7.373951084773826,1.9926994233004893
ARE,United Arab Emirates,2017,High income,MEA,Eastern Mediterranean,9223225.0,70281.8889504211,1695.203125,99.9757617709263,99.1036305730769,97.0,99.0,7.001988033333333,2.974792036,7.4361475762793985,1.9461941134954999
ARE,United Arab Emirates,2018,High income,MEA,Eastern Mediterranean,9346701.0,77446.2269929923,1872.58422852,100.0,99.1010218730891,99.0,99.0,6.651838466,2.798113415,7.535608575066776,1.8948932775120795
ARE,United Arab Emirates,2019,High income,MEA,Eastern Mediterranean,9445785.0,79816.3010904406,1962.46728516,99.9999978860586,99.0984768671773,99.0,99.0,6.295145002333332,2.721322133,7.582467212387026,1.8397787017557747
ARE,United Arab Emirates,2020,High income,MEA,Eastern Mediterranean,9401038.0,66790.6822664754,2154.41113281,99.9999979225426,99.0960113749665,90.0,99.0,5.947603386,6.462641671,7.6757367652278,1.782988346146035
ARE,United Arab Emirates,2021,High income,MEA,Eastern Mediterranean,9575152.0,68580.1485423483,2249.96313477,100.0,99.0936250142386,96.0,99.0,5.614792281666666,6.389151983,7.719113463504742,1.7254045940362588
ARE,United Arab Emirates,2022,High income,MEA,Eastern Mediterranean,10074977.0,75071.6586300351,2240.9050293,100.0,99.0913042673601,96.0,98.0,5.300445554333334,2.415341791,7.715081242922236,1.6677908838800022
ARG,Argentina,2000,Upper middle income,LCN,Americas,37213984.0,11499.9828002518,702.23309326,96.2840256103646,87.6669268418186,83.0,91.0,19.344138065875,57.80833594,6.555688406213578,2.962389431247452
ARG,Argentina,2001,Upper middle income,LCN,Americas,37624825.0,11117.754923787,660.63378906,96.5228185604677,88.1359380067969,83.0,89.0,18.775327333125,60.25133472,6.494712214140552,2.932543632018858
ARG,Argentina,2002,Upper middle income,LCN,Americas,38029349.0,9953.46492880857,219.96408081,96.755473929203,88.6033982942423,93.0,95.0,18.2954936755,59.15006131,5.398000158036783,2.906654782283108
ARG,Argentina,2003,Upper middle income,LCN,Americas,38424282.0,10933.3925491594,261.2038269,96.9824151631383,89.0695612672158,96.0,97.0,17.81974913775,60.9326804,5.569122166570152,2.8803073443762335
ARG,Argentina,2004,Upper middle income,LCN,Americas,38815916.0,12117.6797423098,303.31906128,97.2043389305384,89.5350610098707,98.0,99.0,17.283615021,58.43938382,5.7180766947045285,2.849758944100263
ARG,Argentina,2005,Upper middle income,LCN,Americas,39216789.0,13464.8128470561,395.64596558,97.421184805077,89.9997295570375,98.0,98.0,16.72305205575,57.45685497,5.983044108462199,2.816788130217797
ARG,Argentina,2006,Upper middle income,LCN,Americas,39622115.0,14843.5778659642,456.06246948,97.633212136416,90.4637841739601,91.0,97.0,16.218063602249998,60.0439728,6.12482007625693,2.786125658222038
ARG,Argentina,2007,Upper middle income,LCN,Americas,40016763.0,16455.1129801674,569.27264404,97.8403603213706,90.9270368517711,91.0,94.0,15.78744724,61.74070122,6.346114569345867,2.7592151457866234
ARG,Argentina,2008,Upper middle income,LCN,Americas,40424148.0,17276.7570886806,745.40356445,98.0428748675662,91.3897117135692,93.0,96.0,15.379520455625,59.32072768,6.615266425044239,2.733036783853103
ARG,Argentina,2009,Upper middle income,LCN,Americas,40854831.0,16182.0753477677,787.78051758,98.2407366706243,91.8516400553942,94.0,96.0,14.934830807125,62.10811691,6.670488104175089,2.703696122988236
ARG,Argentina,2010,Upper middle income,LCN,Americas,41288694.0,17847.6110373178,979.7689209,98.434051534291,92.3128332477506,94.0,95.0,14.432032577375,54.74271784,6.888336877179888,2.669450220619203
ARG,Argentina,2011,Upper middle income,LCN,Americas,41730660.0,19104.9909405228,1208.23120117,98.6218573444855,92.7707485221134,91.0,95.0,13.874448695,48.47360795,7.097740065723251,2.6300489251494006
ARG,Argentina,2012,Upper middle income,LCN,Americas,42161721.0,19430.4178068112,1363.21618652,98.8052992922814,93.2268060456617,91.0,94.0,13.2788040705,49.27161601,7.218335320360608,2.58616908506087
ARG,Argentina,2013,Upper middle income,LCN,Americas,42582455.0,19928.989490167,1428.91125488,98.8642047608292,93.623132025003,94.0,94.0,12.698277803125,46.72781163,7.2653676618037055,2.541466378216064
ARG,Argentina,2014,Upper middle income,LCN,Americas,43024071.0,19487.4181748868,1291.32458496,98.9232481866542,94.0211240402659,94.0,95.0,12.18294770575,43.45149801,7.164197879539618,2.5000372449679173
ARG,Argentina,2015,Upper middle income,LCN,Americas,43477012.0,19899.1499275245,1523.90979004,98.9823076742804,94.4204076284931,94.0,89.0,11.73944822725,38.61611031,7.329690533219709,2.4629548139129915
ARG,Argentina,2016,Upper middle income,LCN,Americas,43900313.0,20105.761359796,1276.79785156,99.0413738458383,94.8209557204549,92.0,90.0,11.356732937375,39.51279922,7.152893446808244,2.429810778389119
ARG,Argentina,2017,Upper middle income,LCN,Americas,44288894.0,23385.0740904917,1491.11877441,95.08595516798411,86.4725409994878,88.0,90.0,11.0277477595,38.34256564,7.307952385108601,2.4004146201669223
ARG,Argentina,2018,Upper middle income,LCN,Americas,44654882.0,24410.3919063335,1195.59973145,95.08595516798411,86.4725409994878,86.0,94.0,10.73923672125,38.48332942,7.0872392565283615,2.373904017770297
ARG,Argentina,2019,Upper middle income,LCN,Americas,44973465.0,23516.8261980886,1007.45629883,95.08595516798411,86.4725409994878,83.0,86.0,10.476984845875,36.41050684,6.916176023614519,2.349180931951437
ARG,Argentina,2020,Upper middle income,LCN,Americas,45191965.0,22393.3479575353,910.9586792,95.08595516798411,86.4725409994878,74.0,77.0,10.251548380875,39.67995674,6.8155946811531605,2.3274287557245508
ARG,Argentina,2021,Upper middle income,LCN,Americas,45312281.0,26300.274261175,1182.15930176,95.08595516798411,86.4725409994878,81.0,86.0,10.040571627375,76.48617561,7.0759435140504445,2.3066340476403577
ARG,Argentina,2022,Upper middle income,LCN,Americas,45407904.0,29808.8073468007,1415.79577637,95.08595516798411,86.4725409994878,84.0,85.0,9.839770913375,39.32266505,7.256153105358873,2.2864324296320744
ARM,Armenia,2000,Upper middle income,ECS,Europe,3221100.0,2530.74394657194,25.6606369,95.6686709319985,88.0309026952269,93.0,92.0,30.724839964375,39.56807124,3.2831882041876383,3.4250714467932935
ARM,Armenia,2001,Upper middle income,ECS,Europe,3211800.0,2844.36266367009,31.90725899,95.8831045898119,88.2341286586243,94.0,93.0,29.257737922125,37.73873779,3.4936932714282647,3.376144083038334
ARM,Armenia,2002,Upper middle income,ECS,Europe,3199800.0,3282.11706337369,59.20983887,96.1112432491429,88.4571722319779,94.0,91.0,27.86025235575,36.14440829,4.097835775339243,3.32720102630597
ARM,Armenia,2003,Upper middle income,ECS,Europe,3182500.0,3836.22556768673,66.31577301,96.3451158105318,88.6878398317561,94.0,94.0,26.516831507625,34.86200384,4.209394577838487,3.277779682600135
ARM,Armenia,2004,Upper middle income,ECS,Europe,3164900.0,4377.22759682551,71.65074158,96.5805389121638,88.9185327648482,91.0,92.0,25.20870104825,33.69224323,4.285663597534739,3.2271892146145227
ARM,Armenia,2005,Upper middle income,ECS,Europe,3146400.0,5172.2189210295,95.55093384,96.8174664083954,89.1491045548132,90.0,94.0,23.97331945675,32.2946841,4.570070680914751,3.1769415226609663
ARM,Armenia,2006,Upper middle income,ECS,Europe,3127100.0,6072.75924479855,124.8989563,97.0560181785414,89.3798500479523,87.0,92.0,22.800972563125,31.03774523,4.835479651103311,3.126803191328054
ARM,Armenia,2007,Upper middle income,ECS,Europe,3107400.0,7136.75405519953,170.15332031,97.2960930151798,89.6104696374139,88.0,92.0,21.690320077125,30.26684418,5.142559764788016,3.0768660816282414
ARM,Armenia,2008,Upper middle income,ECS,Europe,3087100.0,7827.31666746494,261.59963989,97.5377930144249,89.8412620835162,89.0,94.0,20.633386707,29.494744,5.570630590542546,3.026910477788077
ARM,Armenia,2009,Upper middle income,ECS,Europe,3066000.0,6811.69247959581,247.90641785,97.7810340877485,90.0719230280142,93.0,96.0,19.633144663125,28.72849974,5.517076993894477,2.9772191922552276
ARM,Armenia,2010,Upper middle income,ECS,Europe,3044800.0,7095.21267979009,291.77758789,98.0258624289459,90.3025970300034,94.0,97.0,18.691472787375,27.84729851,5.679413235065978,2.9280674191854823
ARM,Armenia,2011,Upper middle income,ECS,Europe,3027900.0,7624.26772626905,325.29086304,98.272291670612,90.5332906665256,95.0,97.0,17.794460506874998,27.24706844,5.787789201491007,2.87888720138401
ARM,Armenia,2012,Upper middle income,ECS,Europe,3024100.0,8942.63537897164,331.91378784,98.5203266865955,90.7640014188273,95.0,97.0,16.9446921815,26.57140721,5.807883561085875,2.8299546391519086
ARM,Armenia,2013,Upper middle income,ECS,Europe,3022000.0,9454.87852836557,392.85253906,98.7705613555546,90.9987016315075,95.0,97.0,16.14106376125,26.0199263,5.975976572897627,2.7813665690497427
ARM,Armenia,2014,Upper middle income,ECS,Europe,3013800.0,9736.2349746279,404.33874512,99.0173502975581,91.2374729178599,93.0,97.0,15.368984475875,25.5449817,6.004723125216241,2.732351483531295
ARM,Armenia,2015,Upper middle income,ECS,Europe,3004600.0,9756.84084836026,365.51950073,99.2198934316356,91.480572190435,94.0,97.0,14.641355980625,25.04951738,5.904051727905754,2.6838501258714382
ARM,Armenia,2016,Upper middle income,ECS,Europe,2992300.0,10570.2720413936,359.58227539,99.3200449240504,91.7279143880493,94.0,97.0,13.960587412,24.5908302,5.887720156455229,2.6362381746724584
ARM,Armenia,2017,Upper middle income,ECS,Europe,2979400.0,12066.0043093819,409.80145264,99.420451960465,91.9795911262643,94.0,96.0,13.3133614585,23.94324106,6.018110014172786,2.5887681518736625
ARM,Armenia,2018,Upper middle income,ECS,Europe,2969000.0,12877.4937543553,428.34579468,99.462639280417,92.2358515104765,92.0,95.0,12.70126173025,23.58584654,6.062262642450752,2.5417013373683592
ARM,Armenia,2019,Upper middle income,ECS,Europe,2962500.0,14975.7539538157,533.69952393,99.4591789118501,92.4966218956113,92.0,95.0,12.12268007375,23.26512572,6.281704951604561,2.495078084393127
ARM,Armenia,2020,Upper middle income,ECS,Europe,2961500.0,14706.3173043422,535.2723999,99.4561137881716,92.7619845664061,91.0,94.0,11.561574682125,43.30131746,6.284642240745119,2.447687072144281
ARM,Armenia,2021,Upper middle income,ECS,Europe,2962300.0,15921.705281964,595.83544922,99.4534764633698,93.0320229848765,93.0,94.0,11.030305253625,57.30209929,6.3916414459525885,2.400646507735144
ARM,Armenia,2022,Upper middle income,ECS,Europe,2969200.0,19161.3700514189,674.78619385,99.9128544293373,93.3068358390677,93.0,95.0,10.521758961125,26.7342211,6.515876744728507,2.353445394960781
ASM,American Samoa,2000,High income,EAS,Western Pacific,56855.0,10929.3002607587,1610.73034668,95.0344768560381,62.2935163766246,96.0,95.0,20.469548690625,10.015977665,7.385063630339435,3.018938352074265
ASM,American Samoa,2001,High income,EAS,Western Pacific,57053.0,10929.3002607587,1610.73034668,95.2698888592873,62.2856155405329,96.0,95.0,20.469548690625,10.015977665,7.385063630339435,3.018938352074265
ASM,American Samoa,2002,High income,EAS,Western Pacific,57062.0,10929.3002607587,1610.73034668,95.5053008625365,62.2777147044412,96.0,95.0,20.469548690625,10.015977665,7.385063630339435,3.018938352074265
ASM,American Samoa,2003,High income,EAS,Western Pacific,56971.0,10929.3002607587,1610.73034668,95.7407128657857,62.2698138683495,96.0,95.0,20.469548690625,10.015977665,7.385063630339435,3.018938352074265
ASM,American Samoa,2004,High income,EAS,Western Pacific,56818.0,10929.3002607587,1610.73034668,95.9761248690348,62.2619130322578,96.0,95.0,20.469548690625,10.015977665,7.385063630339435,3.018938352074265
ASM,American Samoa,2005,High income,EAS,Western Pacific,56617.0,10929.3002607587,1610.73034668,96.2115368722841,62.254012196166,96.0,95.0,20.469548690625,10.015977665,7.385063630339435,3.018938352074265
ASM,American Samoa,2006,High income,EAS,Western Pacific,56374.0,10929.3002607587,1610.73034668,96.4469488755332,62.2461113600743,96.0,95.0,20.469548690625,10.015977665,7.385063630339435,3.018938352074265
ASM,American Samoa,2007,High income,EAS,Western Pacific,56113.0,10929.3002607587,1610.73034668,96.6823608787824,62.2382105239826,96.0,95.0,20.469548690625,10.015977665,7.385063630339435,3.018938352074265
ASM,American Samoa,2008,High income,EAS,Western Pacific,55828.0,10929.3002607587,1610.73034668,96.9177728820316,62.2303096878909,96.0,95.0,20.469548690625,10.015977665,7.385063630339435,3.018938352074265
ASM,American Samoa,2009,High income,EAS,Western Pacific,55528.0,10929.3002607587,1610.73034668,97.1531848852808,62.2224088517992,96.0,95.0,20.469548690625,10.015977665,7.385063630339435,3.018938352074265
ASM,American Samoa,2010,High income,EAS,Western Pacific,55228.0,10929.3002607587,1610.73034668,97.3885968885299,62.2145080157075,96.0,95.0,20.469548690625,10.015977665,7.385063630339435,3.018938352074265
ASM,American Samoa,2011,High income,EAS,Western Pacific,54895.0,10929.3002607587,1610.73034668,97.6240088917791,62.2066071796158,96.0,95.0,20.469548690625,10.015977665,7.385063630339435,3.018938352074265
ASM,American Samoa,2012,High income,EAS,Western Pacific,54489.0,10929.3002607587,1610.73034668,97.8594208950283,62.1987063435241,96.0,95.0,20.469548690625,10.015977665,7.385063630339435,3.018938352074265
ASM,American Samoa,2013,High income,EAS,Western Pacific,54006.0,10929.3002607587,1610.73034668,98.0948328982775,62.1908055074324,96.0,95.0,20.469548690625,10.015977665,7.385063630339435,3.018938352074265
ASM,American Samoa,2014,High income,EAS,Western Pacific,53466.0,10929.3002607587,1610.73034668,98.3302449015267,62.1829046713407,96.0,95.0,20.469548690625,10.015977665,7.385063630339435,3.018938352074265
ASM,American Samoa,2015,High income,EAS,Western Pacific,52878.0,10929.3002607587,1610.73034668,98.5656569047758,62.1750038352489,96.0,95.0,20.469548690625,10.015977665,7.385063630339435,3.018938352074265
ASM,American Samoa,2016,High income,EAS,Western Pacific,52245.0,10929.3002607587,1610.73034668,98.801068908025,62.1671029991572,96.0,95.0,20.469548690625,10.015977665,7.385063630339435,3.018938352074265
ASM,American Samoa,2017,High income,EAS,Western Pacific,51586.0,10929.3002607587,1610.73034668,99.0364809112742,62.1592021630655,96.0,95.0,20.469548690625,10.015977665,7.385063630339435,3.018938352074265
ASM,American Samoa,2018,High income,EAS,Western Pacific,50908.0,10929.3002607587,1610.73034668,99.2718929145234,62.1513013269738,96.0,95.0,20.469548690625,10.015977665,7.385063630339435,3.018938352074265
ASM,American Samoa,2019,High income,EAS,Western Pacific,50209.0,10929.3002607587,1610.73034668,99.5073049177726,62.1434004908821,96.0,95.0,20.469548690625,10.015977665,7.385063630339435,3.018938352074265
ASM,American Samoa,2020,High income,EAS,Western Pacific,49761.0,10929.3002607587,1610.73034668,99.7427169210217,62.1354996547904,96.0,95.0,20.469548690625,10.015977665,7.385063630339435,3.018938352074265
ASM,American Samoa,2021,High income,EAS,Western Pacific,49225.0,10929.3002607587,1610.73034668,99.9781289242709,62.1275988186987,96.0,95.0,20.469548690625,10.015977665,7.385063630339435,3.018938352074265
ASM,American Samoa,2022,High income,EAS,Western Pacific,48342.0,10929.3002607587,1610.73034668,100.0,62.119697982607,96.0,95.0,20.469548690625,10.015977665,7.385063630339435,3.018938352074265
ATG,Antigua and Barbuda,2000,High income,LCN,Americas,74912.0,19318.8965779721,520.12213135,97.4577878338136,84.7653410086149,95.0,95.0,14.908310503,37.06480608,6.2559844314604565,2.701918809344841
ATG,Antigua and Barbuda,2001,High income,LCN,Americas,76069.0,18568.679914651,572.20776367,97.5248437141817,85.5344312360032,97.0,97.0,14.594170264666667,35.50444109,6.351248240297044,2.6806221520334006
ATG,Antigua and Barbuda,2002,High income,LCN,Americas,77032.0,18812.7827770729,559.08331299,97.5893217683329,86.312524859028,98.0,99.0,14.270848526333332,35.7838179,6.328085545859989,2.6582188919727456
ATG,Antigua and Barbuda,2003,High income,LCN,Americas,77884.0,20127.345572169,613.65112305,97.6549763744198,87.0891468581108,99.0,99.0,13.938815570333333,33.4608721,6.421054827249076,2.634677435462378
ATG,Antigua and Barbuda,2004,High income,LCN,Americas,78719.0,21628.6836541675,597.74902344,97.7217760832298,87.8643554393161,97.0,97.0,13.615438711666668,33.66599571,6.394842517725882,2.6112043482776577
ATG,Antigua and Barbuda,2005,High income,LCN,Americas,79611.0,23484.8001051691,641.3157959,97.7897055772759,88.6381274061459,99.0,99.0,13.292242159666666,32.53459814,6.4650800766750365,2.587180568778596
ATG,Antigua and Barbuda,2006,High income,LCN,Americas,80604.0,26949.4085821346,665.11560059,97.8587455751822,89.410528383537,99.0,99.0,12.985652287333332,31.65423288,6.501463229937545,2.563845077763954
ATG,Antigua and Barbuda,2007,High income,LCN,Americas,81704.0,29850.5675734636,714.27496338,97.9288759157596,90.181534098799,99.0,99.0,12.689713757666668,32.34795345,6.572667032935993,2.5407917249444445
ATG,Antigua and Barbuda,2008,High income,LCN,Americas,82912.0,29978.2095861092,694.03344727,98.0000819253765,90.9512112125374,99.0,99.0,12.422573195666669,31.30805074,6.543959969975139,2.5195152366618596
ATG,Antigua and Barbuda,2009,High income,LCN,Americas,84173.0,26156.9151715965,609.50390625,98.0723568247824,91.7194750028069,99.0,99.0,12.165482104333334,32.05264303,6.414284691974188,2.498602605892747
ATG,Antigua and Barbuda,2010,High income,LCN,Americas,85320.0,24071.0297956482,724.08880615,98.1456600056125,92.4864478668601,98.0,98.0,11.926280894333331,31.20587355,6.586294138594615,2.478744443528804
ATG,Antigua and Barbuda,2011,High income,LCN,Americas,86332.0,23804.0790107696,717.28186035,98.2201657181989,93.2510130109521,99.0,99.0,11.706967701333332,30.95291997,6.576862055177026,2.4601841945745644
ATG,Antigua and Barbuda,2012,High income,LCN,Americas,87260.0,23011.7386611366,753.50183105,98.2971057730873,94.0042537403254,98.0,98.0,11.506318773,30.4712542,6.626057705043925,2.442896342993882
ATG,Antigua and Barbuda,2013,High income,LCN,Americas,88064.0,21760.5232864254,739.10491943,98.3743397990659,94.7571352497532,99.0,96.0,11.313951380333334,32.07254815,6.606791959161468,2.426036599610452
ATG,Antigua and Barbuda,2014,High income,LCN,Americas,88765.0,21671.4737856616,826.75598145,98.4518716600129,95.5096665851238,99.0,93.0,11.132813461666666,31.83435154,6.718718402556488,2.4098969151644165
ATG,Antigua and Barbuda,2015,High income,LCN,Americas,89409.0,20985.4388292177,789.30975342,98.5296965955538,96.2618760462753,99.0,91.0,10.951948232,29.65308583,6.672424961549428,2.3935173611670875
ATG,Antigua and Barbuda,2016,High income,LCN,Americas,89969.0,21320.4375067809,817.88891602,98.6078413769816,97.0132411183707,92.0,88.0,10.787956526666669,27.93997258,6.707948440978777,2.378430375483182
ATG,Antigua and Barbuda,2017,High income,LCN,Americas,90468.0,21422.0021576627,791.12322998,98.6862412364466,97.7638078582703,95.0,99.0,10.626660742,31.16272839,6.674716973120118,2.3633660077255185
ATG,Antigua and Barbuda,2018,High income,LCN,Americas,90926.0,24524.2137953887,856.37127686,98.7648515516048,98.5136876135771,95.0,96.0,10.453630327,30.62881364,6.753871053322814,2.3469493177944303
ATG,Antigua and Barbuda,2019,High income,LCN,Americas,91364.0,26550.589844733,808.14996338,98.8436169017974,99.0899721182438,99.0,97.0,10.257567337333333,32.27221441,6.695984268705525,2.328015710005158
ATG,Antigua and Barbuda,2020,High income,LCN,Americas,91846.0,22370.0918693813,873.5246582,98.9224941519798,99.6041813873018,96.0,89.0,10.049547834666669,34.82233008,6.7736804909736525,2.3075276419174777
ATG,Antigua and Barbuda,2021,High income,LCN,Americas,92349.0,25745.4958067746,835.06512451,98.9226250605056,99.6050402706189,92.0,85.0,9.806939719666666,31.89911351,6.728706510182223,2.283090269727345
ATG,Antigua and Barbuda,2022,High income,LCN,Americas,92840.0,29933.8893698902,891.00323486,98.9227120997739,99.605594345624,99.0,99.0,9.560332437666666,36.01889112,6.793469759098097,2.2576225002732198
AUS,Australia,2000,High income,EAS,Western Pacific,19028802.0,26584.8191965725,1626.73388672,99.7122967555461,99.9911608638651,90.0,91.0,6.181540620333333,6.615894683,7.394944072955703,1.8215675317177558
AUS,Australia,2001,High income,EAS,Western Pacific,19274701.0,27687.7587444103,1550.37390137,99.7112430397977,99.9916171040366,92.0,92.0,6.065983718999999,5.806005485,7.346896205284097,1.8026967252865262
AUS,Australia,2002,High income,EAS,Western Pacific,19495210.0,29080.0439286946,1752.93896484,99.7121919885478,99.9920733442082,92.0,94.0,5.972142245000001,5.513234469,7.469619374629981,1.7871056980470017
AUS,Australia,2003,High income,EAS,Western Pacific,19720737.0,30167.241365541,2227.12768555,99.7343601568019,99.9925295843797,93.0,94.0,5.899477470000001,5.435313943,7.7089169088978675,1.7748637825828355
AUS,Australia,2004,High income,EAS,Western Pacific,19932722.0,31814.504982852,2744.08105469,99.7563424952725,99.9929858245512,92.0,94.0,5.821970745333334,5.130001635,7.917565881627903,1.7616388204625304
AUS,Australia,2005,High income,EAS,Western Pacific,20176844.0,33089.7023501837,2995.87255859,99.7781476301651,99.9934420647228,92.0,94.0,5.714834192666667,4.825447431,8.005324543419542,1.7430652841691476
AUS,Australia,2006,High income,EAS,Western Pacific,20450966.0,34890.2248136693,3174.86865234,99.7997730308655,99.9938983048943,92.0,94.0,5.574297198666667,4.910580817,8.06333646519571,1.7181662463801401
AUS,Australia,2007,High income,EAS,Western Pacific,20827622.0,36708.1660067256,3792.80981445,99.8212480845919,99.9943545450659,92.0,94.0,5.4049991183333335,5.052105545,8.241126021260124,1.687324287970591
AUS,Australia,2008,High income,EAS,Western Pacific,21249199.0,37616.0112400482,4083.42944336,99.8425531204552,99.9948107852374,92.0,94.0,5.210581221999999,4.956033776,8.314937326391076,1.6506914084681852
AUS,Australia,2009,High income,EAS,Western Pacific,21691653.0,40434.4890899118,3989.44116211,99.8636787110095,99.9952670254089,92.0,94.0,4.9947506263333326,5.344341139,8.291657070716697,1.6083874861962482
AUS,Australia,2010,High income,EAS,Western Pacific,22031750.0,39504.361082784,4947.96337891,99.8831426844635,99.9957232655805,92.0,94.0,4.76131289,5.395861133,8.50693341522962,1.560523447439641
AUS,Australia,2011,High income,EAS,Western Pacific,22340024.0,42152.816179831,5876.88525391,99.8919671201613,99.996179505752,92.0,94.0,4.526613148666667,5.821102393,8.678952325507272,1.5099740105648625
AUS,Australia,2012,High income,EAS,Western Pacific,22733465.0,43007.2697824131,6038.87158203,99.9007717329478,99.9966357459236,92.0,94.0,4.308191288,5.809954622,8.706138029449527,1.4605181612795757
AUS,Australia,2013,High income,EAS,Western Pacific,23128129.0,46123.4750962848,5811.86865234,99.9095874586183,99.9970919860951,91.0,94.0,4.119992782,5.896634018,8.667829471942886,1.4158514114181526
AUS,Australia,2014,High income,EAS,Western Pacific,23475686.0,47108.5906459966,6098.25439453,99.9614825180861,99.9975482262667,92.0,94.0,3.9732907206666663,5.978974604,8.71592181228574,1.3795946482471548
AUS,Australia,2015,High income,EAS,Western Pacific,23815995.0,46464.5867627929,5271.93310547,99.9700064923964,99.9980044664382,93.0,95.0,3.875615852333333,5.90066291,8.570342053212563,1.3547045798117425
AUS,Australia,2016,High income,EAS,Western Pacific,24190907.0,47446.2103030951,5418.43652344,99.9699685481919,99.9984607066097,94.0,95.0,3.819970228,5.928922082,8.597747126564276,1.3402426288708351
AUS,Australia,2017,High income,EAS,Western Pacific,24592588.0,48564.8286592372,5770.69042969,99.9699329598972,99.9989169467813,95.0,94.0,3.7938786726666662,5.628509571,8.660720285345615,1.3333888922631327
AUS,Australia,2018,High income,EAS,Western Pacific,24963258.0,50371.233830782,5843.64794922,99.9698940747082,99.9993731869528,95.0,94.0,3.783787882333333,5.353110927,8.673281640992117,1.3307255931525883
AUS,Australia,2019,High income,EAS,Western Pacific,25334826.0,52885.8313816377,5543.37841797,99.9698532048744,99.9998294271244,95.0,94.0,3.778562754333333,5.293545524,8.620539795749918,1.3293437136067885
AUS,Australia,2020,High income,EAS,Western Pacific,25649248.0,54184.1614486854,5968.00341797,99.9698157102474,100.0,95.0,93.0,3.7671712246666655,5.138639481,8.69433526078869,1.3263243815305499
AUS,Australia,2021,High income,EAS,Western Pacific,25685412.0,58327.4146842325,7092.13476563,99.9697732704149,100.0,95.0,93.0,3.744201990666667,4.325178745,8.866882660828445,1.3202085076586454
AUS,Australia,2022,High income,EAS,Western Pacific,26018721.0,66103.1797066957,6723.98242188,99.9697269040604,100.0,94.0,96.0,3.708591883333333,3.595333967,8.813584590619783,1.3106522583020885
AUT,Austria,2000,High income,ECS,Europe,8011566.0,29220.9853040358,2301.89208984,99.9999997318786,99.9999792345879,81.0,75.0,5.490571364,6.665353712,7.741921042378993,1.7030323236945015
AUT,Austria,2001,High income,ECS,Europe,8042293.0,29553.2333509767,2315.42285156,100.0,99.9999909725854,84.0,79.0,5.395108714999999,6.160695651,7.747779400421262,1.6854927495728695
AUT,Austria,2002,High income,ECS,Europe,8081957.0,30952.1708232398,2531.61938477,100.0,100.0,83.0,78.0,5.296856171666668,6.145526139,7.837009376085771,1.6671134694028582
AUT,Austria,2003,High income,ECS,Europe,8121423.0,31958.8592412083,3122.31201172,100.0,99.9983790003902,84.0,79.0,5.178609584,6.253096073,8.04664925998396,1.644536600163055
AUT,Austria,2004,High income,ECS,Europe,8171966.0,33518.5160023521,3606.77856445,100.0,99.996535576376,83.0,74.0,5.042494381666667,5.583304804,8.190847505809616,1.6179008766496084
AUT,Austria,2005,High income,ECS,Europe,8227829.0,34776.6699535218,3720.02441406,100.0,99.9947064734973,86.0,75.0,4.8981144206666665,5.938012275,8.221754289480701,1.5888503189485579
AUT,Austria,2006,High income,ECS,Europe,8268641.0,37388.0795380765,3899.90722656,99.9999993859507,99.9928944921009,83.0,80.0,4.756358037666667,5.620922618,8.268964427260261,1.5594822572538045
AUT,Austria,2007,High income,ECS,Europe,8295487.0,39192.372452379,4484.81640625,99.9999988465267,99.9911017476995,85.0,79.0,4.634301779666667,5.669461391,8.408675788306418,1.5334855468217308
AUT,Austria,2008,High income,ECS,Europe,8321496.0,41046.7900352112,5080.83740234,99.9999991552281,99.9893276003394,83.0,83.0,4.535230602333333,5.535117003,8.533428168551263,1.5118759317414172
AUT,Austria,2009,High income,ECS,Europe,8343323.0,40686.6736355681,4939.75878906,99.999999017009,99.9875707536701,83.0,76.0,4.436602009333334,5.895548546,8.505274199410831,1.4898887702292616
AUT,Austria,2010,High income,ECS,Europe,8363404.0,41735.4574798744,4815.26953125,100.0,99.9858335152594,86.0,80.0,4.317991589666667,6.10540285,8.479754951213744,1.4627903843525685
AUT,Austria,2011,High income,ECS,Europe,8391643.0,44171.5618687028,5191.92333984,100.0,99.9841152637766,89.0,84.0,4.182046554333334,6.218460226,8.555052081524689,1.4308007330184487
AUT,Austria,2012,High income,ECS,Europe,8429991.0,46156.4832073037,4983.67724609,100.0,99.982312100595,92.0,88.0,4.041829744666667,5.985591988,8.51412393528284,1.3966974965373067
AUT,Austria,2013,High income,ECS,Europe,8479823.0,47519.8522796571,5251.96826172,99.9999971905454,99.9804519832307,95.0,92.0,3.910836065,6.088971128,8.566548579001577,1.3637511785051903
AUT,Austria,2014,High income,ECS,Europe,8546356.0,48355.4977624407,5418.47558594,100.0,99.9785877606259,98.0,96.0,3.795915141,6.52484725,8.597754334390967,1.3339255256506006
AUT,Austria,2015,High income,ECS,Europe,8642699.0,49549.3162311441,4649.59667969,100.0,99.9767095192409,93.0,96.0,3.7064210916666656,6.571350542,8.444750808562228,1.3100667457113477
AUT,Austria,2016,High income,ECS,Europe,8736668.0,52397.8635176674,4758.89892578,100.0,99.9748167576783,87.0,95.0,3.641122968,6.486709795,8.467981712920187,1.2922921417622442
AUT,Austria,2017,High income,ECS,Europe,8797566.0,53869.8321183556,4999.86962891,99.9999980909991,99.9729077052186,90.0,96.0,3.589054054,6.294112825,8.517367102074902,1.2778886730718368
AUT,Austria,2018,High income,ECS,Europe,8840521.0,56636.4953030542,5394.55908203,100.0,99.9728166060806,85.0,94.0,3.542555467333333,6.930696284,8.593331501985704,1.264848350140664
AUT,Austria,2019,High income,ECS,Europe,8879920.0,60354.9279422121,5313.19287109,99.9999997360902,99.9727130295408,88.0,95.0,3.488093166,6.606055138,8.578136420559497,1.2493552161257957
AUT,Austria,2020,High income,ECS,Europe,8916864.0,58523.0337816246,5569.84130859,99.9999975918171,99.9726022326155,85.0,95.0,3.415254354,5.552341512,8.625301364350339,1.228251971654715
AUT,Austria,2021,High income,ECS,Europe,8955797.0,62968.9422311892,6554.14257813,100.0,99.9724908948366,86.0,99.0,3.325104088,5.962358426,8.78800514701083,1.2015009782794908
AUT,Austria,2022,High income,ECS,Europe,9041851.0,72065.4974270106,5897.97607422,99.999997328228,99.9723650796655,84.0,95.0,3.2247603053333336,7.450681009,8.68253406809046,1.1708586235579272
AZE,Azerbaijan,2000,Upper middle income,ECS,Europe,8048600.0,3439.14442872326,19.01968193,75.5627604174925,68.3537161993918,76.0,67.0,74.007473009125,46.17344277,2.9967158861484777,4.304166074715162
AZE,Azerbaijan,2001,Upper middle income,ECS,Europe,8111200.0,3834.89815906415,19.19010162,76.4735701189235,69.4110838151646,77.0,68.0,68.980313888,45.08674657,3.0051924654968247,4.2338211579187535
AZE,Azerbaijan,2002,Upper middle income,ECS,Europe,8171950.0,4230.40590214072,20.45606041,77.3859207363957,70.4645166968746,76.0,66.0,64.09860965925,40.4001543,3.0660071420648145,4.160422673508082
AZE,Azerbaijan,2003,Upper middle income,ECS,Europe,8234100.0,4718.42112339403,23.62244987,78.3004156072873,71.514349403103,77.0,67.0,59.552699933625,41.31087553,3.2036586231169126,4.086861633709299
AZE,Azerbaijan,2004,Upper middle income,ECS,Europe,8306500.0,5247.53834365156,27.1906395,79.2166351690635,72.5604073968308,77.0,67.0,55.457261410125,39.64947489,3.3389899902181277,4.015612659417845
AZE,Azerbaijan,2005,Upper middle income,ECS,Europe,8391850.0,6854.93618778844,34.35204697,80.1342105544124,73.9007809135916,75.0,67.0,51.809653241125,39.74410848,3.565356296465257,3.947576487909588
AZE,Azerbaijan,2006,Upper middle income,ECS,Europe,8484550.0,9398.01324794263,49.87102127,81.0533923471331,75.2446071207106,78.0,69.0,48.479151240625,33.47457867,3.929293434709425,3.881133834194952
AZE,Azerbaijan,2007,Upper middle income,ECS,Europe,8581300.0,11973.9596323536,74.65649414,81.9743802928687,76.5920244999871,79.0,75.0,45.442956748875,33.14765985,4.3262032810971895,3.8164578415934063
AZE,Azerbaijan,2008,Upper middle income,ECS,Europe,8763400.0,13216.8434974432,111.88427734,82.8965426494473,77.9427910031062,81.0,79.0,42.65708250075,30.28849413,4.726363199633164,3.753193321129988
AZE,Azerbaijan,2009,Upper middle income,ECS,Europe,8947243.0,14245.503536619,135.40127563,83.8200869435287,79.2970479678594,81.0,85.0,40.09340118725,29.2675292,4.915601097491731,3.691211761849772
AZE,Azerbaijan,2010,Upper middle income,ECS,Europe,9054332.0,14930.4099928423,153.0665741,84.7487471999046,80.6565618814243,81.0,89.0,37.67829066725,28.32534197,5.037384808349835,3.6290840842218923
AZE,Azerbaijan,2011,Upper middle income,ECS,Europe,9173082.0,14804.5744507911,184.93493652,85.6816333472465,82.0209823776921,82.0,88.0,35.366232443625,27.49895767,5.225396808861717,3.5657574791278694
AZE,Azerbaijan,2012,Upper middle income,ECS,Europe,9295784.0,15994.1466501837,234.60324097,86.6181028034085,83.3900771954371,79.0,86.0,33.213638082875,28.09555776,5.462149207922204,3.5029605772018906
AZE,Azerbaijan,2013,Upper middle income,ECS,Europe,9416801.0,17267.5118919538,251.67863464,87.5577162731315,84.7637227824749,78.0,86.0,31.236255444875,23.86968697,5.532118462501575,3.4415794536666886
AZE,Azerbaijan,2014,Upper middle income,ECS,Europe,9535079.0,17563.6122454385,280.22314453,88.4995796810973,86.1415854877427,78.0,85.0,29.4471314495,22.71932245,5.639148462843985,3.3825965012618284
AZE,Azerbaijan,2015,Upper middle income,ECS,Europe,9649341.0,15075.2726347911,236.25979614,89.4430394265685,87.5234598194959,79.0,84.0,27.7910692945,21.41092093,5.469155727006423,3.32471472068599
AZE,Azerbaijan,2016,Upper middle income,ECS,Europe,9757812.0,14535.8020210633,169.69596863,90.3873981119226,88.9091129023182,78.0,81.0,26.278896511,22.33863649,5.139884012825559,3.2687662030468423
AZE,Azerbaijan,2017,Upper middle income,ECS,Europe,9854033.0,14315.9296431061,167.01565552,91.3319756877674,90.2983404004094,76.0,80.0,24.904343290125,21.88029327,5.12405716268061,3.2150422175819258
AZE,Azerbaijan,2018,Upper middle income,ECS,Europe,9939771.0,15282.9995232298,180.03610229,92.2760684532057,91.6909287439115,74.0,77.0,23.601753344,20.69599771,5.198696471542037,3.161321003509172
AZE,Azerbaijan,2019,Upper middle income,ECS,Europe,10024283.0,16675.3179361558,199.25746155,93.2188338102912,93.0865984611418,74.0,78.0,22.426443976375,21.02195525,5.2996038464278215,3.110240797237488
AZE,Azerbaijan,2020,Upper middle income,ECS,Europe,10093121.0,15163.5703327282,245.21949768,94.1597003364215,94.4852164889199,56.0,61.0,21.322615292625,21.09161231,5.506223405090672,3.0597682602840925
AZE,Azerbaijan,2021,Upper middle income,ECS,Europe,10137750.0,20111.3756952109,250.9887085,95.0977447085139,95.8663117734363,49.0,66.0,20.357315245125,54.79307423,5.529384278967853,3.013440318799116
AZE,Azerbaijan,2022,Upper middle income,ECS,Europe,10141756.0,22552.0886560523,261.44659424,96.0035655798849,96.9106527966691,51.0,71.0,19.420042801375,31.7196286,5.57004761081853,2.9663056668450447
BDI,Burundi,2000,Low income,SSF,Africa,6470194.0,519.237306665577,5.67927122,49.9050035081871,45.8832028889367,80.0,72.0,153.639534635625,860.2217588,1.899008882794452,5.034609174545917
BDI,Burundi,2001,Low income,SSF,Africa,6634365.0,528.435573413436,7.50815582,50.6076370665848,45.9762261657477,81.0,73.0,148.466297960625,798.8616264,2.141025211697785,5.000357982725659
BDI,Burundi,2002,Low income,SSF,Africa,6824132.0,544.922790017055,6.46998882,51.3135864667635,46.0714530473161,81.0,75.0,142.992744803,743.4967588,2.010893502490326,4.962793893329454
BDI,Burundi,2003,Low income,SSF,Africa,7043154.0,531.812612194556,5.87316799,52.0224447392286,46.1690271798233,82.0,76.0,137.267757233,704.7974042,1.9276251338602637,4.921933450767744
BDI,Burundi,2004,Low income,SSF,Africa,7310656.0,551.562209243605,8.88248062,52.7341459347256,46.0744530371063,83.0,78.0,130.958560769375,686.6136056,2.2907635551445344,4.8748809431534905
BDI,Burundi,2005,Low income,SSF,Africa,7587299.0,553.047973759863,11.13118172,53.4486364755219,45.9780778470214,87.0,87.0,124.059351957,685.0823579,2.4957791394803945,4.820760095905663
BDI,Burundi,2006,Low income,SSF,Africa,7865547.0,579.707804423789,14.10514736,54.1661932522389,45.8797490696037,92.0,92.0,116.778937436875,670.4769913,2.7150355705010787,4.760282723968946
BDI,Burundi,2007,Low income,SSF,Africa,8161874.0,593.560734529723,15.26294613,54.8864129509112,45.7793823625363,99.0,88.0,109.653493363125,654.5402009,2.788889276513843,4.69732533357323
BDI,Burundi,2008,Low income,SSF,Africa,8505637.0,609.042906461819,14.67025566,55.6098997229937,45.6767816936833,92.0,84.0,102.8093142515,634.565699,2.751764371486911,4.632875954475968
BDI,Burundi,2009,Low income,SSF,Africa,8947646.0,604.588154080249,18.31996346,56.3355825265759,45.5719158266356,94.0,91.0,96.56442823275,612.3844625,2.9611389374782355,4.57021043564609
BDI,Burundi,2010,Low income,SSF,Africa,9376444.0,613.695880049889,24.45114708,57.0647160568921,45.4645083129414,96.0,92.0,90.726996520625,614.3620533,3.236760813886521,4.50785495914661
BDI,Burundi,2011,Low income,SSF,Africa,9717978.0,628.665448296178,23.16802216,57.7968901680733,45.354450786345,96.0,93.0,85.218501469375,597.0471545,3.1850303609988795,4.4452185636573045
BDI,Burundi,2012,Low income,SSF,Africa,10071028.0,637.247080191101,20.01195908,58.5316929409599,45.2416177840798,96.0,93.0,80.148485197875,575.0948226,3.045091755631224,4.383880979287131
BDI,Burundi,2013,Low income,SSF,Africa,10439341.0,687.370968311715,20.26322556,59.2700188901238,45.125751746761,96.0,98.0,75.426709604,555.3503769,3.0569790810668738,4.3231614510660075
BDI,Burundi,2014,Low income,SSF,Africa,10799785.0,724.371954183273,18.06601143,60.0108002103421,45.0067757440714,95.0,94.0,71.26294509875001,533.3764147,2.9479072435676925,4.266376488242422
BDI,Burundi,2015,Low income,SSF,Africa,11047580.0,722.032898379933,17.67629051,60.754598685409,44.8844503584829,94.0,93.0,67.522037330125,525.2421856,2.927254832245794,4.212454023560639
BDI,Burundi,2016,Low income,SSF,Africa,11239451.0,764.282221636916,18.59472847,61.5013152508053,44.7585847024572,94.0,93.0,64.34398405512499,500.5107082,2.97526057444918,4.164243441795026
BDI,Burundi,2017,Low income,SSF,Africa,11506762.0,791.393494929898,19.16676521,62.2508547109649,44.6289841238283,91.0,90.0,61.457459951375,481.7360508,3.0040359628030284,4.11834522736432
BDI,Burundi,2018,Low income,SSF,Africa,11859446.0,823.013102241659,18.67819214,63.0031105309043,44.4954380894811,90.0,88.0,58.95702693225,463.5457712,2.9795110245995837,4.076808821444324
BDI,Burundi,2019,Low income,SSF,Africa,12255336.0,868.423731660834,22.2435379,63.7579908768374,44.3577388229315,93.0,92.0,56.634829830625,449.4414822,3.1460271536159987,4.036624163980113
BDI,Burundi,2020,Low income,SSF,Africa,12617036.0,958.135599490084,26.21934319,64.4028716190814,44.4548070620661,93.0,90.0,54.60615116325,440.9910814,3.3039278672481385,4.000146535072931
BDI,Burundi,2021,Low income,SSF,Africa,12965481.0,1035.53857384938,23.11420059,65.0493033882129,44.5545225988873,94.0,90.0,52.64444904025,446.8201843,3.182800903064768,3.9635608016874277
BDI,Burundi,2022,Low income,SSF,Africa,13321097.0,1104.77718764878,25.52155113,65.6975597350143,44.6569603684061,91.0,89.0,50.799011858250005,412.286521,3.2779576526721,3.927876902785999
BEL,Belgium,2000,High income,ECS,Europe,10251250.0,27794.0511630862,1849.91601563,99.9999953394811,99.484629951934,95.0,82.0,5.863264892,8.017304448,7.523435939113019,1.7687065972446112
BEL,Belgium,2001,High income,ECS,Europe,10286570.0,28793.5142643594,1879.93457031,99.9999973086871,99.4847964563623,95.0,82.0,5.662269128666666,7.642814745,7.539524044171846,1.733824717998556
BEL,Belgium,2002,High income,ECS,Europe,10332785.0,30282.2886450283,2084.7199707,100.0,99.4849653278491,95.0,82.0,5.480642759999999,7.278691549,7.642869384315482,1.7012223860525617
BEL,Belgium,2003,High income,ECS,Europe,10376133.0,30930.6283334744,2822.50341797,99.9999968589093,99.4851241629527,95.0,82.0,5.313606536,6.919716744,7.94573373965581,1.670270801690778
BEL,Belgium,2004,High income,ECS,Europe,10421137.0,32059.6878637798,3322.28857422,100.0,99.4852911508851,95.0,82.0,5.160037026333334,6.644572712,8.108710106058663,1.6409437551137214
BEL,Belgium,2005,High income,ECS,Europe,10478617.0,33177.8909458158,3415.64599609,100.0,99.4854588007365,97.0,88.0,5.0209820333333335,6.626092998,8.136414645955266,1.6136255387417118
BEL,Belgium,2006,High income,ECS,Europe,10547958.0,35251.4450697593,3547.06835938,100.0,99.4856201119658,98.0,92.0,4.893964954,6.440616583,8.174158610261902,1.5880028039813538
BEL,Belgium,2007,High income,ECS,Europe,10625700.0,36798.1918857259,4066.2121582,100.0,99.4857808585944,98.0,92.0,4.775822867,6.737012927,8.310713070319935,1.5635662872534397
BEL,Belgium,2008,High income,ECS,Europe,10709973.0,37883.3319417819,4656.04150391,99.9999989331379,99.4859416700664,99.0,93.0,4.6602672426666665,6.352835952,8.446135655098558,1.5390727947049396
BEL,Belgium,2009,High income,ECS,Europe,10796493.0,37905.658312629,4755.80859375,100.0,99.4861064041689,98.0,95.0,4.550592726333334,6.255525024,8.467332258866403,1.5152574940023311
BEL,Belgium,2010,High income,ECS,Europe,10895586.0,39839.9772772918,4626.02685547,100.0,99.4861236387516,98.0,95.0,4.450206457,6.145077771,8.439669792968392,1.4929504899334027
BEL,Belgium,2011,High income,ECS,Europe,11038264.0,41244.8495035213,4990.35595703,100.0,99.4861332173528,98.0,95.0,4.361423983000001,5.857665324,8.515462886708082,1.4727986056437532
BEL,Belgium,2012,High income,ECS,Europe,11106932.0,42483.5250666788,4763.93505859,100.0,99.4861435479371,99.0,96.0,4.280917658333333,5.331919068,8.469039187158073,1.454167392764639
BEL,Belgium,2013,High income,ECS,Europe,11159407.0,43864.1204196838,5005.64990234,100.0,99.4861501236866,99.0,96.0,4.208681109666666,5.521735413,8.518522288243611,1.4371493229996157
BEL,Belgium,2014,High income,ECS,Europe,11209057.0,45147.6429534057,5110.17333984,100.0,99.4861618443076,99.0,96.0,4.145891508333333,5.205384012,8.539184273246983,1.4221178458789556
BEL,Belgium,2015,High income,ECS,Europe,11274196.0,46071.914889496,4465.45556641,99.9999977589531,99.4861641764678,99.0,96.0,4.096691557,5.068590876,8.404350434902552,1.4101797106440208
BEL,Belgium,2016,High income,ECS,Europe,11331422.0,48414.5518065681,4569.640625,99.9999981505316,99.4861721928964,98.0,96.0,4.0593571656666665,4.835041322,8.427408654589042,1.401024627497918
BEL,Belgium,2017,High income,ECS,Europe,11375158.0,50256.0631772784,4827.59326172,100.0,99.4861854185217,98.0,96.0,4.023684165,4.732783542,8.482310454063562,1.392197941894046
BEL,Belgium,2018,High income,ECS,Europe,11427054.0,52466.7330784599,5233.68261719,99.9999964912518,99.4861848733706,98.0,96.0,3.9794649023333335,4.677602207,8.563061494377916,1.3811473636076692
BEL,Belgium,2019,High income,ECS,Europe,11488980.0,56712.469571978,5087.45654297,100.0,99.4861954289203,97.0,96.0,3.921703174,4.32072876,8.534729830351832,1.366526042605158
BEL,Belgium,2020,High income,ECS,Europe,11538604.0,56120.0958420466,5269.40625,100.0,99.4862025266725,98.0,96.0,3.853099780333333,4.151799834,8.569862725850863,1.348877962099084
BEL,Belgium,2021,High income,ECS,Europe,11586195.0,60669.2137746531,5847.17333984,99.9999987625062,99.486206436114,98.0,96.0,3.773117136,7.336515867,8.673884641865845,1.3279014863523682
BEL,Belgium,2022,High income,ECS,Europe,11680210.0,69128.1388883843,5487.59277344,100.0,99.4862152277247,98.0,96.0,3.687873042333333,10.76051149,8.610427176225835,1.3050498805718023
BEN,Benin,2000,Lower middle income,SSF,Africa,7221619.0,1671.35725172854,14.42371464,61.053428974703,8.52812393636387,78.0,70.0,136.04632919175,529.469584,2.735906236659699,4.912995483547722
BEN,Benin,2001,Lower middle income,SSF,Africa,7445596.0,1745.98256227696,16.26979828,61.4110451186381,8.93975126867492,76.0,68.0,132.77503806675,532.4616217,2.8489592117197864,4.888656253009608
BEN,Benin,2002,Lower middle income,SSF,Africa,7675426.0,1799.88269639499,16.9179287,61.7826864714812,9.37391256843619,75.0,66.0,129.561987247375,534.3912685,2.885801814928715,4.864159432618461
BEN,Benin,2003,Lower middle income,SSF,Africa,7913070.0,1841.60297283874,21.06955719,62.177768242791,9.83877331929082,73.0,65.0,126.43773901275,532.2720805,3.0941991561797324,4.839750005289005
BEN,Benin,2004,Lower middle income,SSF,Africa,8159094.0,1915.34644346381,24.52665329,62.5694755970266,10.3155921363995,72.0,63.0,123.44105872825,530.5896076,3.23972313335374,4.815763784883403
BEN,Benin,2005,Lower middle income,SSF,Africa,8426144.0,1945.56414052296,25.12485313,62.9572986699117,10.8039533008181,70.0,61.0,120.572073648875,514.176213,3.26288708845099,4.792247695694726
BEN,Benin,2006,Lower middle income,SSF,Africa,8693242.0,2020.60567734722,26.60264206,63.3414202893598,11.3039620341641,74.0,66.0,117.872179583875,509.4485935,3.31791149495318,4.769600813489207
BEN,Benin,2007,Lower middle income,SSF,Africa,8953969.0,2135.53787873721,26.79680061,63.722003378885,11.8157291558234,82.0,70.0,115.349462378,500.8453953,3.3249209281024696,4.747966323819997
BEN,Benin,2008,Lower middle income,SSF,Africa,9228466.0,2215.35163859542,28.12486076,64.0987736405784,12.3390077692944,75.0,66.0,112.92475279225,563.3792299,3.3715921311019046,4.726721692406104
BEN,Benin,2009,Lower middle income,SSF,Africa,9509423.0,2213.32895620809,29.69425583,64.471280030876,12.8733600744969,79.0,71.0,110.611257567625,597.9590022,3.4240755305718857,4.706021870234081
BEN,Benin,2010,Lower middle income,SSF,Africa,9797484.0,2220.32854611489,29.37720871,64.8398943690565,13.4190757934874,76.0,68.0,108.326000767375,606.7153638,3.413692613749635,4.6851452061466485
BEN,Benin,2011,Lower middle income,SSF,Africa,10093623.0,2264.84186926384,31.76816368,65.2045676976255,13.9760843860142,75.0,70.0,106.097499621,613.3767351,3.4894574245217544,4.664358479093427
BEN,Benin,2012,Lower middle income,SSF,Africa,10397657.0,2346.08416204547,32.95616913,65.5652472683148,14.5443123134086,80.0,74.0,103.819775773375,617.8774539,3.525070549720897,4.642656470633458
BEN,Benin,2013,Lower middle income,SSF,Africa,10708834.0,2511.65309588333,33.53426743,65.9215151449037,15.1233051054282,77.0,68.0,101.560910628,607.1691818,3.541952089922726,4.620658723200376
BEN,Benin,2014,Lower middle income,SSF,Africa,11030004.0,2670.41561399187,32.41182327,66.2745990254867,15.7143302277075,74.0,65.0,99.3064025905,605.1760492,3.508909827462695,4.598210046218279
BEN,Benin,2015,Lower middle income,SSF,Africa,11360681.0,2725.33724817144,27.34733391,66.6240261475915,16.3169481534553,74.0,67.0,97.080903433375,606.4238477,3.3445329837762285,4.575544686886123
BEN,Benin,2016,Lower middle income,SSF,Africa,11697842.0,2842.0246258376,36.58565903,66.9697053582587,16.9310972411709,78.0,68.0,94.933826398875,604.1792932,3.6266225688644256,4.553180084664597
BEN,Benin,2017,Lower middle income,SSF,Africa,12039780.0,2885.89383987721,38.75862122,67.3115299235489,17.5567124078682,76.0,65.0,92.694270532125,591.6453425,3.682826703621701,4.529306664104262
BEN,Benin,2018,Lower middle income,SSF,Africa,12383347.0,2965.30628143664,39.54786301,67.6494113960798,18.1937303852969,74.0,61.0,90.401320419375,585.4842368,3.702483079049417,4.504258873700474
BEN,Benin,2019,Lower middle income,SSF,Africa,12726755.0,3148.97969597838,33.9457283,67.9832516982572,18.8420840944928,72.0,58.0,87.96514363,572.1479506,3.5537962380339927,4.47694064089818
BEN,Benin,2020,Lower middle income,SSF,Africa,13070169.0,3244.58772756805,36.62052536,68.3129505616936,19.501704357901,70.0,54.0,85.50477265262501,577.7173435,3.6275497886876567,4.448572194883346
BEN,Benin,2021,Lower middle income,SSF,Africa,13413417.0,3464.2886286745,38.45053101,68.6381245479094,20.1721169387367,70.0,53.0,83.01344260475,583.5752638,3.6750475075308247,4.419002553776013
BEN,Benin,2022,Lower middle income,SSF,Africa,13759501.0,3844.15415745816,37.76291275,68.9589815769274,20.853650768615,69.0,52.0,80.403143015875,547.0724406,3.657463932547883,4.38705326765809
BFA,Burkina Faso,2000,Low income,SSF,Africa,11925546.0,896.477481510815,10.00902748,55.6390919539438,8.8416258208353,45.0,48.0,178.0540640275,524.2875523,2.3987156162246728,5.1820872346668905
BFA,Burkina Faso,2001,Low income,SSF,Africa,12295001.0,947.919374676953,10.27519512,55.8329037014079,9.13087025476494,62.0,63.0,173.917720599625,512.6841868,2.42260519078224,5.1585823172591
BFA,Burkina Faso,2002,Low income,SSF,Africa,12680897.0,973.983933383218,11.93992615,55.6114304370044,10.0598427351821,69.0,64.0,169.292245945,507.8384045,2.560317581946732,5.131626487410939
BFA,Burkina Faso,2003,Low income,SSF,Africa,13082532.0,1037.83799374653,16.02656555,55.3903115715643,11.0080883489168,79.0,76.0,164.206779683125,495.4221537,2.834774803755024,5.101126485344547
BFA,Burkina Faso,2004,Low income,SSF,Africa,13500533.0,1079.00009142751,21.12279129,55.1712862578843,11.9759949734472,79.0,78.0,158.5196591875,480.9668918,3.096608357210212,5.065878618354619
BFA,Burkina Faso,2005,Low income,SSF,Africa,13932123.0,1171.76432319587,21.34285545,54.9540483069105,12.9610876994314,82.0,84.0,152.25538713375,466.8957229,3.106506603288631,5.0255592894369325
BFA,Burkina Faso,2006,Low income,SSF,Africa,14373707.0,1244.00243844319,23.55202866,54.7404102452083,13.9636797865369,86.0,88.0,145.665059387375,463.2382991,3.2007944846350984,4.981309872412659
BFA,Burkina Faso,2007,Low income,SSF,Africa,14816307.0,1290.49951017424,29.72483063,54.4775122533974,14.9188541884319,89.0,94.0,138.97689178874998,452.9830577,3.4250711429877594,4.934307673186172
BFA,Burkina Faso,2008,Low income,SSF,Africa,15258093.0,1351.36041569133,30.76880074,54.1709291046909,15.8385590424802,93.0,94.0,132.664243594375,428.5628399,3.458484699378828,4.887821452085525
BFA,Burkina Faso,2009,Low income,SSF,Africa,15710066.0,1359.69224907302,31.26260567,53.8607620569165,16.7713190117343,92.0,94.0,126.773990181,419.2835891,3.473908840359012,4.842405896206645
BFA,Burkina Faso,2010,Low income,SSF,Africa,16176498.0,1449.42216382921,33.05819321,53.5481792484168,17.717348101652,91.0,92.0,121.482903223,403.8874477,3.5280706265579616,4.799773538665438
BFA,Burkina Faso,2011,Low income,SSF,Africa,16661908.0,1531.34338243982,33.70409393,53.2337210751368,18.6760821491649,91.0,89.0,116.79526901025,387.588149,3.5468576606852817,4.7604225645245455
BFA,Burkina Faso,2012,Low income,SSF,Africa,17172287.0,1571.83884477315,33.66717529,52.9175711215547,19.6465931645733,90.0,87.0,112.53043939,376.0371532,3.545793282192556,4.723223757401932
BFA,Burkina Faso,2013,Low income,SSF,Africa,17695409.0,1642.89213125776,42.26796341,52.6002657451869,20.6283173579476,88.0,82.0,108.52790601075,361.2648174,3.767412486108076,4.687007338166474
BFA,Burkina Faso,2014,Low income,SSF,Africa,18229461.0,1661.31773793757,38.24516678,52.2827255201391,21.6210077487698,91.0,88.0,104.69739767575,344.1514555,3.6698282972830873,4.65107426251268
BFA,Burkina Faso,2015,Low income,SSF,Africa,18777487.0,1691.57935387408,32.3375206,51.9651331528119,22.623723352134,91.0,88.0,101.046258573375,327.8497586,3.506683507430701,4.615578417665653
BFA,Burkina Faso,2016,Low income,SSF,Africa,19334856.0,1881.75893134407,39.50990677,51.6480569278797,23.6358671659231,91.0,88.0,97.622032809125,313.020797,3.701546555804891,4.581103213937387
BFA,Burkina Faso,2017,Low income,SSF,Africa,19894407.0,2042.40295259917,43.37775803,51.3308302109352,24.6558918981723,91.0,88.0,94.260531411625,298.3775296,3.792738398652908,4.546062559201155
BFA,Burkina Faso,2018,Low income,SSF,Africa,20438288.0,2073.3235382155,38.48573303,51.0143648746902,25.6835548762607,91.0,88.0,91.19412430875,286.0762089,3.675939417548653,4.512990468565669
BFA,Burkina Faso,2019,Low income,SSF,Africa,20961952.0,2232.16282016585,41.06895828,50.6996167671279,26.7185691114763,91.0,88.0,88.205771666375,274.2498146,3.7393101357080254,4.479672399266022
BFA,Burkina Faso,2020,Low income,SSF,Africa,21478690.0,2380.72282781802,57.17589188,50.3862637931321,27.7597483878875,91.0,88.0,85.235099191625,334.0545058,4.063471040054937,4.445413311345098
BFA,Burkina Faso,2021,Low income,SSF,Africa,21995243.0,2486.43093147762,63.59171295,50.0752719507407,28.8068022658045,91.0,88.0,82.427733075875,354.0519257,4.168086120051911,4.411921946744435
BFA,Burkina Faso,2022,Low income,SSF,Africa,22509038.0,2645.24067996611,64.38339996,49.7662606215165,29.8585926182987,91.0,88.0,79.837630536875,316.2672675,4.180268403002992,4.379994953918468
BGD,Bangladesh,2000,Lower middle income,SAS,South-East Asia,134544304.0,1511.90500588844,8.27585602,94.5566591015105,23.694677075884,82.0,74.0,85.377021788875,522.6529523,2.2274148974961934,4.447076998885813
BGD,Bangladesh,2001,Lower middle income,SAS,South-East Asia,136805810.0,1597.58740614435,8.10025787,94.7286986016594,25.1767692981385,85.0,77.0,80.097447321,494.798851,2.2083027504839463,4.383243984914812
BGD,Bangladesh,2002,Lower middle income,SAS,South-East Asia,138933658.0,1658.80230934569,9.05402279,94.9052687199245,26.6816894127761,83.0,75.0,75.25031923374999,465.2857233,2.307972832027313,4.320820145928956
BGD,Bangladesh,2003,Lower middle income,SAS,South-East Asia,140970351.0,1746.12725782298,9.98434258,95.0805824631407,28.1772949701868,87.0,76.0,70.839017716125,435.6746223,2.396470856981488,4.260409946586494
BGD,Bangladesh,2004,Lower middle income,SAS,South-East Asia,142902856.0,1861.51256285455,10.78997898,95.2545490019723,29.6630423579707,99.0,81.0,66.835725393375,406.0547828,2.467249931680854,4.202237748860086
BGD,Bangladesh,2005,Lower middle income,SAS,South-East Asia,144715786.0,2019.73839563431,11.31403732,95.4615869207047,31.4358349503108,93.0,88.0,63.147155835875,377.5322521,2.5107398571811936,4.145467809553824
BGD,Bangladesh,2006,Lower middle income,SAS,South-East Asia,146405973.0,2195.29485460994,12.05988026,95.6665612927773,33.2264398318266,94.0,83.0,59.78550594175,352.3234485,2.569544955352962,4.090763256022864
BGD,Bangladesh,2007,Lower middle income,SAS,South-East Asia,147989278.0,2388.10025160357,14.03898716,95.8693613830189,35.0339772895148,94.0,89.0,56.684209953375,334.0855608,2.71064597316894,4.037495687882358
BGD,Bangladesh,2008,Lower middle income,SAS,South-East Asia,149474264.0,2554.85788238719,15.5619669,96.0698868772065,36.8575848438424,96.0,92.0,53.838984990625,310.0428781,2.807108916058612,3.985997832830106
BGD,Bangladesh,2009,Lower middle income,SAS,South-East Asia,150873714.0,2675.25945926785,17.7030201,96.2680515706038,38.6964226448975,97.0,93.0,51.2425922455,292.7508784,2.928685013494185,3.936571066020161
BGD,Bangladesh,2010,Lower middle income,SAS,South-East Asia,152201981.0,2833.69544368864,20.62105751,96.4638392169857,40.550092213975,94.0,88.0,48.886147559875,274.6342259,3.073667724520849,3.8894940753650378
BGD,Bangladesh,2011,Lower middle income,SAS,South-East Asia,153591076.0,3051.26983271811,22.77348328,96.6571382365005,42.417588032588,96.0,93.0,46.724467293,258.3330195,3.1685708116541065,3.844267952377759
BGD,Bangladesh,2012,Lower middle income,SAS,South-East Asia,155070101.0,3434.27815090447,23.43771553,96.8477733718652,44.2975869340688,94.0,88.0,44.671378889375,244.1808988,3.1961276573486352,3.7993330032416504
BGD,Bangladesh,2013,Lower middle income,SAS,South-East Asia,156532141.0,3691.10431102117,26.96918297,97.035648544406,46.1890615570129,96.0,91.0,42.68605495025,230.4086928,3.331103295846927,3.7538722849337183
BGD,Bangladesh,2014,Lower middle income,SAS,South-East Asia,157964929.0,3972.50647733491,29.91152382,97.220803624287,48.091854377096,97.0,94.0,40.720029716625,216.7063553,3.4311290535377528,3.706720102021593
BGD,Bangladesh,2015,Lower middle income,SAS,South-East Asia,159383179.0,4212.23578089428,33.20998764,97.4031438216165,50.0050245547683,98.0,97.0,38.778770019375,203.5367467,3.532517637691582,3.6578729324310353
BGD,Bangladesh,2016,Lower middle income,SAS,South-East Asia,160811932.0,4579.13228682862,39.30647659,97.5826981722131,51.9283001377065,98.0,97.0,36.900495405125,191.0299516,3.696512165469541,3.6082249765695025
BGD,Bangladesh,2017,Lower middle income,SAS,South-East Asia,162186147.0,4882.60692615639,42.17510986,97.7594255729943,53.861024982081,98.0,97.0,35.167935179125,179.041196,3.765264168557589,3.5601347350417654
BGD,Bangladesh,2018,Lower middle income,SAS,South-East Asia,163523103.0,5490.15881865179,44.78892899,97.933316165493,55.8026895798661,98.0,97.0,33.64551055175,167.9323727,3.824042336790746,3.5158796311944887
BGD,Bangladesh,2019,Lower middle income,SAS,South-East Asia,164913055.0,6047.12401504125,45.07677078,98.1043633059551,57.7528738554199,98.0,97.0,32.408325548,157.2116625,3.830308935372991,3.4784153511473934
BGD,Bangladesh,2020,Lower middle income,SAS,South-East Asia,166298024.0,6640.58437331062,49.0274353,98.2725719690138,59.7111659386902,97.0,97.0,31.526903557500003,151.8462478,3.912571560944054,3.4508412625022618
BGD,Bangladesh,2021,Lower middle income,SAS,South-East Asia,167658854.0,7441.06913961254,56.09640121,98.4379436580879,61.6770898454809,97.0,97.0,30.952308128625,193.8906671,4.044741088581166,3.432447572395992
BGD,Bangladesh,2022,Lower middle income,SAS,South-East Asia,169384897.0,8450.54902533941,56.62142181,98.5792972461401,63.6502711298232,97.0,96.0,30.653937977625,130.5189733,4.053894404985405,3.422761136270206
BGR,Bulgaria,2000,High income,ECS,Europe,8170172.0,6424.14537295881,94.51976013,99.7377221618343,85.8270758424306,93.0,89.0,17.46764406666667,18.9128854,4.559333138439296,2.8603502591085626
BGR,Bulgaria,2001,High income,ECS,Europe,8009142.0,6960.28610141959,119.82997894,99.7079288676967,85.8352608493331,94.0,90.0,16.724973312333333,17.13902575,4.794384424744738,2.816903010337882
BGR,Bulgaria,2002,High income,ECS,Europe,7837161.0,7786.40436399963,148.1479187,99.678880786955,85.8462388142112,93.0,92.0,15.930780719,15.16692396,5.00493855645508,2.768253132074459
BGR,Bulgaria,2003,High income,ECS,Europe,7775327.0,8416.40773414609,195.74369812,99.6504220277504,85.8571204076455,96.0,96.0,15.077695575,14.07301875,5.281901856898903,2.7132165375737514
BGR,Bulgaria,2004,High income,ECS,Europe,7716860.0,9200.48242563727,233.11332703,99.6225650156801,85.8679758462279,95.0,95.0,14.178020729333332,13.52404281,5.455805301667598,2.651692929509154
BGR,Bulgaria,2005,High income,ECS,Europe,7658972.0,10291.428291498,267.74139404,99.5952857314263,85.8787353292987,96.0,96.0,13.260955590333332,12.7035669,5.593749556752408,2.584824047797111
BGR,Bulgaria,2006,High income,ECS,Europe,7601022.0,11405.5885694601,294.10891724,99.5685847178938,85.8894058121124,95.0,96.0,12.428933587,11.57520791,5.687344499181267,2.5200271083586405
BGR,Bulgaria,2007,High income,ECS,Europe,7545338.0,12821.840411182,361.23498535,99.5424563841982,85.9000132510858,95.0,96.0,11.813185962666664,10.55346662,5.892293132032608,2.469216362047391
BGR,Bulgaria,2008,High income,ECS,Europe,7492561.0,14346.8484556532,455.54058838,99.5168989901261,85.9105606214377,95.0,96.0,11.432715002999998,9.702992688,6.123677608196486,2.4364789826710718
BGR,Bulgaria,2009,High income,ECS,Europe,7444443.0,14188.1048821302,459.30020142,99.4918883371775,85.921008483856,94.0,96.0,11.145002164333334,9.237289688,6.131878888407284,2.4109911610355104
BGR,Bulgaria,2010,High income,ECS,Europe,7395599.0,14954.2543206827,484.75228882,99.4674443238524,85.9314028069197,94.0,97.0,10.820476365666666,9.052172506,6.1856988001764535,2.381440298850927
BGR,Bulgaria,2011,High income,ECS,Europe,7348328.0,15747.3476582908,555.86419678,99.4435439260654,85.9417067262651,95.0,95.0,10.404353064333334,8.336083868,6.322321398315236,2.342224282452108
BGR,Bulgaria,2012,High income,ECS,Europe,7305888.0,16327.3382758143,558.64794922,99.4202191539046,85.9520368037234,95.0,94.0,9.879426395333333,7.425169684,6.327307923931172,2.290454452921898
BGR,Bulgaria,2013,High income,ECS,Europe,7160005.0,16893.7689556096,553.68725586,99.3974782704321,85.9623980621807,95.0,95.0,9.277787994,7.145453742,6.31840445196402,2.2276231556696846
BGR,Bulgaria,2014,High income,ECS,Europe,7073572.0,17990.7621498811,616.16296387,99.3753090063738,85.9727585294745,88.0,93.0,8.678570885666668,7.341926899,6.425133111997022,2.1608568706084155
BGR,Bulgaria,2015,High income,ECS,Europe,6984225.0,18896.102861651,534.21466064,99.3537331088916,85.9831554868043,91.0,92.0,8.146206567333332,7.255509658,6.282667901263954,2.0975523670354885
BGR,Bulgaria,2016,High income,ECS,Europe,6894139.0,20745.8472094399,579.76715088,99.3327228860736,85.9935449985972,92.0,92.0,7.688707566999999,6.925176802,6.364349903508896,2.039752702682747
BGR,Bulgaria,2017,High income,ECS,Europe,6803468.0,22317.2548948063,647.56402588,99.3123099116754,86.0039712709355,92.0,94.0,7.294519437333332,6.723597097,6.474760728073532,1.9871233041822822
BGR,Bulgaria,2018,High income,ECS,Europe,6710798.0,23997.6876896184,719.78033447,99.292449043955,86.0143608416048,92.0,93.0,6.955680851666667,6.687765252,6.580334423000189,1.939558714425478
BGR,Bulgaria,2019,High income,ECS,Europe,6616726.0,26765.7192049867,733.06878662,99.2731656499931,86.0247532488828,93.0,95.0,6.679841207333333,6.350297604,6.598602738964708,1.8990942159087256
BGR,Bulgaria,2020,High income,ECS,Europe,6550696.0,27351.8607448601,906.54833984,99.2544596990953,86.0351484540034,91.0,88.0,6.466640434666666,8.739018814,6.81074683176169,1.8666567208980998
BGR,Bulgaria,2021,High income,ECS,Europe,6507301.0,30959.1118459807,1109.10290527,99.2363227360567,86.0455390086067,89.0,89.0,6.302333385,9.268241285,7.01220799745976,1.840919943395704
BGR,Bulgaria,2022,High income,ECS,Europe,6465097.0,36320.1422295192,1066.69189453,99.2187440542721,86.0559026317979,91.0,91.0,6.173580313333333,9.655885867,6.973254489631604,1.8202789473090377
BHR,Bahrain,2000,High income,MEA,Eastern Mediterranean,637582.0,45687.5217405647,451.50253296,99.958665400505,99.9393894019496,97.0,98.0,12.491527996666669,25.23438928,6.114793360825972,2.5250506542582682
BHR,Bahrain,2001,High income,MEA,Eastern Mediterranean,661316.0,46161.5758464288,457.59741211,99.9567270815289,99.9434088778498,99.0,98.0,11.982254315333334,23.59115463,6.128172727385641,2.4834267482181076
BHR,Bahrain,2002,High income,MEA,Eastern Mediterranean,710553.0,45091.4894218656,469.15478516,99.9547887625528,99.9474283537501,98.0,99.0,11.591644856,22.50971987,6.153061970614501,2.4502845675580307
BHR,Bahrain,2003,High income,MEA,Eastern Mediterranean,764517.0,45426.9345932944,530.5446167,99.9528504435767,99.9514478296503,97.0,99.0,11.266366039666666,21.71485784,6.27578713913183,2.421821830595047
BHR,Bahrain,2004,High income,MEA,Eastern Mediterranean,823741.0,46317.0284804025,527.82989502,99.9509121246006,99.9554673055506,98.0,99.0,10.957620221,21.04384293,6.270666820638448,2.3940351248226226
BHR,Bahrain,2005,High income,MEA,Eastern Mediterranean,888822.0,47268.2721612188,557.9574585,99.9489738056245,99.9594867814508,98.0,99.0,10.620070945666669,20.49961176,6.326073367396876,2.3627456961744047
BHR,Bahrain,2006,High income,MEA,Eastern Mediterranean,960424.0,48009.4917421504,578.29705811,99.9470354866484,99.9635062573511,98.0,99.0,10.244951853666665,20.05056633,6.361815399736499,2.326785082184131
BHR,Bahrain,2007,High income,MEA,Eastern Mediterranean,1039295.0,49347.494619615,677.16290283,99.9450971676723,99.9675257332513,97.0,99.0,9.831774525,19.25046347,6.519387528741031,2.2856194392302287
BHR,Bahrain,2008,High income,MEA,Eastern Mediterranean,1103496.0,50330.3248622522,734.99511719,99.9431588486962,99.9715452091516,97.0,99.0,9.393731137,18.82400738,6.601223484454152,2.2400425664798727
BHR,Bahrain,2009,High income,MEA,Eastern Mediterranean,1178415.0,48625.6569231596,838.52880859,99.9412205297201,99.9755646850518,98.0,99.0,8.972164628,18.3435399,6.732840792295687,2.194126965575665
BHR,Bahrain,2010,High income,MEA,Eastern Mediterranean,1228543.0,49254.5770084238,866.67224121,99.939282210744,99.9795841609521,99.0,99.0,8.604391323333333,18.35882323,6.765814041058026,2.1522726919301935
BHR,Bahrain,2011,High income,MEA,Eastern Mediterranean,1195020.0,52677.4511190668,921.72064209,99.9373438917679,99.9836036368523,99.0,99.0,8.295774147333333,18.18892882,6.827326525733429,2.1157462462718426
BHR,Bahrain,2012,High income,MEA,Eastern Mediterranean,1208964.0,56712.5692656153,1038.1661377,99.9354055727918,99.9876231127526,99.0,99.0,8.053719253333334,17.26333533,6.946173879856281,2.086134003780154
BHR,Bahrain,2013,High income,MEA,Eastern Mediterranean,1253191.0,56310.3117458189,1115.16906738,99.9334672538156,99.9916425886528,99.0,99.0,7.879245755333334,16.99480756,7.017657625535289,2.0642321829604304
BHR,Bahrain,2014,High income,MEA,Eastern Mediterranean,1314562.0,54299.0564613228,1122.16040039,99.9315289348395,99.9956620645531,99.0,99.0,7.757765463999999,16.4588172,7.023901776587003,2.0486943370578294
BHR,Bahrain,2015,High income,MEA,Eastern Mediterranean,1370322.0,48034.2468880503,1128.24291992,99.9295906158634,99.9996815404533,98.0,99.0,7.676038274,16.48032753,7.029302704796219,2.038103564323747
BHR,Bahrain,2016,High income,MEA,Eastern Mediterranean,1423726.0,47428.9018907649,1095.92541504,99.9276522968873,100.0,99.0,99.0,7.638266331333334,16.60868174,7.00026646802762,2.0331706574456465
BHR,Bahrain,2017,High income,MEA,Eastern Mediterranean,1501116.0,50184.5005767301,1080.08898926,99.9257139779112,100.0,97.0,99.0,7.651373827666667,16.52339733,6.985724135490594,2.034885217030836
BHR,Bahrain,2018,High income,MEA,Eastern Mediterranean,1503091.0,51993.1307818652,1041.8560791,99.9237756589351,100.0,99.0,99.0,7.716216530333334,16.3095571,6.949718458039553,2.043324157160538
BHR,Bahrain,2019,High income,MEA,Eastern Mediterranean,1483756.0,56599.5214364411,1030.26379395,99.921837339959,100.0,99.0,99.0,7.830373479666666,16.6891729,6.9385403135109485,2.0580102074177473
BHR,Bahrain,2020,High income,MEA,Eastern Mediterranean,1472204.0,53436.0316999712,1101.14025879,99.9198990209829,100.0,98.0,99.0,7.985410746666667,6.941101405,7.005009258192831,2.077616220126922
BHR,Bahrain,2021,High income,MEA,Eastern Mediterranean,1504365.0,54954.6757895532,1176.92102051,99.9198990209829,100.0,98.0,99.0,8.176253766,9.535582848,7.071506316556418,2.1012340708955337
BHR,Bahrain,2022,High income,MEA,Eastern Mediterranean,1524693.0,61677.6538492695,1178.80664063,99.9198990209829,100.0,97.0,99.0,8.385697276,4.944253396,7.073105840159678,2.126527549361007
BHS,"Bahamas, The",2000,High income,LCN,Americas,323835.0,25421.6229400308,948.88244629,98.0705934581737,92.9767147467029,99.0,93.0,16.180456651666667,51.26978205,6.8563382361907,2.7838041344500426
BHS,"Bahamas, The",2001,High income,LCN,Americas,327836.0,26351.0760257803,995.71844482,98.1289046419546,92.9788412178291,99.0,94.0,16.296858348,48.23636205,6.904468327691614,2.790972349849591
BHS,"Bahamas, The",2002,High income,LCN,Americas,331614.0,27171.3084133541,1021.03601074,98.1872158257356,92.9792508409001,94.0,94.0,16.497529507333333,46.27778189,6.929552005700622,2.8032106428680716
BHS,"Bahamas, The",2003,High income,LCN,Americas,335618.0,27030.8969356877,1062.43786621,98.2455270095165,92.9779436159161,92.0,90.0,16.702113148333336,57.30681515,6.96926220905955,2.8155352472460704
BHS,"Bahamas, The",2004,High income,LCN,Americas,339782.0,27659.5379539899,1078.31152344,98.3038381932975,92.974919542877,93.0,89.0,16.832958495333333,68.84989628,6.984078638546286,2.8233387797613174
BHS,"Bahamas, The",2005,High income,LCN,Americas,343894.0,29142.9002176758,1153.21594238,98.3621493770784,92.9701786217826,93.0,85.0,16.847398033999998,69.50286065,7.051176554674976,2.8241962255272948
BHS,"Bahamas, The",2006,High income,LCN,Americas,348375.0,30401.5076891956,1257.64587402,98.4204605608593,92.9637208526333,95.0,88.0,16.727855198333334,74.07226236,7.137791718879264,2.8170753058438485
BHS,"Bahamas, The",2007,High income,LCN,Americas,353334.0,31232.1313724409,1351.08203125,98.4787717446403,92.9555462354289,95.0,96.0,16.48786913933333,78.23895374,7.209400928763796,2.8026249068350055
BHS,"Bahamas, The",2008,High income,LCN,Americas,358120.0,30678.6265531484,1429.23681641,98.5370829284212,92.9456547701693,93.0,90.0,16.160649801,80.44553458,7.265595315423932,2.7825792627424515
BHS,"Bahamas, The",2009,High income,LCN,Americas,362810.0,29196.6178474292,1416.92468262,98.5953941122021,92.9340464568545,96.0,98.0,15.784198311333332,83.7710597,7.256949590462792,2.7590093327147103
BHS,"Bahamas, The",2010,High income,LCN,Americas,367478.0,29624.975385096,1444.0065918,98.6537052959831,92.9207212954847,99.0,94.0,15.396592492666668,79.49572972,7.275869162335436,2.734146218226537
BHS,"Bahamas, The",2011,High income,LCN,Americas,371729.0,30073.6769305961,1442.24768066,98.712016479764,92.9056792860598,98.0,90.0,15.025291896333334,74.34305276,7.274651186913942,2.709734907609157
BHS,"Bahamas, The",2012,High income,LCN,Americas,375469.0,31035.5500568874,1518.64953613,98.7703276635449,92.8889204285797,98.0,91.0,14.690626355,70.7546271,7.326235018919831,2.6872096274660486
BHS,"Bahamas, The",2013,High income,LCN,Americas,378953.0,30294.4768305201,1559.34985352,98.8286388473259,93.1626284658143,97.0,92.0,14.391526258666666,74.1621119,7.352665340176853,2.666639579115535
BHS,"Bahamas, The",2014,High income,LCN,Americas,382298.0,31726.1740873862,1619.36669922,98.8869500311068,93.436336503049,96.0,92.0,14.138653429666666,77.69537414,7.390407760154637,2.6489124246512263
BHS,"Bahamas, The",2015,High income,LCN,Americas,385346.0,32137.5784729905,1588.57775879,98.9452612148878,93.7100445402837,95.0,94.0,13.931166133666666,82.83131502,7.371223699437407,2.634128498118967
BHS,"Bahamas, The",2016,High income,LCN,Americas,388055.0,32285.2760366069,1711.60510254,98.9452612148878,93.7100445402837,94.0,89.0,13.760999916,77.20687044,7.445770941999075,2.621838498178937
BHS,"Bahamas, The",2017,High income,LCN,Americas,390485.0,34282.1710357791,2069.44555664,98.9452612148878,93.7100445402837,94.0,90.0,13.626494548333334,78.97838381,7.635519107851209,2.612016026154417
BHS,"Bahamas, The",2018,High income,LCN,Americas,392717.0,35227.7619063243,1875.74035645,98.9452612148878,93.7100445402837,90.0,89.0,13.519625182333334,82.14973765,7.537291698009112,2.6041423470303258
BHS,"Bahamas, The",2019,High income,LCN,Americas,394675.0,36116.0002025353,1881.40393066,98.9452612148878,93.7100445402837,89.0,83.0,23.492583623666665,82.14319287,7.540304925521895,3.1566847808586878
BHS,"Bahamas, The",2020,High income,LCN,Americas,395863.0,27204.625909518,1861.0637207,95.08595516798411,98.89632012252255,83.0,87.0,13.286749223333333,84.35690905,7.52944067889486,2.5867672395944754
BHS,"Bahamas, The",2021,High income,LCN,Americas,396373.0,31064.6822166194,1946.21960449,95.08595516798411,98.89632012252255,86.0,82.0,13.125306156666667,174.2942141,7.57415779022387,2.574542134427858
BHS,"Bahamas, The",2022,High income,LCN,Americas,397538.0,36791.4010460964,2327.20117188,95.08595516798411,98.89632012252255,87.0,80.0,12.918030522333334,80.06992971,7.752851219155652,2.558624050382945
BIH,Bosnia and Herzegovina,2000,Upper middle income,ECS,Europe,4159771.0,4147.92009953318,106.5786972,97.4048252713074,95.0784435393171,85.0,80.0,9.530285738666668,11.49711618,4.678222646714137,2.2544747002876315
BIH,Bosnia and Herzegovina,2001,Upper middle income,ECS,Europe,4179438.0,4306.65243238352,105.10999298,97.319504252611,95.0879638199528,91.0,92.0,8.913248914666667,10.75985924,4.664476225727736,2.187538811906237
BIH,Bosnia and Herzegovina,2002,Upper middle income,ECS,Europe,4188002.0,4664.66989005718,118.87058258,97.2320116330882,95.0981431878974,80.0,89.0,8.383826855333334,10.1616834,4.786412682305638,2.1263044755683613
BIH,Bosnia and Herzegovina,2003,Upper middle income,ECS,Europe,4178523.0,4917.24213532278,168.42216492,97.1423004507177,95.1088597606974,87.0,84.0,7.953379346999999,9.884289035,5.132393617342255,2.0735969134417562
BIH,Bosnia and Herzegovina,2004,Upper middle income,ECS,Europe,4140987.0,5407.42779562896,222.27758789,97.0503974569639,95.1202453648273,84.0,88.0,7.618384310333333,9.564632221,5.408415786097338,2.0305643144517758
BIH,Bosnia and Herzegovina,2005,Upper middle income,ECS,Europe,4096493.0,5955.82944980971,241.64047241,96.9562697238871,95.1357940491604,93.0,90.0,7.370371281333333,9.272948489,5.491580810336887,1.9974680823181457
BIH,Bosnia and Herzegovina,2006,Upper middle income,ECS,Europe,4063272.0,6869.02619326211,281.26403809,96.8599179487528,95.1516329661408,87.0,85.0,7.195999945,8.837720342,5.642842938161427,1.9735253084451516
BIH,Bosnia and Herzegovina,2007,Upper middle income,ECS,Europe,4013424.0,7686.12870574572,363.86224365,96.7613473898559,95.1678945136016,95.0,96.0,7.069021429666667,8.509666771,5.89951986768612,1.9557220586832553
BIH,Bosnia and Herzegovina,2008,Upper middle income,ECS,Europe,3947544.0,8586.76034539604,459.29174805,96.6605523174734,95.1844586275953,91.0,84.0,6.971637373333333,8.25116675,6.131860523332497,1.9418501144481592
BIH,Bosnia and Herzegovina,2009,Upper middle income,ECS,Europe,3879794.0,8698.13506849581,409.29098511,96.5575305327522,95.20132167847,90.0,93.0,6.8929876383333335,7.829718848,6.0168666277468565,1.930504610536657
BIH,Bosnia and Herzegovina,2010,Upper middle income,ECS,Europe,3811472.0,9085.74294205836,406.13046265,96.4522822969049,95.2184837600235,89.0,91.0,6.821082092,7.542739247,6.0091336811299625,1.9200181237856166
BIH,Bosnia and Herzegovina,2011,Upper middle income,ECS,Europe,3741798.0,9761.47624447272,456.96905518,96.3448010624916,95.2360155321308,88.0,89.0,6.760039251666666,7.074261163,6.12680161672239,1.9110286964975813
BIH,Bosnia and Herzegovina,2012,Upper middle income,ECS,Europe,3670113.0,10121.1905288877,444.93655396,96.2350673868213,95.2539082676635,92.0,94.0,6.716319157666667,6.824018664,6.100176686205696,1.9045402600734544
BIH,Bosnia and Herzegovina,2013,Upper middle income,ECS,Europe,3610859.0,10808.2715682853,475.07409668,96.1231183417835,95.2720361490621,89.0,92.0,6.694862401333334,6.7727442,6.1655735074109534,1.9013404264798528
BIH,Bosnia and Herzegovina,2014,Upper middle income,ECS,Europe,3564829.0,11167.8379494776,493.07333374,96.008918332446,95.2905317745254,86.0,89.0,6.701664531,6.751550928,6.202683955036877,1.9023559330041309
BIH,Bosnia and Herzegovina,2015,Upper middle income,ECS,Europe,3518541.0,11845.4522958172,430.83413696,96.0694403538991,95.3129339341419,82.0,83.0,6.729637759666667,6.661191334,6.068041572297202,1.906521317492829
BIH,Bosnia and Herzegovina,2016,Upper middle income,ECS,Europe,3473003.0,12899.3962262974,450.44155884,96.0724133360056,95.3361467691692,78.0,68.0,6.765316419666667,6.526473156,6.112445926694087,1.9118090335764752
BIH,Bosnia and Herzegovina,2017,Upper middle income,ECS,Europe,3428682.0,13627.0944831749,471.32647705,96.1569041351994,95.360235583008,75.0,69.0,6.781008523,6.573039852,6.157670435144457,1.9141258405951784
BIH,Bosnia and Herzegovina,2018,Upper middle income,ECS,Europe,3387000.0,14858.5590469909,529.85546875,96.1478367143062,95.3850620124746,73.0,68.0,6.756652523333333,6.814810929,6.274489797280871,1.9105275785523648
BIH,Bosnia and Herzegovina,2019,Upper middle income,ECS,Europe,3345533.0,16428.8136580107,546.4508667,96.1384735195781,86.4725409994878,80.0,79.0,6.686605660333334,6.400332667,6.30527271647646,1.9001063702447976
BIH,Bosnia and Herzegovina,2020,Upper middle income,ECS,Europe,3299349.0,16369.9353197836,594.8225708,96.1287930670731,86.4725409994878,78.0,70.0,6.564059449999999,7.411216155,6.389942922743908,1.881609230164283
BIH,Bosnia and Herzegovina,2021,Upper middle income,ECS,Europe,3244907.0,18286.7373324233,697.07427979,96.1188407812551,86.4725409994878,76.0,61.0,6.401559521,12.68645663,6.548325515137624,1.8565416358379074
BIH,Bosnia and Herzegovina,2022,Upper middle income,ECS,Europe,3204802.0,21651.2952374862,667.29681396,96.1086192936171,86.4725409994878,75.0,58.0,6.219489394,11.79462187,6.504732407125741,1.8276878123846532
BLR,Belarus,2000,Upper middle income,ECS,Europe,9979610.0,5795.65223573862,57.02944183,97.8523126087327,91.9136871793446,99.0,98.0,12.7542257095,20.23215908,4.06095049951073,2.545862644890321
BLR,Belarus,2001,Upper middle income,ECS,Europe,9928549.0,6238.09862372757,73.3659668,97.8488587505276,91.8950406947121,99.0,99.0,11.82337798875,17.85119917,4.308998401699648,2.4700787569992086
BLR,Belarus,2002,Upper middle income,ECS,Europe,9865548.0,6697.15436193606,85.97066498,97.8455566770834,91.8772136566358,99.0,99.0,10.94133605725,15.67457895,4.465570877657299,2.3925479154283003
BLR,Belarus,2003,Upper middle income,ECS,Europe,9796749.0,7361.72161071026,108.51013947,97.8422351567313,91.8592816297479,50.0,99.0,10.14268201025,13.82164099,4.696017142869178,2.316752461241862
BLR,Belarus,2004,Upper middle income,ECS,Europe,9730146.0,8482.92020698503,140.99655151,97.9212434834377,92.3080167229921,99.0,99.0,9.426639157125,11.57721233,4.9558027721655264,2.2435396340877936
BLR,Belarus,2005,Upper middle income,ECS,Europe,9663915.0,9636.89112385763,196.13806152,98.0009256778293,92.7606037607482,99.0,99.0,8.73036391175,9.413746475,5.283904303176876,2.166807054177438
BLR,Belarus,2006,Upper middle income,ECS,Europe,9604924.0,10994.5981291041,221.70170593,98.081163773337,93.2164038239813,99.0,97.0,8.0084036015,7.325055758,5.40583323444952,2.080491440530605
BLR,Belarus,2007,Upper middle income,ECS,Europe,9560953.0,12320.0240264282,278.63424683,98.1616148412989,93.6735706995362,95.0,99.0,7.29349759075,5.570585783,5.633482487944806,1.9869832102157017
BLR,Belarus,2008,Upper middle income,ECS,Europe,9527985.0,13886.1314072566,348.92633057,98.2423602894853,94.1325479318341,97.0,99.0,6.638349543625,4.369463063,5.857722648242861,1.8928633698844346
BLR,Belarus,2009,Upper middle income,ECS,Europe,9504583.0,14034.1911204499,288.44775391,98.3240931023965,94.5970585071849,96.0,99.0,6.06994862725,3.548492275,5.6679748106400085,1.8033501416500897
BLR,Belarus,2010,Upper middle income,ECS,Europe,9483836.0,15339.0999035972,341.13800049,98.4067317637628,95.0666547452999,98.0,99.0,5.58857523225,2.984043648,5.835214165878934,1.720724376728403
BLR,Belarus,2011,Upper middle income,ECS,Europe,9461643.0,16563.2014078209,317.82492065,98.4898792244549,95.5392069475239,98.0,99.0,5.18930451875,2.457599184,5.764642114030317,1.6465996841040342
BLR,Belarus,2012,Upper middle income,ECS,Europe,9446836.0,18114.7508606708,364.09957886,98.5737838074881,96.0160380409651,98.0,98.0,4.856332053625,2.096345348,5.900170135168732,1.5802834314904326
BLR,Belarus,2013,Upper middle income,ECS,Europe,9443211.0,19014.0529737698,454.51959229,98.658371398837,96.4967422557482,98.0,99.0,4.57324410775,1.807594281,6.121438728486299,1.5202228234721065
BLR,Belarus,2014,Upper middle income,ECS,Europe,9448515.0,19037.8847440186,448.27426147,98.7435395155894,96.9807658359305,97.0,99.0,4.3210923797500005,1.634857177,6.10763352859057,1.463508235973751
BLR,Belarus,2015,Upper middle income,ECS,Europe,9461076.0,18133.5313085883,360.91937256,98.8292261861592,97.4677528685491,99.0,99.0,4.084570504625,1.45717028,5.891421459283459,1.4072165831577252
BLR,Belarus,2016,Upper middle income,ECS,Europe,9469379.0,17832.4778855815,296.94720459,98.9152496756769,97.9567271053164,98.0,98.0,3.850737617375,1.301428393,5.69691630500432,1.3482647188774495
BLR,Belarus,2017,Upper middle income,ECS,Europe,9458989.0,18413.747563367,331.94082642,99.0015077424337,98.4471393205969,97.0,97.0,3.613026588,1.230981852,5.807964775751767,1.2845458111198818
BLR,Belarus,2018,Upper middle income,ECS,Europe,9438785.0,20025.9815543598,349.99176025,99.0880364550957,98.9391988814901,97.0,98.0,3.370181525375,1.208745919,5.860762748119097,1.2149666080100374
BLR,Belarus,2019,Upper middle income,ECS,Europe,9419758.0,22301.5932411839,400.11621094,99.1750106647627,99.4338632205589,98.0,98.0,3.1298194555,1.202704766,5.994251188164729,1.1409753209395124
BLR,Belarus,2020,Upper middle income,ECS,Europe,9379952.0,24872.3066744528,420.43655396,99.2623480849323,99.5940049296976,97.0,97.0,2.911199748375,1.695566734,6.043669241699162,1.0685652808823798
BLR,Belarus,2021,Upper middle income,ECS,Europe,9302585.0,27611.1801135157,484.03930664,99.3932172039885,99.6591219571066,98.0,98.0,2.72441881325,1.830647663,6.184229932272102,1.002255125826607
BLR,Belarus,2022,Upper middle income,ECS,Europe,9228071.0,28429.4948821827,529.01873779,99.8584120587223,99.6897638568081,98.0,98.0,2.5700790915,1.091314101,6.272912360241973,0.9439366733363145
BLZ,Belize,2000,Upper middle income,LCN,Americas,240799.0,7543.73447178525,139.00151062,89.4207966981103,83.9950793415802,91.0,96.0,24.4487502675,78.1283397,4.941653212693948,3.196579100810845
BLZ,Belize,2001,Upper middle income,LCN,Americas,248379.0,7851.62162856677,163.11247253,89.6672176355809,83.9981236500007,96.0,94.0,23.587430685875,76.22193843,5.1005520008750365,3.160713972094696
BLZ,Belize,2002,Upper middle income,LCN,Americas,256009.0,8153.66392623285,172.81750488,89.9135823182955,84.0010582579802,89.0,88.0,22.806606574875,68.21414446,5.158005926286564,3.1270502560433995
BLZ,Belize,2003,Upper middle income,LCN,Americas,263780.0,8849.64628939549,175.13619995,90.1598864955055,84.0038792244829,96.0,96.0,22.124037623,66.7650926,5.17125755911257,3.096664692682423
BLZ,Belize,2004,Upper middle income,LCN,Americas,271688.0,9244.91166156485,176.26716614,90.4061362273858,84.0065922016108,97.0,97.0,21.523534821125,62.76014651,5.17765800777505,3.0691469792920207
BLZ,Belize,2005,Upper middle income,LCN,Americas,279731.0,9466.1427445401,181.24623108,90.6523242612086,83.9996958672325,96.0,95.0,21.01456490075,60.07114127,5.205358690729804,3.0452157640195705
BLZ,Belize,2006,Upper middle income,LCN,Americas,287878.0,9909.68014440777,196.13124084,90.8984562243048,83.9933189485274,98.0,99.0,20.548753653,55.36324121,5.28386970408453,3.022800289613938
BLZ,Belize,2007,Upper middle income,LCN,Americas,296100.0,10225.986730898,233.67915344,91.1445369343611,83.9874657603305,96.0,96.0,20.124092281,51.57971513,5.458219276756113,3.0019177182377192
BLZ,Belize,2008,Upper middle income,LCN,Americas,304361.0,9975.08124355363,257.84707642,91.3905513616233,83.9821223616587,94.0,96.0,19.71384424775,47.78540401,5.556237448789246,2.981321142621087
BLZ,Belize,2009,Upper middle income,LCN,Americas,312614.0,9727.98868509362,243.3110199,91.6365142592411,83.977302195762,97.0,97.0,19.287947665375,44.53122528,5.498442085310213,2.959480427549546
BLZ,Belize,2010,Upper middle income,LCN,Americas,320245.0,9747.8256219459,244.02867126,91.8801627270239,83.972997548098,96.0,98.0,18.81695824725,40.8892212,5.501375229248792,2.9347584976755265
BLZ,Belize,2011,Upper middle income,LCN,Americas,327298.0,9721.88084559988,252.81436157,92.1248741739695,83.9708984759609,95.0,98.0,18.285951366875,39.26564551,5.536603139849563,2.9061330801562306
BLZ,Belize,2012,Upper middle income,LCN,Americas,334414.0,9303.37857455225,247.97563171,92.3707609731193,83.9714754365874,98.0,96.0,17.679454380375,40.26288474,5.51735502705718,2.8724031958947736
BLZ,Belize,2013,Upper middle income,LCN,Americas,341627.0,9525.83089030578,263.10794067,92.6178797642057,83.9751251055118,95.0,99.0,17.009050837875,41.36255847,5.576357885757561,2.8337456046083744
BLZ,Belize,2014,Upper middle income,LCN,Americas,348923.0,9489.91221371385,298.51965332,92.8662134129202,83.9821211094783,95.0,95.0,16.314245359,43.66217071,5.702180035836634,2.792038674547075
BLZ,Belize,2015,Upper middle income,LCN,Americas,356333.0,9538.38691146009,286.78604126,93.1158763105632,83.9929567244339,94.0,96.0,15.631285021875,47.15458394,5.662217291748191,2.7492743561450808
BLZ,Belize,2016,Upper middle income,LCN,Americas,364705.0,9399.03567052789,293.09829712,93.3669304730938,84.0080355199731,95.0,95.0,14.98172292575,51.40327718,5.683914055403778,2.706830986545441
BLZ,Belize,2017,Upper middle income,LCN,Americas,373202.0,9120.65338346029,280.71743774,93.6193465760244,84.027602259463,88.0,90.0,14.39488602175,55.84857274,5.6409045747769255,2.6668730061272696
BLZ,Belize,2018,Upper middle income,LCN,Americas,380226.0,9497.23480443418,286.83633423,93.8731706836075,84.0520275827063,96.0,97.0,13.8891179005,59.9734234,5.662392034677825,2.6311056486661424
BLZ,Belize,2019,Upper middle income,LCN,Americas,385829.0,10499.962073199,298.14306641,94.1316195459167,84.0839153038299,98.0,96.0,13.4735736265,61.29752076,5.700921941930798,2.600730257871238
BLZ,Belize,2020,Upper middle income,LCN,Americas,390812.0,9638.89513695889,279.10131836,94.3918809907388,84.1193982319828,79.0,82.0,13.164912969375,88.48716834,5.635151389002576,2.5775551821687306
BLZ,Belize,2021,Upper middle income,LCN,Americas,395346.0,11716.3267818656,308.93920898,94.6148163127858,84.1586414948366,83.0,79.0,12.9474881525,156.6358473,5.736376178184544,2.560901804273977
BLZ,Belize,2022,Upper middle income,LCN,Americas,402733.0,13461.2098451613,298.01553345,94.7220374936113,84.2021316466722,84.0,81.0,12.812105276625,109.6340546,5.700495523379055,2.5503904487460116
BMU,Bermuda,2000,High income,NAC,Americas,61550.0,54176.377748356,1610.73034668,100.0,99.9791403999453,96.0,95.0,20.469548690625,10.015977665,7.385063630339435,3.018938352074265
BMU,Bermuda,2001,High income,NAC,Americas,61867.0,59092.8759704678,1610.73034668,100.0,99.9770577444815,96.0,95.0,20.469548690625,10.015977665,7.385063630339435,3.018938352074265
BMU,Bermuda,2002,High income,NAC,Americas,62142.0,58862.6907986795,1610.73034668,100.0,99.9749750890177,96.0,95.0,20.469548690625,10.015977665,7.385063630339435,3.018938352074265
BMU,Bermuda,2003,High income,NAC,Americas,62386.0,61829.3240116897,1610.73034668,100.0,99.972892433554,96.0,95.0,20.469548690625,10.015977665,7.385063630339435,3.018938352074265
BMU,Bermuda,2004,High income,NAC,Americas,62555.0,64790.2739198061,1610.73034668,100.0,99.9708097780902,96.0,95.0,20.469548690625,10.015977665,7.385063630339435,3.018938352074265
BMU,Bermuda,2005,High income,NAC,Americas,62711.0,67771.4683756141,1610.73034668,100.0,99.9687271226264,96.0,95.0,20.469548690625,10.015977665,7.385063630339435,3.018938352074265
BMU,Bermuda,2006,High income,NAC,Americas,62834.0,73590.1160702265,1610.73034668,100.0,99.9666444671626,96.0,95.0,20.469548690625,10.015977665,7.385063630339435,3.018938352074265
BMU,Bermuda,2007,High income,NAC,Americas,63010.0,77894.0646213844,1610.73034668,100.0,99.9645618116988,96.0,95.0,20.469548690625,10.015977665,7.385063630339435,3.018938352074265
BMU,Bermuda,2008,High income,NAC,Americas,63300.0,77556.4350038925,1610.73034668,100.0,99.962479156235,96.0,95.0,20.469548690625,10.015977665,7.385063630339435,3.018938352074265
BMU,Bermuda,2009,High income,NAC,Americas,63565.0,73336.9875151545,1610.73034668,100.0,99.9603965007712,96.0,95.0,20.469548690625,10.015977665,7.385063630339435,3.018938352074265
BMU,Bermuda,2010,High income,NAC,Americas,63725.0,72188.6928304585,1610.73034668,100.0,99.9583138453074,96.0,95.0,20.469548690625,10.015977665,7.385063630339435,3.018938352074265
BMU,Bermuda,2011,High income,NAC,Americas,63733.0,70911.542318725,1610.73034668,100.0,99.9562311898436,96.0,95.0,20.469548690625,10.015977665,7.385063630339435,3.018938352074265
BMU,Bermuda,2012,High income,NAC,Americas,63646.0,69149.0500342682,1610.73034668,100.0,99.9541485343798,96.0,95.0,20.469548690625,10.015977665,7.385063630339435,3.018938352074265
BMU,Bermuda,2013,High income,NAC,Americas,63574.0,71519.6398526584,1610.73034668,100.0,99.952065878916,96.0,95.0,20.469548690625,10.015977665,7.385063630339435,3.018938352074265
BMU,Bermuda,2014,High income,NAC,Americas,63529.0,71988.5383627822,1610.73034668,100.0,99.9499832234522,96.0,95.0,20.469548690625,10.015977665,7.385063630339435,3.018938352074265
BMU,Bermuda,2015,High income,NAC,Americas,63464.0,75943.4642970922,1610.73034668,100.0,99.9479005679884,96.0,95.0,20.469548690625,10.015977665,7.385063630339435,3.018938352074265
BMU,Bermuda,2016,High income,NAC,Americas,63449.0,80412.1834895484,1610.73034668,100.0,99.9458179125246,96.0,95.0,20.469548690625,10.015977665,7.385063630339435,3.018938352074265
BMU,Bermuda,2017,High income,NAC,Americas,63578.0,85680.9701917217,1610.73034668,100.0,99.9437352570609,96.0,95.0,20.469548690625,10.015977665,7.385063630339435,3.018938352074265
BMU,Bermuda,2018,High income,NAC,Americas,63831.0,85978.2177227009,1610.73034668,100.0,99.9416526015971,96.0,95.0,20.469548690625,10.015977665,7.385063630339435,3.018938352074265
BMU,Bermuda,2019,High income,NAC,Americas,64107.0,90984.4576708318,1610.73034668,100.0,99.9416526015971,96.0,95.0,20.469548690625,10.015977665,7.385063630339435,3.018938352074265
BMU,Bermuda,2020,High income,NAC,Americas,64382.0,85146.4006275696,1610.73034668,100.0,99.9416526015971,96.0,95.0,20.469548690625,10.015977665,7.385063630339435,3.018938352074265
BMU,Bermuda,2021,High income,NAC,Americas,64648.0,92319.6714861219,1610.73034668,100.0,99.9416526015971,96.0,95.0,20.469548690625,10.015977665,7.385063630339435,3.018938352074265
BMU,Bermuda,2022,High income,NAC,Americas,64749.0,105142.409967183,1610.73034668,100.0,99.9416526015971,96.0,95.0,20.469548690625,10.015977665,7.385063630339435,3.018938352074265
BOL,Bolivia,2000,Lower middle income,LCN,Americas,8606326.0,4113.04245150496,42.89028168,81.2238988047302,34.9158555656195,75.0,84.0,75.68428948649999,286.9194948,3.7816929215423873,4.326570602398777
BOL,Bolivia,2001,Lower middle income,LCN,Americas,8752736.0,4204.93622748505,44.88241577,81.8386242036735,36.1069276710251,71.0,88.0,71.39396015125,275.7368768,3.8260819449726378,4.26821327404827
BOL,Bolivia,2002,Lower middle income,LCN,Americas,8900355.0,4303.83514661302,43.49106216,82.4311855099011,37.2788771085079,77.0,91.0,67.327656551375,262.2544543,3.7952883186619855,4.209571096535976
BOL,Bolivia,2003,Lower middle income,LCN,Americas,9050700.0,4432.92085269619,46.41044998,83.0130635028599,38.442320447364,88.0,96.0,63.47353810187501,256.1820487,3.858842668115558,4.15062309624045
BOL,Bolivia,2004,Lower middle income,LCN,Americas,9204287.0,4662.97077714293,46.35359192,83.5879589258241,39.6007187610011,84.0,90.0,59.8355646495,250.5622797,3.8576426756778592,4.091600210757088
BOL,Bolivia,2005,Lower middle income,LCN,Americas,9360754.0,4937.86997682486,51.76200867,84.1552356884604,40.7534588124944,85.0,89.0,56.368074836875,242.2484508,3.9657913989591234,4.031902949246223
BOL,Bolivia,2006,Lower middle income,LCN,Americas,9521689.0,5244.16021230209,56.05701447,84.715963142208,41.9015542609366,83.0,88.0,53.094526441875,236.2938692,4.044051021773645,3.9720738427440874
BOL,Bolivia,2007,Lower middle income,LCN,Americas,9685960.0,5536.56815653658,63.62155914,85.2691692733434,43.4810447232478,84.0,86.0,50.015141992,224.0557065,4.168548087929484,3.9123257994214176
BOL,Bolivia,2008,Lower middle income,LCN,Americas,9850858.0,5889.94339081976,77.9777298,85.8158829165859,45.0792272443347,88.0,92.0,47.145790466625,214.3432625,4.369165911459568,3.853244725488821
BOL,Bolivia,2009,Lower middle income,LCN,Americas,10016275.0,6024.05947397942,89.57923889,86.3551793920247,46.6950103282874,93.0,93.0,44.461003721625,204.9494096,4.5062250354652535,3.7946124841162403
BOL,Bolivia,2010,Lower middle income,LCN,Americas,10182345.0,6245.33863197671,100.39356232,86.8874436823724,48.3285858519966,91.0,88.0,41.96920189475,195.8067612,4.619009601173195,3.736936061075818
BOL,Bolivia,2011,Lower middle income,LCN,Americas,10348929.0,6597.96217604867,119.78379059,87.4130245086648,49.9801309822713,95.0,96.0,39.64705729375,187.1484923,4.79400209263964,3.68001672827115
BOL,Bolivia,2012,Lower middle income,LCN,Americas,10515807.0,7183.82602452107,135.32060242,87.931656511904,51.6491998600636,93.0,92.0,37.4477612875,180.3158469,4.91500948223204,3.6229469294714707
BOL,Bolivia,2013,Lower middle income,LCN,Americas,10682608.0,8068.72017230776,159.99380493,88.4281721555752,53.3191514172046,86.0,87.0,35.387225502625,175.2014659,5.081365885548487,3.566350893505778
BOL,Bolivia,2014,Lower middle income,LCN,Americas,10848888.0,8628.94266128598,179.3274231,88.9095566150389,54.9966309177459,85.0,89.0,33.49921275325,170.7459338,5.194774215704141,3.5115219386519088
BOL,Bolivia,2015,Lower middle income,LCN,Americas,11014705.0,8757.31777115406,196.25799561,89.3856764745398,56.6920160774471,89.0,95.0,31.77503932275,166.1319684,5.28451249431636,3.458681054612124
BOL,Bolivia,2016,Lower middle income,LCN,Americas,11180020.0,9242.02728323599,207.4511261,89.856829031751,58.4055072099322,87.0,94.0,30.287265456125,162.1315801,5.339704606566952,3.4107273421960276
BOL,Bolivia,2017,Lower middle income,LCN,Americas,11344587.0,10420.3923250933,214.58572388,90.322518307567,60.1364043539165,84.0,83.0,28.9803092675,159.7593244,5.373358621072537,3.3666166085919773
BOL,Bolivia,2018,Lower middle income,LCN,Americas,11508368.0,10758.4075594003,231.18806458,90.7842800477343,61.8863758501478,83.0,89.0,27.790375035125,157.3015818,5.447547666478435,3.3246897389899077
BOL,Bolivia,2019,Lower middle income,LCN,Americas,11671386.0,11005.3541169156,241.34619141,91.2290518215196,63.6552770936558,75.0,79.0,26.7018577125,156.4923808,5.4903672469213545,3.2847331402330107
BOL,Bolivia,2020,Lower middle income,LCN,Americas,11816299.0,9580.98962081658,248.69514465,91.6695086739786,65.4426819747995,68.0,74.0,25.715669854375,217.8317499,5.520240752362996,3.247100528056379
BOL,Bolivia,2021,Lower middle income,LCN,Americas,11937360.0,11202.4409836707,276.20880127,92.1056066930792,67.2484529429256,70.0,75.0,24.798144185375,270.0259385,5.624771017424984,3.210768819136061
BOL,Bolivia,2022,Lower middle income,LCN,Americas,12077154.0,12306.7293128695,260.88070679,92.5375227246145,69.0727323107113,69.0,69.0,23.932957211,164.3272738,5.567889082477145,3.175256471844753
BRA,Brazil,2000,Upper middle income,LCN,Americas,174018282.0,9091.76851349271,313.92590332,93.5416689721765,73.3661541884085,98.0,99.0,34.42344686125,68.64622899,5.752337383599737,3.5387379270028894
BRA,Brazil,2001,Upper middle income,LCN,Americas,176301203.0,9303.64529208666,271.56121826,93.871177189366,74.2359273551558,98.0,99.0,32.190057335875,66.43235075,5.607863243037468,3.471657626479525
BRA,Brazil,2002,Upper middle income,LCN,Americas,178503484.0,9616.59485486268,248.37753296,94.1864278135922,75.086752161079,99.0,96.0,30.093998231625,65.96649073,5.518967944825627,3.4043257575749712
BRA,Brazil,2003,Upper middle income,LCN,Americas,180622688.0,9801.9621245505,253.08970642,94.4949101012948,75.9322033943991,99.0,97.0,28.12784013925,67.03580722,5.537687379548858,3.3367598381550607
BRA,Brazil,2004,Upper middle income,LCN,Americas,182675143.0,10525.7113782454,297.68243408,94.796510365405,76.7719281688316,99.0,97.0,26.2836875175,69.5802406,5.699380915591908,3.268948500268405
BRA,Brazil,2005,Upper middle income,LCN,Americas,184688101.0,11081.2474735736,387.93121338,95.0913772217223,77.6060442876745,99.0,98.0,24.596846671625,71.49637899,5.963402498624966,3.202618250641751
BRA,Brazil,2006,Upper middle income,LCN,Americas,186653106.0,11750.5312437668,489.53884888,95.3798210203177,78.4350490232115,99.0,99.0,23.060913784875,72.18568475,6.195504478478639,3.1381391404597543
BRA,Brazil,2007,Upper middle income,LCN,Americas,188552320.0,12672.5051158078,607.73022461,95.6619556450111,79.2590292856141,99.0,99.0,21.708420239625,72.50563494,6.411375188628896,3.077700214758252
BRA,Brazil,2008,Upper middle income,LCN,Americas,190367302.0,13445.2454698442,713.67193604,95.9378940948521,80.0780747503367,99.0,99.0,20.520364603375,71.39691466,6.571823606685699,3.021417788340379
BRA,Brazil,2009,Upper middle income,LCN,Americas,192079951.0,13390.6831313285,728.55639648,96.2074114306889,80.8914821354002,99.0,99.0,19.479983737,69.12704959,6.592436673377716,2.9693874633577777
BRA,Brazil,2010,Upper middle income,LCN,Americas,193701929.0,14451.7158388109,906.0098877,96.4709800912933,81.7001428038359,99.0,99.0,18.599386444125,65.95195813,6.810153351599266,2.923128593300077
BRA,Brazil,2011,Upper middle income,LCN,Americas,195284734.0,15211.7920390047,1043.3548584,96.7300307300568,82.5075308980562,99.0,99.0,17.851697461,61.86483883,6.951154613370747,2.882098599558666
BRA,Brazil,2012,Upper middle income,LCN,Americas,196876111.0,15198.086330971,968.7277832,96.9831894902775,83.3102185091362,95.0,99.0,17.231144533875,59.7318551,6.877015396235524,2.846718475140118
BRA,Brazil,2013,Upper middle income,LCN,Americas,198478299.0,15722.3335243701,993.79608154,97.230310353602,84.1075664930758,97.0,98.0,16.71861553775,61.03989038,6.902537772978991,2.816522801462069
BRA,Brazil,2014,Upper middle income,LCN,Americas,200085127.0,15827.3081625749,1030.66271973,97.4719067025274,84.9007604089727,93.0,97.0,16.299959067,63.39031596,6.938927070656516,2.7911625965825695
BRA,Brazil,2015,Upper middle income,LCN,Americas,201675532.0,14821.4383175183,796.15252686,97.7078492139171,85.6891694067484,96.0,96.0,15.954385384875,62.9587639,6.681046036716004,2.769733737200383
BRA,Brazil,2016,Upper middle income,LCN,Americas,203218114.0,14309.2061488342,810.20037842,97.921760549945,86.4725409994878,89.0,95.0,16.768432534375,63.64146211,6.698515099330892,2.819498103033457
BRA,Brazil,2017,Upper middle income,LCN,Americas,204703445.0,14559.0488897884,954.75012207,98.1978808317894,87.2513460581389,83.0,87.0,15.41891811375,61.02472942,6.862496500298199,2.73559520443836
BRA,Brazil,2018,Upper middle income,LCN,Americas,206107261.0,15463.7426393743,880.28430176,98.5580120515387,88.0250303307035,87.0,92.0,15.203892002625,62.3322043,6.781380277351938,2.7215514478805827
BRA,Brazil,2019,Upper middle income,LCN,Americas,207455459.0,16069.838015161,868.17248535,98.773134154073,88.7943635272571,70.0,91.0,15.023147653875,64.6329767,6.7675415927385805,2.7095921885532546
BRA,Brazil,2020,Upper middle income,LCN,Americas,208660842.0,16101.6183062954,680.76843262,99.0720677672897,89.5591441286736,77.0,79.0,14.861900644125,84.8816635,6.5246900585732535,2.6988009344838235
BRA,Brazil,2021,Upper middle income,LCN,Americas,209550294.0,18075.7060048757,768.27075195,99.4272648803619,90.3198016289812,68.0,73.0,14.723951117125,127.9902622,6.645442990698861,2.6894754955659366
BRA,Brazil,2022,Upper middle income,LCN,Americas,210306415.0,19876.8533531396,871.27526855,99.6149419025106,91.0196550646128,77.0,81.0,14.584139049625,103.9680914,6.771105049036788,2.67993457172648
BRB,Barbados,2000,High income,LCN,Americas,262063.0,15914.0847570681,622.47875977,98.0685680611877,89.6408774970221,93.0,94.0,14.342179703666666,45.66083015,6.435314698413124,2.663204825270789
BRB,Barbados,2001,High income,LCN,Americas,262425.0,15865.5863558585,643.1159668,98.1161361778788,90.0296586370686,84.0,93.0,14.503746441666664,45.84178479,6.467878782564024,2.6744069913407387
BRB,Barbados,2002,High income,LCN,Americas,264148.0,16133.0792881949,689.30773926,98.1637042945698,90.4184397771151,87.0,91.0,14.672897317333332,43.19389493,6.537137497090882,2.6860020721318274
BRB,Barbados,2003,High income,LCN,Americas,265776.0,16706.5324853774,808.06054688,98.2112724112608,90.8072209171617,89.0,90.0,14.807310252,44.65167438,6.69587375588964,2.6951209947698103
BRB,Barbados,2004,High income,LCN,Americas,267298.0,17298.8922582212,942.37701416,98.2588405279519,91.1960020572082,93.0,98.0,14.858239474,42.71906083,6.849466005660392,2.69855455811218
BRB,Barbados,2005,High income,LCN,Americas,268706.0,18449.8108853234,963.07849121,98.3064086446429,91.5847831972547,92.0,93.0,14.809390812333334,43.72431967,6.871172713712933,2.6952614938978012
BRB,Barbados,2006,High income,LCN,Americas,270002.0,20076.4851303968,1028.39282227,98.3539767613339,91.9735643373012,84.0,92.0,14.683697868,44.62182475,6.936724414462656,2.6867378898304257
BRB,Barbados,2007,High income,LCN,Americas,271288.0,20949.3649138456,1043.49401855,98.4015448780249,92.3623454773478,93.0,75.0,14.503976673666664,41.89976892,6.951287854364618,2.6744228651822732
BRB,Barbados,2008,High income,LCN,Americas,272714.0,21375.9007659025,1136.53637695,98.449112994716,92.7511266173943,85.0,94.0,14.287448451,41.50406925,7.036620130050029,2.6593814211354174
BRB,Barbados,2009,High income,LCN,Americas,274123.0,20323.6367022712,1163.96875,98.496681111407,93.1399077574408,93.0,94.0,14.066027297666666,41.77437557,7.060449541605696,2.643762478568336
BRB,Barbados,2010,High income,LCN,Americas,275243.0,20032.5818570838,1114.3729248,98.544249228098,93.5286888974873,86.0,85.0,13.864569016,41.70716047,7.016944089678407,2.629336594271596
BRB,Barbados,2011,High income,LCN,Americas,276139.0,20316.2925356846,1163.2668457,98.5918173447891,93.9174700375338,91.0,93.0,13.663347677,41.17528364,7.059846850901034,2.614716895640218
BRB,Barbados,2012,High income,LCN,Americas,276938.0,19605.0169248071,1294.78674316,98.6393854614801,94.3062511775803,87.0,90.0,13.481127264666668,39.53491993,7.166873313341514,2.6012907269630596
BRB,Barbados,2013,High income,LCN,Americas,277665.0,19032.4654071373,1246.16491699,98.6869535781711,94.6950323176268,91.0,87.0,13.285259017333331,39.66056124,7.128628187930032,2.586655075998253
BRB,Barbados,2014,High income,LCN,Americas,278348.0,18594.9001828335,1175.44348145,98.7345216948622,95.0838134576733,94.0,95.0,13.046816945000002,38.54942633,7.070251167446969,2.568544191756733
BRB,Barbados,2015,High income,LCN,Americas,278990.0,19185.5186407924,1154.62719727,98.7820898115532,95.4725945977198,97.0,96.0,12.768235872,37.02360959,7.052398503508971,2.546960514221027
BRB,Barbados,2016,High income,LCN,Americas,279598.0,19175.570190422,1181.14257813,98.8296579282442,95.8613757377664,97.0,92.0,12.444782996666667,36.26096095,7.075083815166962,2.5213014986781093
BRB,Barbados,2017,High income,LCN,Americas,280171.0,18436.8050803186,1182.00366211,98.8772260449352,96.2501568778129,90.0,92.0,12.102264671666669,36.58056486,7.075811959586444,2.4933925980375546
BRB,Barbados,2018,High income,LCN,Americas,280711.0,19777.0593234662,1169.35559082,98.9247941616263,96.6389380178594,95.0,85.0,11.754864517666666,36.70520882,7.065062905394104,2.464267156418737
BRB,Barbados,2019,High income,LCN,Americas,281207.0,19971.1185698717,1168.11938477,98.9723622783173,97.0277191579059,90.0,92.0,11.385315450333332,36.49750013,7.064006081809363,2.432324406671016
BRB,Barbados,2020,High income,LCN,Americas,281698.0,16555.3622145235,1234.30041504,99.0199303950083,97.3312392700884,85.0,89.0,11.043920577666666,38.65383004,7.119069470525874,2.4018801025957135
BRB,Barbados,2021,High income,LCN,Americas,282147.0,17682.7314537483,1391.49853516,99.0674985116994,97.3330327442074,82.0,77.0,10.705798309,38.48688566,7.238854919851155,2.370785492731524
BRB,Barbados,2022,High income,LCN,Americas,282318.0,22193.2487125789,1302.0592041,99.1150666283904,98.0924623115578,86.0,85.0,10.370246943333331,37.93932693,7.172470012853947,2.3389408352012353
BRN,Brunei Darussalam,2000,High income,EAS,Western Pacific,326424.0,73086.9318257521,519.05047607,99.5610226883862,72.7148465774726,99.0,99.0,10.298570574666668,47.96569424,6.253925876229932,2.332005106446296
BRN,Brunei Darussalam,2001,High income,EAS,Western Pacific,333345.0,74253.881783985,474.11706543,99.5835794186549,73.9314819787646,97.0,99.0,10.010348404333334,46.26508478,6.1635612272068,2.303619398349133
BRN,Brunei Darussalam,2002,High income,EAS,Western Pacific,340099.0,76838.1757652928,482.52624512,99.6061361489237,75.1481173800566,94.0,99.0,9.786122711666666,45.96353533,6.181105594950667,2.280965332300541
BRN,Brunei Darussalam,2003,High income,EAS,Western Pacific,346637.0,79632.1722336263,545.55560303,99.6286928791924,76.3647527813482,92.0,98.0,9.623318931999998,44.94776709,6.303636046320268,2.2641892085040554
BRN,Brunei Darussalam,2004,High income,EAS,Western Pacific,352911.0,80403.7579093987,630.73266602,99.6512496094612,77.5813881826402,92.0,99.0,9.518875798,43.52846382,6.448466307854676,2.2532767533849065
BRN,Brunei Darussalam,2005,High income,EAS,Western Pacific,358916.0,81534.17153993,657.31945801,99.6738063397299,78.7980235839323,94.0,98.0,9.467462829666667,42.54341805,6.489690312004495,2.247860954688051
BRN,Brunei Darussalam,2006,High income,EAS,Western Pacific,364663.0,86114.3370627638,664.74499512,99.6963630699986,80.0146589852238,97.0,97.0,9.460411648666666,41.8658974,6.500906707009006,2.2471158967752616
BRN,Brunei Darussalam,2007,High income,EAS,Western Pacific,370873.0,83693.3213747729,710.42297363,99.7189198002674,81.2312943865159,99.0,97.0,9.490064615666666,40.9144204,6.567267152540863,2.2502454214149545
BRN,Brunei Darussalam,2008,High income,EAS,Western Pacific,377793.0,80476.7247575811,792.01367188,99.7414765305361,82.4479297878079,98.0,99.0,9.541669259333334,40.41778024,6.675840462192408,2.255668444926781
BRN,Brunei Darussalam,2009,High income,EAS,Western Pacific,384952.0,77957.1442764098,739.28015137,99.7640332608049,83.6645651890999,99.0,99.0,9.610136547666668,39.84770582,6.607028697486212,2.262818431795581
BRN,Brunei Darussalam,2010,High income,EAS,Western Pacific,392332.0,79542.677943168,795.97766113,99.7865899910736,84.8812005903915,95.0,94.0,9.688064313333332,39.5138867,6.680826649702297,2.2708946446818254
BRN,Brunei Darussalam,2011,High income,EAS,Western Pacific,399389.0,82735.3914480561,864.63787842,99.8091467213424,86.0978359916835,97.0,91.0,9.775252020666668,39.7084355,6.763466666862145,2.2798538877044634
BRN,Brunei Darussalam,2012,High income,EAS,Western Pacific,405557.0,87256.0422369454,869.36553955,99.8317034516111,87.3144713929755,95.0,95.0,9.859143554666666,40.04251999,6.768913283808263,2.288399304260471
BRN,Brunei Darussalam,2013,High income,EAS,Western Pacific,411202.0,83237.1470879654,835.32452393,99.8542601818798,88.5311067942671,99.0,96.0,9.926989031666666,39.74805054,6.729016724278947,2.295257212707878
BRN,Brunei Darussalam,2014,High income,EAS,Western Pacific,416750.0,81225.5485449793,785.41210938,99.8768169121486,89.7477421955591,99.0,97.0,9.969655384333334,39.61760828,6.667480967213892,2.2995460181139005
BRN,Brunei Darussalam,2015,High income,EAS,Western Pacific,422212.0,62707.8264437741,731.04980469,99.8993736424173,90.9643775968511,99.0,96.0,9.989162101666668,39.49277928,6.595848550840739,2.301500715435826
BRN,Brunei Darussalam,2016,High income,EAS,Western Pacific,427564.0,56679.5185221407,679.46929932,99.9000219255643,92.1810129981427,99.0,98.0,9.984841729333333,39.37674796,6.522782706187701,2.3010681158992217
BRN,Brunei Darussalam,2017,High income,EAS,Western Pacific,432772.0,61657.6802725444,636.22973633,99.9000444673207,93.3976483994347,99.0,97.0,9.950684399,39.32674345,6.457130244131572,2.2976413326240985
BRN,Brunei Darussalam,2018,High income,EAS,Western Pacific,437810.0,65148.8264035521,748.69073486,99.9000669989146,94.6142838007268,99.0,99.0,9.895112322666668,39.2192092,6.619660767969265,2.2920409304470666
BRN,Brunei Darussalam,2019,High income,EAS,Western Pacific,442680.0,69353.6799514849,678.81982422,99.9000895203528,95.8309192020188,99.0,97.0,9.817710012,38.47599711,6.521827798678536,2.284187898837869
BRN,Brunei Darussalam,2020,High income,EAS,Western Pacific,447404.0,69787.9632795717,658.38983154,100.0,97.0475546033103,99.0,99.0,9.727915551666667,38.51055345,6.4913149097422655,2.2749996442308134
BRN,Brunei Darussalam,2021,High income,EAS,Western Pacific,451721.0,78248.797127611,665.87030029,100.0,98.2641900046024,99.0,99.0,9.630400279666668,43.84470643,6.502595574668486,2.2649247908513535
BRN,Brunei Darussalam,2022,High income,EAS,Western Pacific,455370.0,81801.7459224403,648.55499268,100.0,99.4808254058944,99.0,97.0,9.51639711,88.1514854,6.476287501779687,2.2530163223392377
BTN,Bhutan,2000,Lower middle income,SAS,South-East Asia,596863.0,3113.045439264,30.5911293,83.7501240711568,44.0519313998862,92.0,78.0,78.445906650875,323.7173519,3.4528763628296635,4.362409300008618
BTN,Bhutan,2001,Lower middle income,SAS,South-East Asia,610794.0,3338.49246893448,35.08880234,84.6535806640707,44.4113711801723,88.0,78.0,73.97109317075001,285.5867273,3.585982632734142,4.303674384059589
BTN,Bhutan,2002,Lower middle income,SAS,South-East Asia,624409.0,3662.80907177599,32.9380188,85.6151812486618,46.6649669760176,86.0,78.0,69.601659293875,256.5561995,3.524535884501804,4.242788407485434
BTN,Bhutan,2003,Lower middle income,SAS,South-East Asia,637663.0,3942.28144580049,37.15467834,86.5628618532112,48.8831966104405,95.0,88.0,65.3374512825,229.250353,3.641648380356172,4.179565398410294
BTN,Bhutan,2004,Lower middle income,SAS,South-East Asia,650544.0,4172.78217119849,46.06135941,87.4959833141751,51.0646518155056,89.0,87.0,61.158962736375,207.1775324,3.851452269622334,4.113476421080139
BTN,Bhutan,2005,Lower middle income,SAS,South-East Asia,661865.0,4523.35970644529,46.79434204,88.4084271837874,53.1957068456674,95.0,93.0,57.082342085,186.4620902,3.866907265127424,4.0444948233891465
BTN,Bhutan,2006,Lower middle income,SAS,South-East Asia,670799.0,4860.27017151102,54.21236038,89.2613067874058,55.1902160222257,95.0,90.0,53.2168412725,166.6717171,4.011186848144261,3.9743749115239413
BTN,Bhutan,2007,Lower middle income,SAS,South-East Asia,678641.0,5728.91569471022,64.72015381,90.1032675931057,57.1569433731048,95.0,95.0,49.583509257,148.955058,4.185405633549774,3.9036583037916714
BTN,Bhutan,2008,Lower middle income,SAS,South-East Asia,686351.0,6035.21741147854,57.59343338,90.9340269726951,59.0952861405735,96.0,99.0,46.1984029755,132.6520815,4.070622631942185,3.8329452298603486
BTN,Bhutan,2009,Lower middle income,SAS,South-East Asia,693988.0,6466.0974491583,59.74616623,91.7530531120039,61.0391347142958,93.0,94.0,43.072626193625,121.2292733,4.106703972904204,3.7628876722158258
BTN,Bhutan,2010,Lower middle income,SAS,South-East Asia,701632.0,7245.77263522404,72.38789368,92.5602860254371,62.9550752421624,91.0,95.0,40.252012230625,106.5516301,4.29575898577721,3.695159995922402
BTN,Bhutan,2011,Lower middle income,SAS,South-East Asia,709377.0,7935.46760973088,77.75431824,93.3554661162874,64.8429159627493,95.0,95.0,37.72920934125,95.77047334,4.366333110996021,3.630434578051636
BTN,Bhutan,2012,Lower middle income,SAS,South-East Asia,717279.0,8577.40731901004,84.0940094,94.1374950272393,66.7004803420863,97.0,95.0,35.591001642625,85.98676745,4.443756638271884,3.57209284306046
BTN,Bhutan,2013,Lower middle income,SAS,South-East Asia,725273.0,8666.91063590069,86.41462708,94.9064132984793,68.5280843950493,97.0,94.0,33.7558683545,79.20377145,4.470662626553456,3.519154279374026
BTN,Bhutan,2014,Lower middle income,SAS,South-East Asia,733139.0,9323.39448941386,87.19132233,95.6623573310029,70.3262594115748,99.0,97.0,32.15981457,73.3785391,4.479508571891319,3.470717678435934
BTN,Bhutan,2015,Lower middle income,SAS,South-East Asia,740618.0,10213.8139608922,96.86671448,96.4055382033785,72.0956866215508,99.0,97.0,30.81506605125,68.354843,4.58360649662799,3.428003727889112
BTN,Bhutan,2016,Lower middle income,SAS,South-East Asia,747866.0,11273.2823807676,97.42939758,97.1361403441531,73.8369686889029,98.0,97.0,29.582836721125,63.31074206,4.589339515333861,3.387194352654965
BTN,Bhutan,2017,Lower middle income,SAS,South-East Asia,754335.0,11677.4142659974,103.63583374,97.8543901425613,75.5507698570494,98.0,97.0,28.506202357125,58.40546491,4.650486071740402,3.3501216901631685
BTN,Bhutan,2018,Lower middle income,SAS,South-East Asia,759759.0,11969.5615003305,102.01222992,98.426622147403,77.2378421749847,97.0,97.0,27.429289271625,55.23221629,4.6348477182683245,3.311611393991332
BTN,Bhutan,2019,Lower middle income,SAS,South-East Asia,764824.0,12909.1009840399,115.71811676,98.9633804015347,78.8989372535781,97.0,97.0,26.436488801375,52.33696985,4.7597617694030765,3.2747452074272445
BTN,Bhutan,2020,Lower middle income,SAS,South-East Asia,770006.0,12475.048003428,134.13723755,99.0775205402574,80.5347803811223,95.0,93.0,25.486961952125,51.35272887,4.906290836520991,3.238167025412913
BTN,Bhutan,2021,Lower middle income,SAS,South-East Asia,775442.0,13458.812666743,161.46617126,99.1933487306505,82.1461906791953,98.0,97.0,24.670957244625,49.92042242,5.090469803236443,3.205626731759506
BTN,Bhutan,2022,Lower middle income,SAS,South-East Asia,780914.0,15063.8105763072,138.00679016,99.3108092905856,83.7339782184806,98.0,97.0,23.8498448425,48.56862902,4.934522782009508,3.1717777117576333
BWA,Botswana,2000,Upper middle income,SSF,Africa,1677382.0,9380.37607253972,206.93144226,75.45956642678,53.7395555164228,97.0,91.0,81.08024018633334,135.6640021,5.337208420850579,4.39543928391702
BWA,Botswana,2001,Upper middle income,SSF,Africa,1712254.0,9419.79390743785,203.01203918,75.7549489796856,54.7451404334018,97.0,91.0,81.17867240100001,137.9404942,5.3181790076911,4.396652557507626
BWA,Botswana,2002,Upper middle income,SSF,Africa,1744763.0,9957.74055935149,206.11392212,75.9139062526894,55.6040876882088,97.0,92.0,79.929663021,139.7492744,5.333268990285023,4.381147035702605
BWA,Botswana,2003,Upper middle income,SSF,Africa,1775736.0,10438.7580333449,269.58544922,76.0519848505784,56.4322629301627,96.0,92.0,78.41477247466666,142.4809179,5.600587942007093,4.362012334028479
BWA,Botswana,2004,Upper middle income,SSF,Africa,1807146.0,10818.1586503167,297.2512207,76.1888838062927,57.2488048403831,96.0,93.0,76.208410063,151.2597185,5.697936153844754,4.3334718248833095
BWA,Botswana,2005,Upper middle income,SSF,Africa,1839877.0,11458.2270967968,281.38796997,76.3234089658612,58.0524375220249,96.0,93.0,70.192915646,166.2855662,5.643281905455339,4.251247389215684
BWA,Botswana,2006,Upper middle income,SSF,Africa,1874516.0,12562.9649932723,258.01873779,77.3793746447191,58.8441205990319,96.0,94.0,64.23824880866667,204.1794235,5.556900405762179,4.16259880912788
BWA,Botswana,2007,Upper middle income,SSF,Africa,1911201.0,13388.7379138475,305.22042847,78.8176379061459,59.9949103231663,96.0,95.0,61.53751025,201.2441642,5.724305197098751,4.119646911649408
BWA,Botswana,2008,Upper middle income,SSF,Africa,1949970.0,13810.355526136,324.54284668,80.2083565652811,61.1111581446206,96.0,95.0,60.25340164833333,198.7261855,5.785494086411204,4.09855902967052
BWA,Botswana,2009,Upper middle income,SSF,Africa,1990673.0,11686.1846639657,336.53146362,81.548204891568,62.1889472021203,96.0,96.0,57.677177271333335,212.6686549,5.821658731508094,4.054861554042264
BWA,Botswana,2010,Upper middle income,SSF,Africa,2033111.0,12753.3066340117,389.55178833,82.8396938380661,63.2298770256248,95.0,96.0,55.739254501000005,228.4342289,5.967560581049791,4.020684647385962
BWA,Botswana,2011,Upper middle income,SSF,Africa,2073535.0,13635.4267666146,427.70709229,84.0822411614888,64.2325786938522,95.0,97.0,56.64676915266667,269.0407241,6.060773917180638,4.036834954120666
BWA,Botswana,2012,Upper middle income,SSF,Africa,2108617.0,12736.5833891004,418.82244873,85.1198176551296,65.037275052661,95.0,97.0,53.33809855500001,288.0631502,6.039831880778149,3.976650870480681
BWA,Botswana,2013,Upper middle income,SSF,Africa,2140682.0,13621.1494726695,433.29150391,86.1035328726968,65.7908304969597,95.0,97.0,50.94247879,221.2480601,6.073715976627803,3.9306971293410986
BWA,Botswana,2014,Upper middle income,SSF,Africa,2172044.0,15003.3197518349,418.82452393,87.0620077919626,66.5214936855642,95.0,97.0,51.04875952166666,211.5097733,6.03983682380794,3.9327812450336923
BWA,Botswana,2015,Upper middle income,SSF,Africa,2203273.0,14143.6940733728,374.79058838,87.9952713631677,67.2288878869323,95.0,97.0,49.720187191,140.5331074,5.9290320424401015,3.9064110315388825
BWA,Botswana,2016,Upper middle income,SSF,Africa,2234776.0,16228.1231235664,389.3107605,88.9036684785342,67.9129615984092,95.0,97.0,48.900574551000005,72.26346162,5.966943243624618,3.889789145921004
BWA,Botswana,2017,Upper middle income,SSF,Africa,2266747.0,15700.6650479641,471.05056763,89.7870788598082,68.5731443566445,95.0,97.0,46.45800201266667,46.25715424,6.157086114656353,3.8385487219549246
BWA,Botswana,2018,Upper middle income,SSF,Africa,2299141.0,15785.819633781,447.4473877,90.6438201661521,69.2069921595304,95.0,97.0,45.829570663666665,99.17532301,6.105791367371441,3.82492953045766
BWA,Botswana,2019,Upper middle income,SSF,Africa,2332083.0,15960.0156143903,438.28546143,91.4749479975469,69.8150599678289,95.0,97.0,44.870671961333336,100.1077922,6.085149455578636,3.803784395613072
BWA,Botswana,2020,Upper middle income,SSF,Africa,2365894.0,15292.2624673252,386.28860474,91.5461365187927,70.3974291175514,95.0,87.0,43.80950244566666,97.80308548,5.959170163779573,3.779850744666283
BWA,Botswana,2021,Upper middle income,SSF,Africa,2401441.0,17960.6254447437,492.14276123,91.6110310251098,70.9542350453954,95.0,97.0,41.94455529766668,165.4448813,6.200798708654939,3.736348634207646
BWA,Botswana,2022,Upper middle income,SSF,Africa,2439892.0,19976.8343794474,477.77633667,91.6703014636918,71.4864919930582,86.0,90.0,40.60603669466666,120.4160462,6.171233550302937,3.703916742615617
CAF,Central African Republic,2000,Low income,SSF,Africa,3833416.0,639.836997022267,9.9123354,59.0104891106011,20.5939671158027,37.0,36.0,165.50104488475,1489.749136,2.38989383743226,5.1089775083002085
CAF,Central African Republic,2001,Low income,SSF,Africa,3919487.0,668.445939283473,9.20995235,57.8285760231061,20.5472812527442,40.0,35.0,162.725929832875,1503.944962,2.32336296517254,5.092067373578706
CAF,Central African Republic,2002,Low income,SSF,Africa,4006077.0,688.18045108872,10.44132614,56.6533336515989,20.5005930190466,44.0,42.0,159.39949656037498,1495.715664,2.437231900561965,5.07141360800969
CAF,Central African Republic,2003,Low income,SSF,Africa,4103086.0,648.193215397331,12.15000153,55.4843767503789,20.4536055406808,47.0,49.0,155.917142662375,1487.440771,2.576421874973577,5.049324729366785
CAF,Central African Republic,2004,Low income,SSF,Africa,4192826.0,690.426514027755,12.96809387,54.321703276721,20.4063183359002,51.0,55.0,152.189213121375,1449.506959,2.636775719435489,5.025124569863245
CAF,Central African Republic,2005,Low income,SSF,Africa,4288810.0,702.460624591232,13.93517494,53.1725538897854,19.9721484876891,54.0,62.0,148.2829346915,1388.772334,2.7037191650243124,4.999122169639824
CAF,Central African Republic,2006,Low income,SSF,Africa,4377579.0,743.287480208983,15.15495491,52.0363869925111,19.5450443579564,51.0,61.0,143.713891237125,1336.845604,2.782226808186216,4.967824456729705
CAF,Central African Republic,2007,Low income,SSF,Africa,4462770.0,783.355445280928,18.24629021,50.9129861465533,19.1248924348841,48.0,59.0,139.467558215375,1271.238839,2.9573183257979725,4.937832016619831
CAF,Central African Republic,2008,Low income,SSF,Africa,4558984.0,797.652806166077,18.02888489,49.801462843986,18.7110288344225,45.0,58.0,135.5835056385,1233.969203,2.945958082113492,4.909587728273499
CAF,Central African Republic,2009,Low income,SSF,Africa,4529047.0,877.252131104878,21.37773895,48.7012778059616,18.3030854351949,42.0,56.0,20.469548690625,1271.635354,3.108066667842467,3.018938352074265
CAF,Central African Republic,2010,Low income,SSF,Africa,4492995.0,936.485497371468,17.01008034,47.6121825064348,17.9009516216973,45.0,53.0,149.183966448375,1230.085929,2.890931620032996,5.005180218512305
CAF,Central African Republic,2011,Low income,SSF,Africa,4565021.0,980.185520951852,19.62990761,46.5333196670966,17.5040118095515,47.0,49.0,125.32896303925,1131.479738,3.0267418486436606,4.830941984746148
CAF,Central African Republic,2012,Low income,SSF,Africa,4610848.0,1062.06809941049,21.33021736,45.4644259836138,17.1121597682915,47.0,48.0,122.207599522125,1092.497105,3.105940799794839,4.805721234019251
CAF,Central African Republic,2013,Low income,SSF,Africa,4642419.0,709.853481245446,17.36794472,44.4049337595255,16.7250416550218,23.0,25.0,133.51657054025,1091.691099,2.9106070105507458,4.894225594034574
CAF,Central African Republic,2014,Low income,SSF,Africa,4623182.0,698.963738923072,18.7120266,43.3540006911393,16.3420825760043,45.0,47.0,182.52524553275,1034.404217,2.981228936782017,5.206888495141902
CAF,Central African Republic,2015,Low income,SSF,Africa,4629320.0,768.870887999174,18.44194221,42.3113468572103,15.9631877672806,43.0,46.0,114.087982253875,980.5402423,2.96743270196364,4.736969924886762
CAF,Central African Republic,2016,Low income,SSF,Africa,4713663.0,826.013301383169,21.07796097,41.2766435897443,15.5882414691861,42.0,45.0,126.0371303595,962.4714599,3.094579869771425,4.836576548933123
CAF,Central African Republic,2017,Low income,SSF,Africa,4793511.0,883.810734876066,28.81619644,40.2488145100733,15.2164870297134,42.0,41.0,152.3370360735,1093.459685,3.395051750564161,5.026095408758916
CAF,Central African Republic,2018,Low income,SSF,Africa,4878657.0,905.817788941094,51.3541069,39.2275482962991,14.8478356260426,40.0,39.0,119.725505269625,881.3482544,3.958030385051285,4.785201666471386
CAF,Central African Republic,2019,Low income,SSF,Africa,4944703.0,984.843183678857,35.76099014,38.2122663974409,14.481982156805,38.0,37.0,243.079241835875,1650.18956,3.604437232380452,5.493387488272143
CAF,Central African Republic,2020,Low income,SSF,Africa,5026628.0,1066.29005423151,42.63476563,37.2024024961025,14.1186349646869,37.0,36.0,122.557142460625,1296.178864,3.775854209453835,4.808577390288235
CAF,Central African Republic,2021,Low income,SSF,Africa,5112100.0,1128.55237996459,46.25038147,36.1973817854423,13.7575074575386,35.0,34.0,171.20394090825,1127.064894,3.855460727346315,5.142855482766591
CAF,Central African Republic,2022,Low income,SSF,Africa,5098039.0,1217.84977141155,47.91523361,36.2950440146654,13.8462941483121,33.0,32.0,387.40347478825,840.8235124,3.890088873733621,5.959466720442866
CAN,Canada,2000,High income,NAC,Americas,30685730.0,29347.7879802126,1988.15942383,99.5548066941218,99.8666796985606,89.0,96.0,6.218628246000001,8.987356264,7.595467428397065,1.8275493432004406
CAN,Canada,2001,High income,NAC,Americas,31020855.0,30241.0326530827,2041.87512207,99.5594403921651,99.8688346973746,89.0,95.0,6.186105552,9.543357826,7.622113468167243,1.8223057371628926
CAN,Canada,2002,High income,NAC,Americas,31359199.0,30963.9218856684,2134.84960938,99.5605310127561,99.869342983024,88.0,95.0,6.170215927666667,9.963341791,7.666619790007721,1.8197338336852724
CAN,Canada,2003,High income,NAC,Americas,31642461.0,32349.8829577427,2534.86474609,99.5616379756981,99.8698601366665,91.0,95.0,6.1556297466666665,10.26440152,7.838289980574106,1.8173670690519665
CAN,Canada,2004,High income,NAC,Americas,31938807.0,33929.2936832786,2896.19335938,99.5627264648411,99.8703662409249,91.0,94.0,6.128938614333333,10.34215741,7.971497740236534,1.813021588844584
CAN,Canada,2005,High income,NAC,Americas,32242732.0,36328.378994377,3268.46850586,99.4969698010964,99.8639583203514,93.0,94.0,6.086041278,11.17144004,8.09238271424657,1.8059978339033067
CAN,Canada,2006,High income,NAC,Americas,32571193.0,38122.648589039,3758.35961914,99.4312610155848,99.8430162755526,95.0,93.0,6.026731720333333,11.20822066,8.232003907820344,1.7962048605407601
CAN,Canada,2007,High income,NAC,Americas,32888886.0,39572.9304428478,4187.87255859,99.3664505915258,99.7607606816524,94.0,94.0,5.95373235,11.39831924,8.340186897612442,1.784018308610378
CAN,Canada,2008,High income,NAC,Americas,33247298.0,40376.0882836384,4454.11621094,99.3013182064874,99.6782742849719,92.0,93.0,5.875238822,11.89834563,8.401808425073106,1.7707467097572027
CAN,Canada,2009,High income,NAC,Americas,33630069.0,38863.2485560636,4355.83056641,99.235861272703,99.5955583039344,91.0,91.0,5.795961361333333,12.05524387,8.379500137688586,1.7571613579995922
CAN,Canada,2010,High income,NAC,Americas,34005902.0,40103.1114399673,5060.88818359,99.1700909228102,99.5126181540999,89.0,90.0,5.718475469,11.38250298,8.52949485148733,1.7437022434686325
CAN,Canada,2011,High income,NAC,Americas,34339221.0,41666.8374590278,5399.98779297,99.1038601959252,99.4293838454061,87.0,88.0,5.641961174666666,11.3317129,8.59433714044777,1.7302317310720197
CAN,Canada,2012,High income,NAC,Americas,34713395.0,42291.9729357094,5518.5703125,99.0365046606561,99.3455544247407,91.0,89.0,5.567034244666666,11.46628415,8.616055294302894,1.7168624605506326
CAN,Canada,2013,High income,NAC,Americas,35080992.0,44301.0562529133,5460.03173828,98.9690828452765,99.2616780948354,91.0,90.0,5.491355812333333,11.1419004,8.605393013942626,1.7031751853839066
CAN,Canada,2014,High income,NAC,Americas,35434066.0,45758.1007297304,5209.93164063,98.9015865745503,99.1777500183005,91.0,90.0,5.416672087999999,11.5108646,8.55851393654069,1.6894816209686743
CAN,Canada,2015,High income,NAC,Americas,35704498.0,44668.0912814303,4658.83789063,98.8340306892804,99.0937780508687,91.0,89.0,5.345027010666667,11.31237425,8.44673593909614,1.6761665979098277
CAN,Canada,2016,High income,NAC,Americas,36110803.0,46470.6466391109,4647.14892578,98.7664020547712,99.0097526693879,91.0,89.0,5.2799687010000005,12.00389721,8.444224338848915,1.6639201698596915
CAN,Canada,2017,High income,NAC,Americas,36545075.0,48317.3874457163,4894.7734375,98.6987271756663,98.9256763278337,91.0,90.0,5.224071328666667,12.26457666,8.496127548101015,1.6532770459135842
CAN,Canada,2018,High income,NAC,Americas,37072620.0,49982.5999118346,5052.90185547,98.6309996680104,98.84154412867,91.0,90.0,5.1785760776666665,12.58051758,8.527915868580717,1.6445301300012893
CAN,Canada,2019,High income,NAC,Americas,37618495.0,50498.9731057448,5098.88720703,98.5631782582907,98.7573247700797,91.0,90.0,5.140334082,12.26644467,8.536973702199221,1.6371180738529474
CAN,Canada,2020,High income,NAC,Americas,38028638.0,48590.6832121939,5646.19433594,98.4952442433058,98.6730086081464,92.0,90.0,5.111102996666666,16.65173521,8.638914123095208,1.6314152315429196
CAN,Canada,2021,High income,NAC,Americas,38239864.0,56995.1176781351,6511.46972656,98.4271662446964,98.5885671606396,92.0,90.0,5.092262818,13.58173958,8.781474037537958,1.6277222932673718
CAN,Canada,2022,High income,NAC,Americas,38935934.0,63944.1050100687,6252.34033203,98.35892858848,98.5883597851291,92.0,92.0,5.080829590333333,14.63701438,8.740871053086043,1.6254745534412776
CHE,Switzerland,2000,High income,ECS,Europe,7184250.0,36703.066164663,3550.12597656,100.0,99.8809744521453,93.0,82.0,5.624382952333334,8.765515503,8.175020008675405,1.7271112447103252
CHE,Switzerland,2001,High income,ECS,Europe,7229854.0,37818.9074517374,3751.75244141,99.9999998783755,99.8809658313733,93.0,82.0,5.528896938666667,8.476837749,8.230244834105658,1.7099883270421978
CHE,Switzerland,2002,High income,ECS,Europe,7284753.0,38704.9584597242,4198.36376953,100.0,99.8809871491783,93.0,82.0,5.424542075666667,8.838943742,8.342688309351447,1.6909334858484366
CHE,Switzerland,2003,High income,ECS,Europe,7339001.0,38732.3849513213,5005.11816406,100.0,99.8810032241511,93.0,82.0,5.305074569666666,8.187467928,8.518416076199754,1.6686638284547453
CHE,Switzerland,2004,High income,ECS,Europe,7389625.0,40171.1805746279,5593.4765625,100.0,99.8810219544494,93.0,82.0,5.180290154000001,8.206991055,8.629535061856572,1.6448610689883645
CHE,Switzerland,2005,High income,ECS,Europe,7437115.0,41524.8488732932,5661.17431641,99.9999983311842,99.8810375348048,94.0,87.0,5.055135870333333,8.392102568,8.641563252271405,1.6204047305154372
CHE,Switzerland,2006,High income,ECS,Europe,7483934.0,46265.6820679271,5657.28222656,100.0,99.8810597647058,94.0,87.0,4.93387428,7.970579248,8.640875631593108,1.5961245374420412
CHE,Switzerland,2007,High income,ECS,Europe,7551117.0,50927.630857566,6124.81445313,99.9999997540921,99.8810759344812,94.0,87.0,4.8217431956666665,7.465491542,8.720266998512535,1.5731355215317155
CHE,Switzerland,2008,High income,ECS,Europe,7647675.0,53808.7841127066,7075.70751953,99.9999971629862,99.8810918351395,95.0,92.0,4.719659507666666,7.359678136,8.864564038908902,1.5517366587891637
CHE,Switzerland,2009,High income,ECS,Europe,7743831.0,52998.98846352,7263.62695313,100.0,99.8811142742757,95.0,92.0,4.630901755,7.06671994,8.890772226183595,1.5327516126331149
CHE,Switzerland,2010,High income,ECS,Europe,7824909.0,54426.2828092789,7645.25732422,99.9999991015242,99.8811300380304,95.0,92.0,4.553209608333334,7.436660549,8.941971568440247,1.5158323927041868
CHE,Switzerland,2011,High income,ECS,Europe,7912398.0,57493.5810559211,9139.43066406,99.9999978036397,99.884002235061,96.0,93.0,4.487977398333333,7.450626466,9.120462781944276,1.5014021321857298
CHE,Switzerland,2012,High income,ECS,Europe,7996861.0,59440.9158607666,8868.98144531,100.0,99.8868750975179,96.0,93.0,4.4313148306666665,6.825280631,9.090427983453637,1.4886963415250818
CHE,Switzerland,2013,High income,ECS,Europe,8089346.0,61656.4661708516,9247.28417969,100.0,99.8897357144211,96.0,93.0,4.380328558,6.716236947,9.132193319212748,1.4771237348170114
CHE,Switzerland,2014,High income,ECS,Europe,8188649.0,63417.0438110319,9469.6640625,99.9999983307103,99.8925900927449,96.0,94.0,4.328454602666667,6.383149919,9.15595430647771,1.4652105736128391
CHE,Switzerland,2015,High income,ECS,Europe,8282396.0,65265.04573356,9200.10058594,100.0,99.8954458615596,96.0,94.0,4.2670926583333335,6.320820897,9.127078384788687,1.4509327190704764
CHE,Switzerland,2016,High income,ECS,Europe,8373338.0,67350.7518747757,9201.47460938,99.9999985540874,99.8982917124867,96.0,94.0,4.200445407666667,6.665261399,9.127227706149126,1.4351905691109224
CHE,Switzerland,2017,High income,ECS,Europe,8451840.0,68193.5055940262,9354.22070313,100.0,99.8998756361922,96.0,95.0,4.134171351,6.15792596,9.143689830426696,1.4192869096023237
CHE,Switzerland,2018,High income,ECS,Europe,8514329.0,70688.8187491194,9541.07421875,99.999997064468,99.8998706855138,96.0,95.0,4.077650044333333,6.256905481,9.163466164158358,1.4055208529557606
CHE,Switzerland,2019,High income,ECS,Europe,8575280.0,73732.2353322093,9609.80273438,99.9999991347299,99.8998728058584,96.0,95.0,4.031018816666666,5.932969179,9.17064302962877,1.3940191521138798
CHE,Switzerland,2020,High income,ECS,Europe,8638167.0,72997.8239503282,10294.578125,100.0,99.8998740977632,97.0,97.0,3.998329021,5.286519203,9.239469773786128,1.3858765290902446
CHE,Switzerland,2021,High income,ECS,Europe,8704546.0,81001.4111206118,11197.76464844,99.9999966128277,99.8998704339259,96.0,95.0,3.975260255,4.477398539,9.323558751953348,1.3800902189190096
CHE,Switzerland,2022,High income,ECS,Europe,8777088.0,94421.4576550424,10930.13964844,100.0,99.8998753786739,96.0,96.0,3.957715631,3.872845898,9.299370843661867,1.3756669979595635
CHI,Channel Islands,2000,High income,ECS,Europe,148110.0,10929.3002607587,1610.73034668,95.08595516798411,98.89632012252255,96.0,95.0,20.469548690625,10.015977665,7.385063630339435,3.018938352074265
CHI,Channel Islands,2001,High income,ECS,Europe,148850.0,10929.3002607587,1610.73034668,95.08595516798411,98.89632012252255,96.0,95.0,20.469548690625,10.015977665,7.385063630339435,3.018938352074265
CHI,Channel Islands,2002,High income,ECS,Europe,149881.0,10929.3002607587,1610.73034668,95.08595516798411,98.89632012252255,96.0,95.0,20.469548690625,10.015977665,7.385063630339435,3.018938352074265
CHI,Channel Islands,2003,High income,ECS,Europe,150960.0,10929.3002607587,1610.73034668,95.08595516798411,98.89632012252255,96.0,95.0,20.469548690625,10.015977665,7.385063630339435,3.018938352074265
CHI,Channel Islands,2004,High income,ECS,Europe,152039.0,10929.3002607587,1610.73034668,95.08595516798411,98.89632012252255,96.0,95.0,20.469548690625,10.015977665,7.385063630339435,3.018938352074265
CHI,Channel Islands,2005,High income,ECS,Europe,153126.0,10929.3002607587,1610.73034668,95.08595516798411,98.89632012252255,96.0,95.0,20.469548690625,10.015977665,7.385063630339435,3.018938352074265
CHI,Channel Islands,2006,High income,ECS,Europe,154214.0,10929.3002607587,1610.73034668,95.08595516798411,98.89632012252255,96.0,95.0,20.469548690625,10.015977665,7.385063630339435,3.018938352074265
CHI,Channel Islands,2007,High income,ECS,Europe,155309.0,10929.3002607587,1610.73034668,95.08595516798411,98.89632012252255,96.0,95.0,20.469548690625,10.015977665,7.385063630339435,3.018938352074265
CHI,Channel Islands,2008,High income,ECS,Europe,156408.0,10929.3002607587,1610.73034668,95.08595516798411,98.89632012252255,96.0,95.0,20.469548690625,10.015977665,7.385063630339435,3.018938352074265
CHI,Channel Islands,2009,High income,ECS,Europe,157511.0,10929.3002607587,1610.73034668,95.08595516798411,98.89632012252255,96.0,95.0,20.469548690625,10.015977665,7.385063630339435,3.018938352074265
CHI,Channel Islands,2010,High income,ECS,Europe,158621.0,10929.3002607587,1610.73034668,95.08595516798411,98.89632012252255,96.0,95.0,20.469548690625,10.015977665,7.385063630339435,3.018938352074265
CHI,Channel Islands,2011,High income,ECS,Europe,159706.0,10929.3002607587,1610.73034668,95.08595516798411,98.89632012252255,96.0,95.0,20.469548690625,10.015977665,7.385063630339435,3.018938352074265
CHI,Channel Islands,2012,High income,ECS,Europe,160767.0,10929.3002607587,1610.73034668,95.08595516798411,98.89632012252255,96.0,95.0,20.469548690625,10.015977665,7.385063630339435,3.018938352074265
CHI,Channel Islands,2013,High income,ECS,Europe,161777.0,10929.3002607587,1610.73034668,95.08595516798411,98.89632012252255,96.0,95.0,20.469548690625,10.015977665,7.385063630339435,3.018938352074265
CHI,Channel Islands,2014,High income,ECS,Europe,162726.0,10929.3002607587,1610.73034668,95.08595516798411,98.89632012252255,96.0,95.0,20.469548690625,10.015977665,7.385063630339435,3.018938352074265
CHI,Channel Islands,2015,High income,ECS,Europe,163454.0,10929.3002607587,1610.73034668,95.08595516798411,98.89632012252255,96.0,95.0,20.469548690625,10.015977665,7.385063630339435,3.018938352074265
CHI,Channel Islands,2016,High income,ECS,Europe,163883.0,10929.3002607587,1610.73034668,95.08595516798411,98.89632012252255,96.0,95.0,20.469548690625,10.015977665,7.385063630339435,3.018938352074265
CHI,Channel Islands,2017,High income,ECS,Europe,164319.0,10929.3002607587,1610.73034668,95.08595516798411,98.89632012252255,96.0,95.0,20.469548690625,10.015977665,7.385063630339435,3.018938352074265
CHI,Channel Islands,2018,High income,ECS,Europe,164949.0,10929.3002607587,1610.73034668,95.08595516798411,98.89632012252255,96.0,95.0,20.469548690625,10.015977665,7.385063630339435,3.018938352074265
CHI,Channel Islands,2019,High income,ECS,Europe,165639.0,10929.3002607587,1610.73034668,95.08595516798411,98.89632012252255,96.0,95.0,20.469548690625,10.015977665,7.385063630339435,3.018938352074265
CHI,Channel Islands,2020,High income,ECS,Europe,166235.0,10929.3002607587,1610.73034668,95.08595516798411,98.89632012252255,96.0,95.0,20.469548690625,10.015977665,7.385063630339435,3.018938352074265
CHI,Channel Islands,2021,High income,ECS,Europe,166741.0,10929.3002607587,1610.73034668,95.08595516798411,98.89632012252255,96.0,95.0,20.469548690625,10.015977665,7.385063630339435,3.018938352074265
CHI,Channel Islands,2022,High income,ECS,Europe,167215.0,10929.3002607587,1610.73034668,95.08595516798411,98.89632012252255,96.0,95.0,20.469548690625,10.015977665,7.385063630339435,3.018938352074265
CHL,Chile,2000,High income,LCN,Americas,15503635.0,9375.65991088758,353.25033569,96.3391511046989,93.0315875725164,91.0,97.0,10.919803676666668,32.94284347,5.870003826177962,2.390577991827919
CHL,Chile,2001,High income,LCN,Americas,15683849.0,9775.51016241925,323.63336182,96.5072402967363,93.4409142723436,97.0,96.0,10.264064612,31.57899236,5.782696428049323,2.3286489223052134
CHL,Chile,2002,High income,LCN,Americas,15857925.0,10132.9107703924,319.53222656,96.6625859523194,93.8324984055007,97.0,95.0,9.750130011333331,30.39743638,5.769982822195058,2.2772806194165787
CHL,Chile,2003,High income,LCN,Americas,16024752.0,10708.3644963118,346.1635437,96.7800041993786,94.1786535457262,96.0,96.0,9.458600009333331,29.27009146,5.849795976409163,2.2469243815553734
CHL,Chile,2004,High income,LCN,Americas,16187322.0,11612.4368780779,422.96481323,96.8968896897354,94.5235711330979,93.0,94.0,9.281912187333331,28.09702199,6.0496504641231965,2.2280675802413015
CHL,Chile,2005,High income,LCN,Americas,16348778.0,12550.4348007645,495.56002808,97.0126905323196,94.8666435594801,91.0,90.0,9.114324098666666,27.48591379,6.207704378654453,2.209847252739018
CHL,Chile,2006,High income,LCN,Americas,16509195.0,15510.7700739452,565.8493042,97.1279537978578,95.2084736344443,94.0,91.0,8.959626392333332,26.75997964,6.340093490977629,2.192728528833257
CHL,Chile,2007,High income,LCN,Americas,16671581.0,16697.5160217416,643.05963135,97.2423387378927,95.5487017791555,96.0,92.0,8.865306726333333,25.68844027,6.467791317081652,2.182145538626807
CHL,Chile,2008,High income,LCN,Americas,16838988.0,16375.9648536011,719.07501221,97.3561722018665,95.8876613172274,95.0,96.0,8.840452521333333,24.40544266,6.579355390208364,2.179338065535457
CHL,Chile,2009,High income,LCN,Americas,17009731.0,15951.3304877878,730.63336182,97.4691378531682,96.2250417785822,94.0,93.0,8.815765496666666,23.90557451,6.595279516652514,2.1765416523138876
CHL,Chile,2010,High income,LCN,Americas,17181464.0,17917.8951217097,861.72436523,97.5812457914008,96.5608717645089,92.0,93.0,8.718250729666666,21.70380587,6.760095248676636,2.1654186134011106
CHL,Chile,2011,High income,LCN,Americas,17351816.0,20121.6834214209,984.4486084,97.6928032000078,96.895427820741,94.0,91.0,8.558528254,19.96513498,6.893096977490771,2.1469282424275624
CHL,Chile,2012,High income,LCN,Americas,17519119.0,21366.1771264909,1070.51293945,97.8035215361194,97.2284642217627,90.0,90.0,8.379340581333333,18.38320263,6.97682689085565,2.1257692218194433
CHL,Chile,2013,High income,LCN,Americas,17687006.0,22201.0660684337,1171.77038574,97.9135421057834,97.5601040614425,91.0,90.0,8.212449783333334,16.94690696,7.067124079909758,2.1056512691294267
CHL,Chile,2014,High income,LCN,Americas,17864195.0,22553.6161787372,1138.66113281,98.0228724170245,97.8903546452322,95.0,97.0,8.056132275000001,15.74870478,7.03848624527938,2.0864335747203913
CHL,Chile,2015,High income,LCN,Americas,18047625.0,22468.3125745547,1122.13378906,98.1315104153015,98.2192140338201,96.0,96.0,7.905237685333333,14.44723474,7.023878083047549,2.0675255379302624
CHL,Chile,2016,High income,LCN,Americas,18267221.0,23256.5036042211,1167.89306641,98.240006839884,98.5469573760897,95.0,93.0,7.7327277756666675,13.16912109,7.063812482874,2.0454616820674785
CHL,Chile,2017,High income,LCN,Americas,18558868.0,24295.223766602,1353.69274902,98.3483784150021,98.8734482786872,93.0,93.0,7.509205026,12.10445704,7.211329954110567,2.0161296047801565
CHL,Chile,2018,High income,LCN,Americas,18893191.0,25305.0903462611,1430.70263672,98.4565155199366,99.1482997350228,95.0,93.0,7.235081546,11.39816127,7.266619670035327,1.9789416310634678
CHL,Chile,2019,High income,LCN,Americas,19197744.0,25611.7578269458,1348.99401855,98.5642151245882,99.2440906332437,96.0,95.0,6.964403446666666,11.09543738,7.207855440718956,1.9408119534080452
CHL,Chile,2020,High income,LCN,Americas,19370624.0,25350.8635082972,1270.97814941,98.671391193466,99.3144814902357,93.0,91.0,6.757784539666666,12.30187177,7.148328565615729,1.910695105520851
CHL,Chile,2021,High income,LCN,Americas,19456334.0,29089.850459728,1576.69287109,98.7780212070676,100.0,95.0,92.0,6.681456592333333,14.38931307,7.363718850707214,1.899336016523021
CHL,Chile,2022,High income,LCN,Americas,19553036.0,30932.0010873677,1541.37927246,98.8839274081625,99.9999982963226,96.0,94.0,6.807380380000001,11.70959611,7.34108148526754,1.9180073736155785
CHN,China,2000,Upper middle income,EAS,Western Pacific,1262645000.0,2963.53238602023,42.80797577,80.5934883327843,56.8201092570023,85.0,84.0,36.68455057566667,55.67273811,3.779815896010561,3.6023557011890928
CHN,China,2001,Upper middle income,EAS,Western Pacific,1271850000.0,3258.40210660305,44.36042023,80.9279647085062,57.5684600392291,86.0,85.0,34.12595285566667,52.38762467,3.814639923706389,3.530058175625676
CHN,China,2002,Upper middle income,EAS,Western Pacific,1280400000.0,3590.7659594167,49.92394638,81.8650671947267,59.7190918918749,86.0,85.0,31.479581047,49.76936749,3.930333272257206,3.449339114915535
CHN,China,2003,Upper middle income,EAS,Western Pacific,1288400000.0,4007.11604605423,56.54468155,82.7791612491228,61.8436136467816,86.0,85.0,28.841023826,47.0546958,4.052561716475174,3.3617988119946753
CHN,China,2004,Upper middle income,EAS,Western Pacific,1296075000.0,4504.92937237596,64.28150177,83.6692871081214,63.9406214031558,87.0,86.0,26.326707275333334,44.65178469,4.178708715446387,3.270583909680974
CHN,China,2005,Upper middle income,EAS,Western Pacific,1303720000.0,5148.18273933805,73.00266266,84.5333851261105,66.007414871417,87.0,86.0,23.99410912133333,41.97075905,4.304101074448729,3.177808346941582
CHN,China,2006,Upper middle income,EAS,Western Pacific,1311020000.0,5946.28682830185,82.48256683,85.3617795517819,68.0323487727096,93.0,93.0,21.90740563866667,39.61522002,4.42463782958009,3.0868247366770003
CHN,China,2007,Upper middle income,EAS,Western Pacific,1317885000.0,6935.26580584434,98.5569458,86.1591731490747,70.020980914326,93.0,94.0,20.071103884666663,37.58134353,4.600729800050137,2.999281163022995
CHN,China,2008,Upper middle income,EAS,Western Pacific,1324655000.0,7712.84608425069,133.83999634,86.9310466925724,71.9796237589,97.0,97.0,18.459332939666663,37.96963909,4.9040888632225785,2.9155700929757957
CHN,China,2009,Upper middle income,EAS,Western Pacific,1331260000.0,8447.98281469227,164.87619019,87.6756600660426,73.906061649452,99.0,99.0,17.035648002666665,34.66524566,5.111241667848936,2.835308089876777
CHN,China,2010,Upper middle income,EAS,Western Pacific,1337705000.0,9411.13821903204,188.87156677,88.3938119002149,75.8010481056182,99.0,99.0,15.739616433333332,33.65973173,5.246347879225144,2.756180873780852
CHN,China,2011,Upper middle income,EAS,Western Pacific,1345035000.0,10456.7916826113,239.19824219,89.0737896182727,77.6512502388913,99.0,99.0,14.55512754,32.50723581,5.481464591509197,2.677943339783723
CHN,China,2012,Upper middle income,EAS,Western Pacific,1354190000.0,11420.2527051141,284.69760132,89.7224776817502,79.464667537609,99.0,99.0,13.469793191333332,31.70615084,5.654933913401693,2.6004496370255183
CHN,China,2013,Upper middle income,EAS,Western Pacific,1363240000.0,12228.3736084197,329.08572388,90.3447948783421,81.2468005281191,99.0,99.0,12.460884801333334,29.78556947,5.799352390059648,2.5225945221810853
CHN,China,2014,Upper middle income,EAS,Western Pacific,1371860000.0,12941.5964809146,362.28695679,90.9415850511528,82.9984761523817,99.0,99.0,11.533295657666663,28.11472953,5.895193036545779,2.4452381267139325
CHN,China,2015,Upper middle income,EAS,Western Pacific,1379860000.0,13463.3331511105,393.09768677,91.5125864728114,84.7193121416501,99.0,99.0,10.690173238666668,26.14898373,5.976598814531359,2.369324930580729
CHN,China,2016,Upper middle income,EAS,Western Pacific,1387790000.0,14157.2514988004,398.17489624,92.0580332231986,86.4094766918916,99.0,99.0,9.925658612,24.77920025,5.989399657289613,2.295123183263288
CHN,China,2017,Upper middle income,EAS,Western Pacific,1396215000.0,15022.4371883124,439.94006348,92.577308673558,88.0683084431652,99.0,99.0,9.228533791666669,23.68368781,6.08890895573399,2.2223001834225533
CHN,China,2018,Upper middle income,EAS,Western Pacific,1402760000.0,16298.2050619109,504.10980225,93.068663255545,89.6942189460529,99.0,99.0,8.59865306,21.95719093,6.22477583583886,2.1516055700628907
CHN,China,2019,Upper middle income,EAS,Western Pacific,1407745000.0,17600.8907568493,538.99157715,93.5326999183951,91.2881339239822,99.0,99.0,8.029481884333334,21.08059247,6.2915535415663015,2.0831200033780424
CHN,China,2020,Upper middle income,EAS,Western Pacific,1411100000.0,18267.4783455827,582.95092773,93.9705270769772,92.8514975328901,99.0,99.0,7.508772641333333,19.82301299,6.3698169514381,2.016072022504251
CHN,China,2021,Upper middle income,EAS,Western Pacific,1412360000.0,20843.2978347377,670.25897217,94.6329735273297,94.3857583646751,99.0,99.0,7.032591548666666,20.93228842,6.509155012095012,1.9505552792376564
CHN,China,2022,Upper middle income,EAS,Western Pacific,1412175000.0,23032.1766271143,755.43597412,95.4385845932759,95.8923648413213,99.0,99.0,6.589682955333333,18.29682024,6.628617895304356,1.8855052373925016
CIV,Cote d'Ivoire,2000,Lower middle income,SSF,Africa,17699004.0,3040.57593185363,30.33073425,68.7946138845833,20.0416175559052,65.0,68.0,140.436609237875,377.6591221,3.444599540693312,4.944756207159967
CIV,Cote d'Ivoire,2001,Lower middle income,SSF,Africa,18178913.0,2961.76287274216,30.58369255,69.1799896467784,20.7171311612942,66.0,71.0,137.0055899045,404.5168641,3.452640928844523,4.920021727218365
CIV,Cote d'Ivoire,2002,Lower middle income,SSF,Africa,18654771.0,2851.03041356835,32.55319595,69.5630827839749,21.3928455958678,65.0,71.0,133.356220856,426.7380422,3.5131321181952666,4.893023900128595
CIV,Cote d'Ivoire,2003,Lower middle income,SSF,Africa,19125542.0,2701.74168487851,43.81231308,69.9435023946029,22.0684596804749,62.0,70.0,129.541263721375,450.9825557,3.802482947193538,4.863999469160135
CIV,Cote d'Ivoire,2004,Lower middle income,SSF,Africa,19595000.0,2794.17325719366,47.04700851,70.3215551742465,22.7442737383766,68.0,78.0,125.654009756625,456.2229415,3.872179875621801,4.833532175590449
CIV,Cote d'Ivoire,2005,Lower middle income,SSF,Africa,20068458.0,2841.82308798173,46.69436264,70.6961620276826,23.5549453716697,77.0,84.0,121.534258968625,492.4531383,3.864813207262259,4.800196189855389
CIV,Cote d'Ivoire,2006,Lower middle income,SSF,Africa,20546802.0,2941.82141168912,47.08904266,71.0679891332651,24.3743169320385,77.0,73.0,117.740631504,544.4608455,3.873054347834193,4.76848416713253
CIV,Cote d'Ivoire,2007,Lower middle income,SSF,Africa,21030558.0,2984.53472161562,56.15083694,71.4370073419778,25.2023258965762,76.0,67.0,113.849424971875,567.4679612,4.04569403475301,4.734876741744907
CIV,Cote d'Ivoire,2008,Lower middle income,SSF,Africa,21514439.0,3115.83789187745,64.67678833,71.8031717766337,26.0389018909406,74.0,63.0,109.433412198375,562.1840932,4.184745565197067,4.695316256506631
CIV,Cote d'Ivoire,2009,Lower middle income,SSF,Africa,21997940.0,3176.63242420617,71.06480408,72.1658002425728,26.8833706227341,81.0,67.0,105.754452795375,587.503995,4.277565770874602,4.661119923851977
CIV,Cote d'Ivoire,2010,Lower middle income,SSF,Africa,22488065.0,3360.54408826055,70.04605103,72.5255308385242,27.736273942075,78.0,64.0,102.08712701375,591.6328015,4.263328272843655,4.625826635083989
CIV,Cote d'Ivoire,2011,Lower middle income,SSF,Africa,22982000.0,3175.9192237076,67.97618103,72.8823142494903,28.5975387967836,61.0,49.0,99.005647422,569.3792403,4.233761242537406,4.595176893174272
CIV,Cote d'Ivoire,2012,Lower middle income,SSF,Africa,23467078.0,3290.72306949457,69.86203003,73.2358134121721,29.4667970282772,82.0,74.0,95.926420948625,566.3443628,4.260734747488722,4.56358144914423
CIV,Cote d'Ivoire,2013,Lower middle income,SSF,Africa,23939775.0,3619.01790854865,67.13149261,73.5860051813631,30.3439798658214,75.0,70.0,92.58463960425,544.0469551,4.221439552809208,4.52812324888891
CIV,Cote d'Ivoire,2014,Lower middle income,SSF,Africa,24527395.0,4074.21445539789,74.3581543,73.932866465233,31.2290182892459,73.0,59.0,89.175040367375,521.9787365,4.322252138195355,4.490601183920771
CIV,Cote d'Ivoire,2015,Lower middle income,SSF,Africa,25246342.0,4403.64296618998,58.43181992,74.2789991723986,32.1245714539308,79.0,67.0,86.079108534375,505.1245664,4.084829771827415,4.4552667401142045
CIV,Cote d'Ivoire,2016,Lower middle income,SSF,Africa,25989405.0,4530.64849808487,61.85705566,74.623678155198,33.0299664803717,87.0,73.0,83.534900888625,487.7421823,4.140863190628759,4.425264519243783
CIV,Cote d'Ivoire,2017,Lower middle income,SSF,Africa,26733372.0,4690.17801861096,63.77943039,74.9670485097416,33.945429522791,83.0,70.0,81.095763731625,465.2269388,4.1709881207128605,4.395630724635303
CIV,Cote d'Ivoire,2018,Lower middle income,SSF,Africa,27464173.0,4945.62520575915,65.87952423,75.3089683562102,34.8708875943719,83.0,74.0,78.474453780625,449.053646,4.202892854965258,4.362773142278499
CIV,Cote d'Ivoire,2019,Lower middle income,SSF,Africa,28193009.0,5516.39055126829,68.30471039,75.6490184756229,35.8059580233634,79.0,71.0,75.8485177545,429.4736165,4.238512874881605,4.328738163803993
CIV,Cote d'Ivoire,2020,Lower middle income,SSF,Africa,28915449.0,5543.85096318939,78.97766876,75.9870680852305,36.7505613601134,72.0,63.0,73.651625402625,447.3180787,4.381747455206921,4.299346211947194
CIV,Cote d'Ivoire,2021,Lower middle income,SSF,Africa,29639736.0,6045.20480490879,92.39588928,76.3229847618577,37.704616869195,73.0,65.0,71.322574177,458.9859204,4.536847332274807,4.267212885683468
CIV,Cote d'Ivoire,2022,Lower middle income,SSF,Africa,30395002.0,6719.44381557637,84.89915466,76.6566348508061,38.6680398290793,73.0,62.0,69.14446247875,409.2794182,4.453173987963906,4.236197975059665
CMR,Cameroon,2000,Lower middle income,SSF,Africa,14912631.0,2108.49454959751,30.438097,55.8213658801787,37.5661811000038,62.0,49.0,144.385596981875,678.044001,3.448020437739291,4.972487477591141
CMR,Cameroon,2001,Lower middle income,SSF,Africa,15309490.0,2190.89640724166,29.82297325,56.6676381767761,37.7799954148968,63.0,51.0,141.382637614125,672.3946855,3.428260296686011,4.951469956772808
CMR,Cameroon,2002,Lower middle income,SSF,Africa,15725528.0,2263.05519674356,31.79577446,57.4955566062435,37.9947075137207,66.0,53.0,138.011903375125,658.2593329,3.4902996796521064,4.927339937778826
CMR,Cameroon,2003,Lower middle income,SSF,Africa,16160340.0,2368.10119477369,38.56394196,58.3047768722943,38.3633336781567,73.0,61.0,134.621241905125,644.7839269,3.677918146886325,4.9024652198046486
CMR,Cameroon,2004,Lower middle income,SSF,Africa,16610487.0,2532.64744424214,42.25278473,59.0958722241739,38.736762781943,73.0,64.0,131.2273580675,633.3312453,3.7670616181259553,4.876931376628273
CMR,Cameroon,2005,Lower middle income,SSF,Africa,17074594.0,2597.68039893219,43.10830688,59.8676453814021,39.1141100533379,80.0,68.0,128.01960342825,628.5540316,3.786648129340262,4.852183403976284
CMR,Cameroon,2006,Lower middle income,SSF,Africa,17550407.0,2704.43739800377,44.52022934,60.6211512430006,39.4959944299355,81.0,73.0,124.56715256875,615.2239173,3.81815682803034,4.82484494855495
CMR,Cameroon,2007,Lower middle income,SSF,Africa,18049896.0,2817.7222811838,50.30911255,61.3565272358718,39.8824343932762,82.0,74.0,121.219933676625,604.7944137,3.937868368955536,4.797606529390709
CMR,Cameroon,2008,Lower middle income,SSF,Africa,18574056.0,2870.44106866605,54.58909225,62.0739139861275,40.2734502147764,84.0,80.0,117.662133318375,591.6683435,4.017986999456266,4.767817240483696
CMR,Cameroon,2009,Lower middle income,SSF,Africa,19113974.0,2878.95143886138,51.14823914,62.7730584341751,40.6687438087427,80.0,74.0,114.2333197875,579.4864175,3.9540904155842953,4.738243021632055
CMR,Cameroon,2010,Lower middle income,SSF,Africa,19668066.0,2913.94292755606,50.03335571,63.4545114882578,41.0686436848584,84.0,79.0,109.992590959,561.8184479,3.93247945246702,4.70041300860579
CMR,Cameroon,2011,Lower middle income,SSF,Africa,20232304.0,2988.8172872551,58.33031845,64.1180510058743,41.47285114669,81.0,76.0,105.8301448775,540.6160964,4.0831204476925205,4.661835402069073
CMR,Cameroon,2012,Lower middle income,SSF,Africa,20809529.0,3059.64226568251,56.96441269,64.7638368158669,41.8813685431632,79.0,74.0,101.54664911425,499.8488483,4.059829247922324,4.620518290084134
CMR,Cameroon,2013,Lower middle income,SSF,Africa,21402376.0,3238.86829843733,57.22771454,65.3916897275554,42.2938755253473,76.0,71.0,97.203540284875,468.7979589,4.064361436237969,4.576807133487002
CMR,Cameroon,2014,Lower middle income,SSF,Africa,22059893.0,3422.26128158344,71.61038208,66.0018143956848,42.7103744161323,76.0,71.0,93.043806725125,439.8155217,4.285107915463422,4.5330704223038225
CMR,Cameroon,2015,Lower middle income,SSF,Africa,22763414.0,3497.66067563959,58.38298035,66.594406364624,43.1308620153925,76.0,71.0,88.927056151125,417.2847152,4.084007659217879,4.487816439873922
CMR,Cameroon,2016,Lower middle income,SSF,Africa,23454161.0,3626.99932028578,57.99372482,67.1696687119462,43.555339313602,78.0,72.0,85.574753688,393.3405701,4.077431079266151,4.449390306094841
CMR,Cameroon,2017,Lower middle income,SSF,Africa,24128601.0,3767.43072883824,56.7457695,67.7271653530667,43.9831129823405,74.0,67.0,82.44332429674999,372.2009155,4.0560500913073385,4.412111079041758
CMR,Cameroon,2018,Lower middle income,SSF,Africa,24806383.0,4010.76360069526,58.32909393,68.2677705308144,44.4148640176423,68.0,61.0,79.643941240125,354.3972052,4.083099808453281,4.377565966169951
CMR,Cameroon,2019,Lower middle income,SSF,Africa,25506095.0,4241.11174920592,56.79493713,68.7910816912942,44.8498829146317,67.0,61.0,77.163232859,335.9672335,4.0569011789352745,4.3459230852806146
CMR,Cameroon,2020,Lower middle income,SSF,Africa,26210558.0,4365.44704128392,66.17185211,69.29764588045,45.2885112207418,68.0,63.0,74.605758156375,315.5090812,4.207254292368932,4.3122176913137205
CMR,Cameroon,2021,Lower middle income,SSF,Africa,26915758.0,4793.55628200196,72.59731293,69.787122797367,45.7300133468788,71.0,65.0,72.057606109625,342.2146842,4.298608515965096,4.277465883974688
CMR,Cameroon,2022,Lower middle income,SSF,Africa,27632771.0,5188.97750866081,72.12950897,70.2600597493354,46.1747220268822,71.0,68.0,69.482332807625,275.9929888,4.292231964779257,4.241072516048546
COD,"Congo, Dem. Rep.",2000,Low income,SSF,Africa,50507442.0,416.548214460226,17.52071953,37.5495370732434,23.7477310886232,30.0,26.0,159.128737141875,585.365748,2.918890079975212,5.069713542175237
COD,"Congo, Dem. Rep.",2001,Low income,SSF,Africa,52132646.0,403.983196706619,5.4341011,37.5216314439844,23.2925757259411,30.0,34.0,154.7856014295,588.3939152,1.861612142090956,5.042040942808237
COD,"Congo, Dem. Rep.",2002,Low income,SSF,Africa,53750524.0,409.641833781142,4.17578602,37.4846118447221,22.8409794207926,38.0,41.0,150.143688660625,601.4283385,1.6439912155403356,5.011592759983634
COD,"Congo, Dem. Rep.",2003,Low income,SSF,Africa,55343867.0,428.332470700597,6.03257608,37.4384405884601,22.3929738740922,42.0,48.0,145.417033183875,604.7000316,1.9505530796667627,4.979605705307528
COD,"Congo, Dem. Rep.",2004,Low income,SSF,Africa,56997741.0,455.866557396548,7.83304834,37.3830762048941,21.9485957968142,54.0,57.0,140.608920040125,606.6716841,2.178500180407366,4.945982420039305
COD,"Congo, Dem. Rep.",2005,Low income,SSF,Africa,58775724.0,483.910024827321,8.55065727,37.3204734649606,21.5079480867388,61.0,61.0,135.812685586,612.5145506,2.25660997620814,4.911276624502599
COD,"Congo, Dem. Rep.",2006,Low income,SSF,Africa,60615908.0,508.4008175183,10.37645721,37.2515489023917,21.0891369417888,62.0,63.0,131.036262095625,618.8113974,2.43154606300572,4.87547409478663
COD,"Congo, Dem. Rep.",2007,Low income,SSF,Africa,62477752.0,549.827650078763,11.5629034,37.1762282091892,20.6788073735842,65.0,64.0,126.40176649925,630.5016458,2.53074829674652,4.839465457083851
COD,"Congo, Dem. Rep.",2008,Low income,SSF,Africa,64390664.0,584.020810311472,15.36659527,37.0934309203905,20.2769257473546,68.0,64.0,121.875568058125,619.6251797,2.795242383801058,4.803000590296892
COD,"Congo, Dem. Rep.",2009,Low income,SSF,Africa,66412044.0,572.959249024865,12.75762081,37.0040705646358,19.8835866395137,71.0,65.0,117.496691404625,608.3976644,2.621592911305189,4.766410174929252
COD,"Congo, Dem. Rep.",2010,Low income,SSF,Africa,68563038.0,605.785160280927,12.1423111,36.9070813122382,19.4987263873328,60.0,66.0,113.443683239375,600.7433814,2.575836880391507,4.731306530868985
COD,"Congo, Dem. Rep.",2011,Low income,SSF,Africa,70849311.0,643.764679093976,11.89942932,36.8033581567191,19.1224518584775,70.0,66.0,109.59554767225,589.2709777,2.5571830716293737,4.696796750260385
COD,"Congo, Dem. Rep.",2012,Low income,SSF,Africa,73254618.0,647.801733284929,13.20595551,36.691850585446,18.754668067258,71.0,69.0,105.952088856125,578.0870177,2.653661278795408,4.662987000009578
COD,"Congo, Dem. Rep.",2013,Low income,SSF,Africa,75789395.0,760.64987993962,15.37901688,36.5724802578576,18.3953621300218,71.0,68.0,102.421454436875,566.6123609,2.7960010570876594,4.629096206645106
COD,"Congo, Dem. Rep.",2014,Low income,SSF,Africa,78403242.0,859.356816141236,18.22281265,36.4456556153398,18.044594889942,73.0,69.0,98.926759943875,557.9723262,2.95609773258579,4.594379777801889
COD,"Congo, Dem. Rep.",2015,Low income,SSF,Africa,81035531.0,910.393131638657,18.57252884,36.3108122967194,17.7022823048892,70.0,65.0,95.56572114925,545.4056475,2.9741269932948238,4.559814190373003
COD,"Congo, Dem. Rep.",2016,Low income,SSF,Africa,83956415.0,950.022298158597,19.3114109,36.1678765737664,17.3684018777428,70.0,63.0,92.29637500075,526.4813246,3.011182841421732,4.5250048666395095
COD,"Congo, Dem. Rep.",2017,Low income,SSF,Africa,87083398.0,990.545051394781,18.14648819,36.016305001478,17.0428367247806,71.0,65.0,89.259254655875,519.1102677,2.9521193144754885,4.491545108907186
COD,"Congo, Dem. Rep.",2018,Low income,SSF,Africa,90047644.0,1048.86502855672,17.29077148,35.8564891827066,16.7256345274003,71.0,64.0,86.216149485125,508.1336799,2.906396641939668,4.456857509137383
COD,"Congo, Dem. Rep.",2019,Low income,SSF,Africa,92947442.0,1056.17206659241,19.20812035,35.6878940308452,16.416662028181,73.0,65.0,83.4177212485,492.9298648,3.006084521152555,4.423860771786967
COD,"Congo, Dem. Rep.",2020,Low income,SSF,Africa,95989998.0,1088.7890035637,20.5593071,35.5104494105668,16.1158651582213,70.0,62.0,80.6771353555,489.4758884,3.070807607305429,4.39045520620255
COD,"Congo, Dem. Rep.",2021,Low income,SSF,Africa,99148932.0,1402.38560295221,21.58848572,35.3236207810538,16.1461710925268,65.0,55.0,78.107162397875,506.9821189,3.1174402950325555,4.358081760680088
COD,"Congo, Dem. Rep.",2022,Low income,SSF,Africa,102396968.0,1590.16404219556,24.3800106,35.1273466119185,16.1744730669276,65.0,56.0,75.69243180537501,455.8092798,3.2339618799378487,4.32667817929453
COG,"Congo, Rep.",2000,Lower middle income,SSF,Africa,3151345.0,3667.42487266336,17.35089302,58.3988116212173,11.9201113215231,33.0,34.0,113.666245816875,509.496747,2.9096782392564853,4.733266486117717
COG,"Congo, Rep.",2001,Lower middle income,SSF,Africa,3272537.0,3748.44674931557,20.30390549,58.6923918261786,11.9684717452745,31.0,35.0,110.652976352875,488.9597685,3.0588904122456886,4.7063989649412115
COG,"Congo, Rep.",2002,Lower middle income,SSF,Africa,3350771.0,3888.16402343345,16.99031258,59.1842225873936,12.2942562189499,41.0,37.0,106.005168538,464.4286222,2.889833423019944,4.6634878527158
COG,"Congo, Rep.",2003,Lower middle income,SSF,Africa,3445753.0,3886.99206795632,21.51475716,59.6736944537537,12.623677389001,50.0,50.0,100.074677349,435.5196255,3.1141709679969454,4.605916680781509
COG,"Congo, Rep.",2004,Lower middle income,SSF,Africa,3565554.0,3991.51124729764,27.50056839,60.6181552928178,13.081524943127,67.0,65.0,93.430157212375,399.8840746,3.3499240305845075,4.537214175478981
COG,"Congo, Rep.",2005,Lower middle income,SSF,Africa,3696393.0,4278.92538741319,30.90304375,61.5609564350404,13.5511098859657,63.0,54.0,86.577765478875,385.000897,3.462701420599545,4.46104303293598
COG,"Congo, Rep.",2006,Lower middle income,SSF,Africa,3837409.0,4588.10924898465,35.94208145,62.5017877997765,14.0325360521402,74.0,61.0,80.12187902412501,393.7057254,3.609351319962234,4.383548963145238
COG,"Congo, Rep.",2007,Lower middle income,SSF,Africa,3980430.0,4242.61126846002,41.96711731,63.4409103501595,14.526041670099,73.0,59.0,74.3179297845,370.4433557,3.760435109429944,4.308352238688388
COG,"Congo, Rep.",2008,Lower middle income,SSF,Africa,4113517.0,4448.33261714253,63.41820908,64.3791200953514,15.0320398597223,80.0,69.0,69.445299751,394.6089974,4.1653963428335885,4.2405393887387355
COG,"Congo, Rep.",2009,Lower middle income,SSF,Africa,4281219.0,4800.90159806602,48.65313721,65.3159834381157,15.5506904084731,80.0,63.0,65.4818312765,414.184664,3.905061575000537,4.181772719071243
COG,"Congo, Rep.",2010,Lower middle income,SSF,Africa,4462290.0,5125.06991343643,54.56225586,66.2515975807208,16.0823108780158,76.0,75.0,62.4813464705,382.4591632,4.017504119293716,4.134868055723359
COG,"Congo, Rep.",2011,Lower middle income,SSF,Africa,4609724.0,5175.20439089036,59.51348114,67.1844431261946,16.6267539486772,83.0,83.0,60.135516039875,378.101483,4.102866168974486,4.096600616082291
COG,"Congo, Rep.",2012,Lower middle income,SSF,Africa,4740450.0,6058.06449417412,71.2766571,68.1146295030684,17.1843319193312,85.0,80.0,58.133152538625,374.2399945,4.280501215346249,4.0627361128012165
COG,"Congo, Rep.",2013,Lower middle income,SSF,Africa,4857099.0,5833.86336651436,71.85824585,69.0417229915666,17.7552084772419,85.0,80.0,56.3039644375,320.2702011,4.28851571566611,4.030764948963159
COG,"Congo, Rep.",2014,Lower middle income,SSF,Africa,4975880.0,5733.18393561256,71.03118896,69.9648050667042,18.3393600656814,90.0,80.0,54.4987077,302.3386732,4.277099205220685,3.9981769894614607
COG,"Congo, Rep.",2015,Lower middle income,SSF,Africa,5097581.0,4715.13431581624,57.30290604,70.8834804766701,18.9369281667441,80.0,80.0,52.643399464625,284.0717281,4.065651938426339,3.963540864427052
COG,"Congo, Rep.",2016,Lower middle income,SSF,Africa,5222536.0,4016.04908525318,54.3000145,71.7973477617,19.5480521293593,71.0,67.0,50.896419380875,262.7421392,4.012773170734403,3.9297925749303024
COG,"Congo, Rep.",2017,Lower middle income,SSF,Africa,5351011.0,4444.63900215824,52.29982376,72.7060273572944,20.1728789551264,69.0,70.0,49.23686809475,262.0585441,3.975933024599728,3.896642694393903
COG,"Congo, Rep.",2018,Lower middle income,SSF,Africa,5483118.0,5593.19370578686,47.310215,72.9020532045187,20.2685707874205,75.0,75.0,47.693865437,259.0460773,3.877643028980755,3.864802782432906
COG,"Congo, Rep.",2019,Lower middle income,SSF,Africa,5616661.0,5719.59977338291,58.42106628,73.0980812765278,20.3642632516174,79.0,73.0,52.36657738175,245.2589583,4.084648814673186,3.9582685515967864
COG,"Congo, Rep.",2020,Lower middle income,SSF,Africa,5752791.0,4770.96449758365,80.09735107,73.2936799973637,20.4597460251332,73.0,68.0,44.7062412105,247.2233339,4.395650298072523,3.8001131162689177
COG,"Congo, Rep.",2021,Lower middle income,SSF,Africa,5892183.0,6263.21161292636,78.60149384,73.4884211673414,20.5548099594917,77.0,68.0,43.279976922375,301.3650767,4.377032859508414,3.7676901013212403
COG,"Congo, Rep.",2022,Lower middle income,SSF,Africa,6035104.0,6647.4968173139,53.11892319,95.08595516798411,45.65048591164205,78.0,65.0,41.842305267375,240.8024069,3.991183906393633,3.7339079154514674
COL,Colombia,2000,Upper middle income,LCN,Americas,39089934.0,6775.93064418811,134.71453857,90.9190300374548,75.4148773585247,79.0,88.0,25.066325753875,95.11150983,4.910553698684906,3.221525341950852
COL,Colombia,2001,Upper middle income,LCN,Americas,39709262.0,6934.88284338593,138.47569275,91.2370228033185,76.3087852021203,80.0,93.0,24.270427093625,93.80357356,4.937890340559193,3.1892586171784414
COL,Colombia,2002,Upper middle income,LCN,Americas,40324680.0,7108.8239028593,132.18363953,91.5497229084839,77.201981016796,81.0,93.0,23.525808807125,91.27231288,4.891728924211163,3.158098065629642
COL,Colombia,2003,Upper middle income,LCN,Americas,40937429.0,7420.46008365281,129.71965027,91.857192440764,78.094433998105,92.0,93.0,22.817872780375,86.76869814,4.873054955695017,3.1275441227521577
COL,Colombia,2004,Upper middle income,LCN,Americas,41543171.0,7909.34635155695,159.61109924,92.1592296058929,78.9859213001689,89.0,92.0,22.13800823125,84.15007841,5.078985910208037,3.0972959607787938
COL,Colombia,2005,Upper middle income,LCN,Americas,42128977.0,8432.33329078314,209.68319702,92.4559019256854,79.8764166229858,93.0,94.0,21.480228690125,81.61559886,5.350355569267473,3.0671329162378527
COL,Colombia,2006,Upper middle income,LCN,Americas,42691084.0,9154.08926196511,240.10488892,92.7472892906741,80.7659057665672,93.0,95.0,20.840177632875,80.6307628,5.485232062542717,3.036882740499272
COL,Colombia,2007,Upper middle income,LCN,Americas,43235374.0,9909.29031403767,309.61691284,93.0332113422634,81.654183644965,94.0,95.0,20.20031931425,79.83738788,5.738560361389237,3.0056984119183583
COL,Colombia,2008,Upper middle income,LCN,Americas,43758808.0,10307.0649878854,379.16812134,93.314014699102,82.5414361223495,92.0,92.0,19.561760253875,78.15605336,5.940613579458482,2.973576653086983
COL,Colombia,2009,Upper middle income,LCN,Americas,44271541.0,10367.3489557519,383.91674805,93.5897587496726,83.4276365451397,92.0,95.0,18.935604061375,76.84697893,5.9530270720736285,2.9410439626867326
COL,Colombia,2010,Upper middle income,LCN,Americas,44777319.0,10841.1279801312,452.44281006,93.860299409895,84.3126146543662,88.0,88.0,18.324074859375,76.38048537,6.116869153686713,2.908215761334586
COL,Colombia,2011,Upper middle income,LCN,Americas,45259614.0,11707.4614624747,501.84420776,94.125708214804,85.1963554743704,85.0,88.0,17.730960740125,75.07367669,6.220280396001437,2.8753123058783334
COL,Colombia,2012,Upper middle income,LCN,Americas,45715810.0,12093.0754939172,547.00732422,94.3863166731145,86.0790424953877,92.0,94.0,17.142946560625,72.96662084,6.306288652223663,2.8415868097495873
COL,Colombia,2013,Upper middle income,LCN,Americas,46151584.0,12779.8865818318,580.96453857,94.6419721075512,86.9605014574524,91.0,92.0,16.5809619795,71.75142039,6.366409515583016,2.8082551685005037
COL,Colombia,2014,Upper middle income,LCN,Americas,46565429.0,13355.3624162195,588.29449463,94.8927542496252,87.8407302764007,90.0,91.0,16.047642395375,70.72658905,6.378926049580646,2.775561947532554
COL,Colombia,2015,Upper middle income,LCN,Americas,46969940.0,13332.0555048211,470.099823,95.1389846235131,88.7199118898909,91.0,94.0,15.545325042875,70.25704687,6.155070009989516,2.7437599530942975
COL,Colombia,2016,Upper middle income,LCN,Americas,47437512.0,14026.8399931053,448.84588623,95.3807152978726,89.5980252896949,91.0,93.0,15.045007612125,68.821241,6.10890504906195,2.711046216039009
COL,Colombia,2017,Upper middle income,LCN,Americas,48131078.0,14400.6139849314,497.54016113,95.6178346039203,90.4749374427322,92.0,93.0,14.572434876,68.04436419,6.211684150108647,2.6791317219620647
COL,Colombia,2018,Upper middle income,LCN,Americas,49024465.0,15239.4049488277,526.11828613,95.8504284105736,91.3506596764722,92.0,95.0,14.10179373525,67.33790224,6.267424975215395,2.6463020045589043
COL,Colombia,2019,Upper middle income,LCN,Americas,49907985.0,16181.5908990662,507.06231689,96.0785830726848,92.2252062631808,94.0,95.0,13.668521443875,66.19187022,6.230604111098312,2.6150954842331835
COL,Colombia,2020,Upper middle income,LCN,Americas,50629997.0,15519.2101694656,464.41998291,96.3025836876793,93.0987394041419,88.0,90.0,13.230258885,93.67608059,6.1429401870113125,2.582506545962624
COL,Colombia,2021,Upper middle income,LCN,Americas,51188173.0,17383.0901728295,568.84130859,96.5223081416627,93.9711220297613,87.0,86.0,12.797108516875,146.657784,6.345357916084,2.5492192482878333
COL,Colombia,2022,Upper middle income,LCN,Americas,51737944.0,20854.002999162,507.07064819,96.7380353192518,94.8425154559797,87.0,88.0,12.407946512625,74.34446957,6.230620509149131,2.5183371151480705
COM,Comoros,2000,Lower middle income,SSF,Africa,536080.0,1740.64947132869,47.59479904,87.3387610880315,24.4251137817351,70.0,70.0,79.534135468,476.3180839,3.883516509542006,4.376186306460355
COM,Comoros,2001,Lower middle income,SSF,Africa,547220.0,1838.1071436353,45.34629059,87.5288111586306,26.1545650647282,70.0,70.0,76.487430493125,440.2712491,3.836141258388547,4.337126420053159
COM,Comoros,2002,Lower middle income,SSF,Africa,558923.0,1911.61256823567,51.12159729,87.4264757809148,27.7107884685143,89.0,71.0,73.545902057375,427.6542955,3.953579398179993,4.297909729076126
COM,Comoros,2003,Lower middle income,SSF,Africa,569798.0,1949.13816081274,63.91786194,87.322688934515,29.2480866735385,80.0,67.0,70.692712425625,399.8733314,4.1731228083394285,4.258342490158637
COM,Comoros,2004,Lower middle income,SSF,Africa,580704.0,2024.8526447402,70.61806488,87.2174998697346,30.7668527595674,76.0,76.0,67.957404878875,385.0725102,4.271347344936899,4.218881110066313
COM,Comoros,2005,Lower middle income,SSF,Africa,592677.0,2162.0719557682,67.80059814,87.1113174713824,32.2696522597859,68.0,67.0,65.42598225275,372.9263994,4.231212438796855,4.180919461719634
COM,Comoros,2006,Lower middle income,SSF,Africa,604753.0,2145.92066953414,65.72916412,87.0042522799134,33.75605986205,69.0,66.0,63.061855537625,359.9714982,4.200642100537046,4.144116078638418
COM,Comoros,2007,Lower middle income,SSF,Africa,616927.0,2177.9281684323,69.87202454,86.8964208746241,35.2256531986229,75.0,65.0,60.80469752575,351.5706483,4.260875779367714,4.10766704792425
COM,Comoros,2008,Lower middle income,SSF,Africa,629307.0,2262.49853000291,73.75498962,86.7879033627296,36.6778613088967,81.0,76.0,58.7300834185,334.2063832,4.314215960812293,4.0729520899063125
COM,Comoros,2009,Lower middle income,SSF,Africa,641947.0,2303.94782891469,69.4848938,86.6788340551763,38.1124210259684,83.0,79.0,56.82682338325,320.4059577,4.2553984145182,4.040008456918485
COM,Comoros,2010,Lower middle income,SSF,Africa,654836.0,2372.41233989712,69.21523285,86.5693640440455,39.5290364231299,74.0,72.0,55.063186031,305.1964455,4.251565279657613,4.008481362751588
COM,Comoros,2011,Lower middle income,SSF,Africa,668056.0,2471.78724731502,81.19863892,86.4595303039768,40.9270162396415,83.0,79.0,53.532031208375,290.8058146,4.409138743774195,3.9802801889193686
COM,Comoros,2012,Lower middle income,SSF,Africa,681630.0,2678.70262820599,77.10220337,86.3494754574658,42.3060704892515,86.0,85.0,52.12416412275,274.4350102,4.358018268611577,3.953628643975999
COM,Comoros,2013,Lower middle income,SSF,Africa,696192.0,2832.53121548146,81.81765747,86.2393591823008,43.665877233981,83.0,82.0,50.812649117375,259.6486801,4.416641293124311,3.92814532196301
COM,Comoros,2014,Lower middle income,SSF,Africa,711503.0,2937.61192894981,84.63935852,86.1291911979684,45.005792347169,80.0,80.0,49.6809555885,246.9820513,4.450144973268394,3.905621672313424
COM,Comoros,2015,Lower middle income,SSF,Africa,726682.0,2949.47342240993,61.16300201,86.0191792490847,46.3255872493184,80.0,81.0,48.656477997125,236.589879,4.129759999777401,3.8847849548986946
COM,Comoros,2016,Lower middle income,SSF,Africa,741741.0,3139.05160740465,63.53099442,85.9094298430236,47.6248040673008,75.0,77.0,47.589802023125,225.4506013,4.167145642025821,3.8626184950723594
COM,Comoros,2017,Lower middle income,SSF,Africa,756669.0,3347.45652997484,75.01337433,85.8000023194019,48.9029223957365,79.0,75.0,46.591002101625,218.7006423,4.330909302830331,3.841407434539761
COM,Comoros,2018,Lower middle income,SSF,Africa,771590.0,3276.00936695332,74.89152527,85.6910036830202,50.159514854681,77.0,74.0,45.578457938875005,209.4765789,4.329305021645792,3.8194351912767073
COM,Comoros,2019,Lower middle income,SSF,Africa,786578.0,3293.05601748495,78.23674774,85.582654605357,51.3942491790653,78.0,76.0,44.54974406825,202.4464869,4.372440177828037,3.79660640907989
COM,Comoros,2020,Lower middle income,SSF,Africa,802163.0,3244.8867496847,89.67817688,85.4750115485724,52.6066035113726,74.0,75.0,43.48633194162501,198.4961934,4.50731672045266,3.7724466804823815
COM,Comoros,2021,Lower middle income,SSF,Africa,818174.0,3377.88518482587,100.50016785,85.368182871054,53.7961210274577,72.0,68.0,42.34305965637501,214.799208,4.620060452175056,3.7458045270630933
COM,Comoros,2022,Lower middle income,SSF,Africa,834188.0,3641.62920390353,124.14363861,85.2623417962655,54.9623663372908,78.0,71.0,41.1134237555,186.1627008,4.829462186462037,3.7163346802320434
CPV,Cabo Verde,2000,Upper middle income,SSF,Africa,453317.0,3124.49488355024,59.54011154,79.3677594529209,36.827954010232,90.0,86.0,35.96856556866666,110.2140698,4.103306146010112,3.5826453783654246
CPV,Cabo Verde,2001,Upper middle income,SSF,Africa,460293.0,3216.64651196602,63.55782318,79.6627777965322,39.1910554393962,90.0,88.0,32.739039084333335,101.3438701,4.167561305611327,3.4885682216140843
CPV,Cabo Verde,2002,Upper middle income,SSF,Africa,467046.0,3388.44814452274,69.12203979,79.9527732071617,41.5375071985025,91.0,89.0,30.438767731,92.49740177,4.25023714961852,3.4157170502752536
CPV,Cabo Verde,2003,Upper middle income,SSF,Africa,473383.0,3551.4638434881,84.6628952,80.2372000142623,43.8664094982459,92.0,90.0,28.964035455,85.90388275,4.4504197703552615,3.366054903631612
CPV,Cabo Verde,2004,Upper middle income,SSF,Africa,479370.0,3968.65691704088,93.43228912,80.6602617486896,46.1784728572733,93.0,91.0,28.201709545333333,79.91977026,4.547883060429851,3.339382598281559
CPV,Cabo Verde,2005,Upper middle income,SSF,Africa,485115.0,4324.20232454639,96.08917999,81.0817210123183,48.4726022548582,95.0,93.0,27.953438383,74.91490945,4.575629937471426,3.3305402111046503
CPV,Cabo Verde,2006,Upper middle income,SSF,Africa,490728.0,4758.37704995678,113.13097382,81.5021226151102,50.7498010778296,96.0,94.0,27.951670474,75.55447597,4.737346682079707,3.330476964326789
CPV,Cabo Verde,2007,Upper middle income,SSF,Africa,496190.0,5566.76949101583,127.73626709,81.920929167246,53.0093493269466,98.0,96.0,27.981637833,73.02080295,4.857765870476262,3.331548503371213
CPV,Cabo Verde,2008,Upper middle income,SSF,Africa,501355.0,6010.85136847472,127.79390717,82.3386902741848,55.2521980462488,99.0,97.0,27.869190820333333,68.13663085,4.858213507970611,3.3275218069974883
CPV,Cabo Verde,2009,Upper middle income,SSF,Africa,506141.0,5900.66086529142,130.23704529,82.754314077093,57.4769284411617,99.0,97.0,27.459698943333336,62.24380697,4.877005194047935,3.3127194368177206
CPV,Cabo Verde,2010,Upper middle income,SSF,Africa,509784.0,6038.58525655665,146.07247925,83.1663318440796,59.6818514080991,99.0,97.0,26.69772666233333,60.7475328,4.990925521388955,3.2845784180484365
CPV,Cabo Verde,2011,Upper middle income,SSF,Africa,511447.0,6384.22844090415,157.08999634,83.522244248535,61.8006547143134,90.0,96.0,25.588601942666667,54.54337955,5.063164467956726,3.2421470157236816
CPV,Cabo Verde,2012,Upper middle income,SSF,Africa,511955.0,6318.06108723364,174.66062927,83.8774934810221,63.9530735782999,94.0,91.0,24.177626254333333,50.99805898,5.168553890800669,3.185427670571702
CPV,Cabo Verde,2013,Upper middle income,SSF,Africa,512225.0,6367.28001322501,191.1048584,84.2318960930689,66.0992428842147,93.0,91.0,22.564210074,49.84193902,5.258041360448973,3.1163650259744364
CPV,Cabo Verde,2014,Upper middle income,SSF,Africa,512326.0,6416.83301150977,193.39482117,84.5854646017969,68.2388818808702,95.0,93.0,20.824433356333333,47.90485375,5.26989125159947,3.0361269779028017
CPV,Cabo Verde,2015,Upper middle income,SSF,Africa,512394.0,6773.48679969386,150.28823853,84.9382015962204,70.3717073692285,93.0,92.0,19.104588728,46.38442878,5.01918688168546,2.9499285537370326
CPV,Cabo Verde,2016,Upper middle income,SSF,Africa,512554.0,7350.75358726727,157.39906311,85.581322426682,72.496932762021,96.0,93.0,17.533840454,44.26496114,5.065117564653238,2.864132753889225
CPV,Cabo Verde,2017,Upper middle income,SSF,Africa,512893.0,7935.76176281072,174.43547058,86.333068742186,74.6142580571751,96.0,96.0,16.180903514666667,42.9001587,5.167271286288895,2.78383175152162
CPV,Cabo Verde,2018,Upper middle income,SSF,Africa,513415.0,7916.42115326174,205.5345459,87.0755452684611,76.7237249815456,98.0,99.0,15.039856881,42.75494831,5.330467690903205,2.71070380258546
CPV,Cabo Verde,2019,Upper middle income,SSF,Africa,514104.0,8645.75646859343,211.24963379,87.808568861158,78.8249549430518,96.0,98.0,14.098826542333333,40.6626454,5.357763099818944,2.646091569972827
CPV,Cabo Verde,2020,Upper middle income,SSF,Africa,514679.0,6852.57669930355,249.71989441,88.5325658069206,80.9181460926349,93.0,95.0,13.322510600333333,56.00752292,5.524336357460526,2.589455130859967
CPV,Cabo Verde,2021,Upper middle income,SSF,Africa,516649.0,7685.41921393669,262.42272949,89.2475125078835,83.0030877232497,93.0,95.0,12.663662148,55.74853845,5.573760078258923,2.538736644080076
CPV,Cabo Verde,2022,Upper middle income,SSF,Africa,519741.0,9481.07335405605,297.08233643,90.0089261333879,83.045304882988,93.0,95.0,12.085344334666669,41.66608544,5.697369745087455,2.4919935064815735
CRI,Costa Rica,2000,High income,LCN,Americas,3937739.0,7879.47794966682,250.30950928,94.6502911361544,93.6849644850518,88.0,82.0,13.086729340666666,35.52166953,5.526685284183798,2.5715986893179985
CRI,Costa Rica,2001,High income,LCN,Americas,4008947.0,8190.07440941864,258.00057983,95.06241560763,93.9239551778215,91.0,82.0,12.572303794666666,35.31408217,5.5568303004229005,2.5314962830298344
CRI,Costa Rica,2002,High income,LCN,Americas,4075705.0,8460.65229565223,279.41705322,95.4574835012159,94.1561067618918,94.0,94.0,12.133725392,33.98609511,5.636277970786163,2.4959887979800195
CRI,Costa Rica,2003,High income,LCN,Americas,4138784.0,8862.9941209874,290.83309937,95.8356618938296,94.3814516576699,88.0,89.0,11.780631567666669,33.2232685,5.676182061355591,2.466456790340332
CRI,Costa Rica,2004,High income,LCN,Americas,4200078.0,9365.32775360615,293.77548218,96.1969667880475,94.5999033929198,90.0,88.0,11.517769964333333,32.85540094,5.686213989217484,2.4438910570438646
CRI,Costa Rica,2005,High income,LCN,Americas,4261240.0,9898.92919347319,313.48355103,96.5413161028421,94.8112740526154,91.0,89.0,11.325336379,31.199511,5.750931772801316,2.427042373267948
CRI,Costa Rica,2006,High income,LCN,Americas,4321340.0,10799.5114028981,364.52426147,96.8693455688098,95.0158919320253,89.0,90.0,11.181287611333332,30.09629971,5.901332655837744,2.414241632055335
CRI,Costa Rica,2007,High income,LCN,Americas,4380248.0,11841.9011714247,429.41894531,97.1812060474922,95.2137195498557,89.0,90.0,11.055658132,30.31843259,6.064759025792384,2.4029423450566414
CRI,Costa Rica,2008,High income,LCN,Americas,4440056.0,12471.6723105433,518.1114502,97.4773794147113,95.4049708043013,90.0,89.0,10.91234309,29.95249542,6.252118600382246,2.3898945421390896
CRI,Costa Rica,2009,High income,LCN,Americas,4499791.0,12273.8603954825,537.06317139,97.7577854110193,95.6700736028265,86.0,81.0,10.717909286666668,28.97738944,6.2879759722092405,2.371916107393127
CRI,Costa Rica,2010,High income,LCN,Americas,4555962.0,12927.564593015,663.69165039,98.0009426570817,95.9272885931521,88.0,83.0,10.467624075333331,28.84048212,6.4993232494973,2.3482870722283793
CRI,Costa Rica,2011,High income,LCN,Americas,4609833.0,13614.2603998924,753.42633057,98.2283678408566,96.176583273924,85.0,83.0,10.164386131,28.43680565,6.625957633374533,2.318890054799281
CRI,Costa Rica,2012,High income,LCN,Americas,4663934.0,14463.7404448087,788.53100586,98.4744866370989,96.4170699422162,91.0,90.0,9.825641257666666,27.46543667,6.671439105704782,2.284995423581359
CRI,Costa Rica,2013,High income,LCN,Americas,4716147.0,15232.0771529497,829.93658447,98.7063924008677,96.6492260936329,95.0,91.0,9.492485107666669,26.58293211,6.722553479633047,2.250500444269987
CRI,Costa Rica,2014,High income,LCN,Americas,4767119.0,16393.8095428323,836.23120117,98.925021084525,96.8735289807789,91.0,95.0,9.202652590666666,26.57138846,6.730100258355653,2.2194917675697727
CRI,Costa Rica,2015,High income,LCN,Americas,4818038.0,17525.1404625145,889.3762207,99.1313622232054,97.0905446199626,92.0,93.0,8.984734127666668,25.54293369,6.791644093292946,2.1955269291095254
CRI,Costa Rica,2016,High income,LCN,Americas,4866998.0,19201.7453233396,884.73028564,99.3263015038118,97.3007564187582,97.0,93.0,8.858993815,27.03126301,6.786412486246968,2.1814331932695885
CRI,Costa Rica,2017,High income,LCN,Americas,4913177.0,20499.3442130778,867.76733398,99.5106743044316,97.5045870013496,96.0,96.0,8.842530457666667,26.99786603,6.767075349462681,2.1795730865548593
CRI,Costa Rica,2018,High income,LCN,Americas,4957818.0,21498.0350746836,917.31018066,99.6853095331448,97.7025136559983,94.0,94.0,8.924380026333333,28.37407751,6.822535220978582,2.188786860416308
CRI,Costa Rica,2019,High income,LCN,Americas,4999553.0,23339.6091317787,930.43511963,99.7975280834127,97.8949564570676,95.0,95.0,9.098603661333334,25.72864644,6.83672653611828,2.208120957939575
CRI,Costa Rica,2020,High income,LCN,Americas,5034320.0,22099.8678127394,969.89099121,99.8105394546059,98.0823538854413,97.0,95.0,9.360119158333331,34.08731248,6.878214197529879,2.236458020999635
CRI,Costa Rica,2021,High income,LCN,Americas,5059988.0,23852.9253020002,977.14831543,99.8118715066538,98.265064236441,93.0,89.0,9.701411838666669,43.94856338,6.885661310305767,2.2722714252959157
CRI,Costa Rica,2022,High income,LCN,Americas,5081765.0,26226.2754815949,978.84155273,99.8131236656386,98.4434940972081,95.0,90.0,10.093009909,27.41604073,6.887390877705099,2.311843096025784
CUB,Cuba,2000,Upper middle income,LCN,Americas,11109109.0,10929.3002607587,181.09315491,91.7610721399503,81.3080697127974,95.0,94.0,8.549598136666667,48.19772799,5.204518396296134,2.1458842802846068
CUB,Cuba,2001,Upper middle income,LCN,Americas,11144132.0,10929.3002607587,198.49874878,91.9170181666427,81.5051365608873,98.0,96.0,8.213929706,46.23061721,5.295807964530802,2.10583145766965
CUB,Cuba,2002,Upper middle income,LCN,Americas,11177418.0,10929.3002607587,213.81524658,92.0704754889772,81.700801188387,99.0,98.0,7.899607671333332,45.36348763,5.369778340469541,2.0668130963832447
CUB,Cuba,2003,Upper middle income,LCN,Americas,11209383.0,10929.3002607587,227.49208069,92.2115760300604,81.8877194696665,72.0,99.0,7.602669723000001,44.37065019,5.431501551921848,2.0284994649502477
CUB,Cuba,2004,Upper middle income,LCN,Americas,11238756.0,10929.3002607587,232.22746277,92.3412457236427,82.0663791534735,88.0,99.0,7.324563467,44.12797486,5.4520142124225295,1.991233558178476
CUB,Cuba,2005,Upper middle income,LCN,Americas,11262554.0,10929.3002607587,331.50354004,92.4685863425789,82.6899916406474,89.0,98.0,7.071932903666666,42.95018709,5.806650506776075,1.9561338376866393
CUB,Cuba,2006,Upper middle income,LCN,Americas,11278550.0,10929.3002607587,386.8258667,92.5950448888063,83.3149183953816,89.0,96.0,6.840096360666667,41.98547128,5.960556441718735,1.922801819351991
CUB,Cuba,2007,Upper middle income,LCN,Americas,11287272.0,10929.3002607587,569.43585205,92.7206267884333,83.9411498169061,93.0,97.0,6.627260304,41.88979381,6.346400721349947,1.8911914916465837
CUB,Cuba,2008,Upper middle income,LCN,Americas,11291762.0,10929.3002607587,609.27282715,92.8453176917664,84.5686588894511,95.0,98.0,6.441284619,43.62709858,6.41390611480043,1.8627279952237699
CUB,Cuba,2009,Upper middle income,LCN,Americas,11294719.0,10929.3002607587,675.53399658,92.9690063115847,85.1973567326843,96.0,99.0,6.289816648,44.99300352,6.516982699977144,1.8389319205259604
CUB,Cuba,2010,Upper middle income,LCN,Americas,11297409.0,10929.3002607587,608.5847168,93.0918301196751,85.8273291036307,96.0,99.0,6.168339200000001,43.88001764,6.412777933192015,1.8194296282638562
CUB,Cuba,2011,Upper middle income,LCN,Americas,11301571.0,10929.3002607587,695.81542969,93.2137774983012,86.4585513716305,97.0,99.0,6.079371864,43.58693637,6.546520568935491,1.8049013787989343
CUB,Cuba,2012,Upper middle income,LCN,Americas,11303175.0,10929.3002607587,601.74957275,93.3348598456684,87.0910198102198,99.0,99.0,6.02282315,42.49497236,6.401501808226521,1.7955561111865341
CUB,Cuba,2013,Upper middle income,LCN,Americas,11298167.0,10929.3002607587,712.26629639,93.4501274945212,87.7216207113472,99.0,99.0,6.004393343333334,42.28006614,6.569854837908306,1.7924914251718214
CUB,Cuba,2014,Upper middle income,LCN,Americas,11285775.0,10929.3002607587,867.69702148,93.5636719296171,88.3531363979165,99.0,99.0,6.027044165,42.14866547,6.766994412550431,1.796256702332031
CUB,Cuba,2015,Upper middle income,LCN,Americas,11275065.0,10929.3002607587,991.08496094,93.6769409300078,88.9864920345571,99.0,99.0,6.091522294333333,41.48397347,6.899808749726325,1.8068980167142434
CUB,Cuba,2016,Upper middle income,LCN,Americas,11265612.0,10929.3002607587,990.92346191,93.789720928695,89.6215521812865,99.0,99.0,6.206742763666667,40.45728189,6.899645948975586,1.8256362436319675
CUB,Cuba,2017,Upper middle income,LCN,Americas,11247829.0,10929.3002607587,987.81030273,93.9033102492432,90.2590050806412,99.0,99.0,6.367969811666666,39.26430419,6.896502506076733,1.8512807079006104
CUB,Cuba,2018,Upper middle income,LCN,Americas,11227118.0,10929.3002607587,981.90283203,94.0175439331674,90.8986460916429,99.0,99.0,6.587043765,39.17946568,6.890510266868667,1.885104653784047
CUB,Cuba,2019,Upper middle income,LCN,Americas,11202846.0,10929.3002607587,1023.39715576,94.1321684364764,91.5402228633008,99.0,99.0,6.8545062623333335,39.72424226,6.931859577827958,1.9249062845024651
CUB,Cuba,2020,Upper middle income,LCN,Americas,11176354.0,10929.3002607587,1199.35327148,94.3125042863125,92.1835753798285,99.0,98.0,7.175834483999999,39.95421701,7.090371185351005,1.9707190592730974
CUB,Cuba,2021,Upper middle income,LCN,Americas,11122168.0,10929.3002607587,284.005233765,94.7764082535519,92.8284902817438,99.0,99.0,7.546804797666667,171.6799392,5.652507541478123,2.0211242680771027
CUB,Cuba,2022,Upper middle income,LCN,Americas,11059820.0,10929.3002607587,284.005233765,94.9002231685934,93.4747105097717,99.0,99.0,7.925775282,40.95331403,5.652507541478123,2.0701201423602615
CUW,Curacao,2000,High income,LCN,Americas,133860.0,21891.0453556692,1610.73034668,98.700791720998,98.3110015914789,96.0,95.0,20.469548690625,10.015977665,7.385063630339435,3.018938352074265
CUW,Curacao,2001,High income,LCN,Americas,129047.0,23057.2613647017,1610.73034668,98.8021593568268,98.3770070202266,96.0,95.0,20.469548690625,10.015977665,7.385063630339435,3.018938352074265
CUW,Curacao,2002,High income,LCN,Americas,129205.0,23479.7973302624,1610.73034668,98.9035269926556,98.4430124489743,96.0,95.0,20.469548690625,10.015977665,7.385063630339435,3.018938352074265
CUW,Curacao,2003,High income,LCN,Americas,131897.0,23522.2748891856,1610.73034668,99.0048946284844,98.5090178777219,96.0,95.0,20.469548690625,10.015977665,7.385063630339435,3.018938352074265
CUW,Curacao,2004,High income,LCN,Americas,134192.0,23791.197413682,1610.73034668,99.1062622643132,98.5750233064696,96.0,95.0,20.469548690625,10.015977665,7.385063630339435,3.018938352074265
CUW,Curacao,2005,High income,LCN,Americas,137658.0,24081.1512149964,1610.73034668,99.207629900142,98.6410287352173,96.0,95.0,20.469548690625,10.015977665,7.385063630339435,3.018938352074265
CUW,Curacao,2006,High income,LCN,Americas,141239.0,24590.1923681094,1610.73034668,99.3089975359708,98.707034163965,96.0,95.0,20.469548690625,10.015977665,7.385063630339435,3.018938352074265
CUW,Curacao,2007,High income,LCN,Americas,144056.0,25374.1429869989,1610.73034668,99.4103651717996,98.7730395927127,96.0,95.0,20.469548690625,10.015977665,7.385063630339435,3.018938352074265
CUW,Curacao,2008,High income,LCN,Americas,145880.0,26098.4711532409,1610.73034668,99.5117328076284,98.8390450214604,96.0,95.0,20.469548690625,10.015977665,7.385063630339435,3.018938352074265
CUW,Curacao,2009,High income,LCN,Americas,146833.0,25950.3950372365,1610.73034668,99.6131004434572,98.9050504502081,96.0,95.0,20.469548690625,10.015977665,7.385063630339435,3.018938352074265
CUW,Curacao,2010,High income,LCN,Americas,148703.0,25956.8107585616,1610.73034668,99.714468079286,98.9710558789558,96.0,95.0,20.469548690625,10.015977665,7.385063630339435,3.018938352074265
CUW,Curacao,2011,High income,LCN,Americas,150831.0,26251.3628228418,1610.73034668,99.8158357151148,99.0370613077035,96.0,95.0,20.469548690625,10.015977665,7.385063630339435,3.018938352074265
CUW,Curacao,2012,High income,LCN,Americas,152088.0,25105.9924714169,1610.73034668,99.9172033509436,99.1030667364512,96.0,95.0,20.469548690625,10.015977665,7.385063630339435,3.018938352074265
CUW,Curacao,2013,High income,LCN,Americas,153822.0,24821.796301247,1610.73034668,100.0,99.1690721651989,96.0,95.0,20.469548690625,10.015977665,7.385063630339435,3.018938352074265
CUW,Curacao,2014,High income,LCN,Americas,155909.0,24347.7605833552,1610.73034668,100.0,99.1690721651989,96.0,95.0,20.469548690625,10.015977665,7.385063630339435,3.018938352074265
CUW,Curacao,2015,High income,LCN,Americas,157980.0,24037.6485782735,1610.73034668,100.0,99.1690721651989,96.0,95.0,20.469548690625,10.015977665,7.385063630339435,3.018938352074265
CUW,Curacao,2016,High income,LCN,Americas,159664.0,23649.591653431,1610.73034668,100.0,99.1690721651989,96.0,95.0,20.469548690625,10.015977665,7.385063630339435,3.018938352074265
CUW,Curacao,2017,High income,LCN,Americas,160175.0,24321.7468068376,1610.73034668,100.0,99.1690721651989,96.0,95.0,20.469548690625,10.015977665,7.385063630339435,3.018938352074265
CUW,Curacao,2018,High income,LCN,Americas,159336.0,24623.0414302994,1610.73034668,100.0,98.89632012252255,96.0,95.0,20.469548690625,10.015977665,7.385063630339435,3.018938352074265
CUW,Curacao,2019,High income,LCN,Americas,157441.0,25396.9966189902,1610.73034668,100.0,98.89632012252255,96.0,95.0,20.469548690625,10.015977665,7.385063630339435,3.018938352074265
CUW,Curacao,2020,High income,LCN,Americas,155482.0,21722.0173651527,1610.73034668,100.0,98.89632012252255,96.0,95.0,20.469548690625,10.015977665,7.385063630339435,3.018938352074265
CUW,Curacao,2021,High income,LCN,Americas,153948.0,24905.7684453244,1610.73034668,100.0,98.89632012252255,96.0,95.0,20.469548690625,10.015977665,7.385063630339435,3.018938352074265
CUW,Curacao,2022,High income,LCN,Americas,153321.0,28640.6872336026,1610.73034668,100.0,98.89632012252255,96.0,95.0,20.469548690625,10.015977665,7.385063630339435,3.018938352074265
CYM,Cayman Islands,2000,High income,LCN,Americas,39674.0,10929.3002607587,1610.73034668,95.08595516798411,98.89632012252255,96.0,95.0,20.469548690625,10.015977665,7.385063630339435,3.018938352074265
CYM,Cayman Islands,2001,High income,LCN,Americas,41089.0,10929.3002607587,1610.73034668,96.139263803681,83.9378304447852,96.0,95.0,20.469548690625,10.015977665,7.385063630339435,3.018938352074265
CYM,Cayman Islands,2002,High income,LCN,Americas,42514.0,10929.3002607587,1610.73034668,96.139263803681,83.9378304447852,96.0,95.0,20.469548690625,10.015977665,7.385063630339435,3.018938352074265
CYM,Cayman Islands,2003,High income,LCN,Americas,43934.0,10929.3002607587,1610.73034668,96.139263803681,83.9378304447852,96.0,95.0,20.469548690625,10.015977665,7.385063630339435,3.018938352074265
CYM,Cayman Islands,2004,High income,LCN,Americas,45352.0,10929.3002607587,1610.73034668,96.139263803681,83.9378304447852,96.0,95.0,20.469548690625,10.015977665,7.385063630339435,3.018938352074265
CYM,Cayman Islands,2005,High income,LCN,Americas,46788.0,10929.3002607587,1610.73034668,96.139263803681,83.9378304447852,96.0,95.0,20.469548690625,10.015977665,7.385063630339435,3.018938352074265
CYM,Cayman Islands,2006,High income,LCN,Americas,48232.0,75190.6622438904,1610.73034668,96.1015337423313,83.8037938650307,96.0,95.0,20.469548690625,10.015977665,7.385063630339435,3.018938352074265
CYM,Cayman Islands,2007,High income,LCN,Americas,49687.0,77337.189365003,1610.73034668,96.0638036809816,83.669757285276,96.0,95.0,20.469548690625,10.015977665,7.385063630339435,3.018938352074265
CYM,Cayman Islands,2008,High income,LCN,Americas,51151.0,76297.4603019086,1610.73034668,96.0260736196319,83.5357207055214,96.0,95.0,20.469548690625,10.015977665,7.385063630339435,3.018938352074265
CYM,Cayman Islands,2009,High income,LCN,Americas,52618.0,69254.1827192632,1610.73034668,95.9883435582822,83.518925,96.0,95.0,20.469548690625,10.015977665,7.385063630339435,3.018938352074265
CYM,Cayman Islands,2010,High income,LCN,Americas,54099.0,66325.4579909597,1610.73034668,95.9506134969325,83.5017524539877,96.0,95.0,20.469548690625,10.015977665,7.385063630339435,3.018938352074265
CYM,Cayman Islands,2011,High income,LCN,Americas,55606.0,66629.1635862244,1610.73034668,95.9128834355828,83.4842030674846,96.0,95.0,20.469548690625,10.015977665,7.385063630339435,3.018938352074265
CYM,Cayman Islands,2012,High income,LCN,Americas,57136.0,64726.5305342992,1610.73034668,95.8751533742332,83.4662768404908,96.0,95.0,20.469548690625,10.015977665,7.385063630339435,3.018938352074265
CYM,Cayman Islands,2013,High income,LCN,Americas,58655.0,63648.2547513145,1610.73034668,95.8374233128834,83.4479737730061,96.0,95.0,20.469548690625,10.015977665,7.385063630339435,3.018938352074265
CYM,Cayman Islands,2014,High income,LCN,Americas,60160.0,63560.5137725019,1610.73034668,95.7996932515338,83.4292938650307,96.0,95.0,20.469548690625,10.015977665,7.385063630339435,3.018938352074265
CYM,Cayman Islands,2015,High income,LCN,Americas,61642.0,64009.3171045464,1610.73034668,95.7619631901841,83.4102371165644,96.0,95.0,20.469548690625,10.015977665,7.385063630339435,3.018938352074265
CYM,Cayman Islands,2016,High income,LCN,Americas,63100.0,65680.0743282085,1610.73034668,95.7242331288344,83.3908035276073,96.0,95.0,20.469548690625,10.015977665,7.385063630339435,3.018938352074265
CYM,Cayman Islands,2017,High income,LCN,Americas,64535.0,68017.6756755602,1610.73034668,95.6865030674847,83.3709930981595,96.0,95.0,20.469548690625,10.015977665,7.385063630339435,3.018938352074265
CYM,Cayman Islands,2018,High income,LCN,Americas,65941.0,71811.8924961984,1610.73034668,95.648773006135,83.3508058282208,96.0,95.0,20.469548690625,10.015977665,7.385063630339435,3.018938352074265
CYM,Cayman Islands,2019,High income,LCN,Americas,67327.0,72697.3671881501,1610.73034668,95.6110429447853,83.3302417177914,96.0,95.0,20.469548690625,10.015977665,7.385063630339435,3.018938352074265
CYM,Cayman Islands,2020,High income,LCN,Americas,68684.0,66118.6540859028,1610.73034668,95.5733128834356,83.3093007668711,96.0,95.0,20.469548690625,10.015977665,7.385063630339435,3.018938352074265
CYM,Cayman Islands,2021,High income,LCN,Americas,70108.0,74160.4914000191,1610.73034668,95.5355828220859,83.2879829754601,96.0,95.0,20.469548690625,10.015977665,7.385063630339435,3.018938352074265
CYM,Cayman Islands,2022,High income,LCN,Americas,71591.0,82295.5820704782,1610.73034668,95.4978527607362,83.2662883435582,96.0,95.0,20.469548690625,10.015977665,7.385063630339435,3.018938352074265
CYP,Cyprus,2000,High income,ECS,Europe,947667.0,21295.78515625,750.51672363,99.8808389848329,99.6199406645238,97.0,86.0,6.633415918,11.81486595,6.622093462611422,1.8921198929345857
CYP,Cyprus,2001,High income,ECS,Europe,964127.0,22866.171875,782.16162109,99.8807090471894,99.6200247256728,97.0,86.0,6.2053742393333335,11.11001879,6.663339087321554,1.8254157293814899
CYP,Cyprus,2002,High income,ECS,Europe,981440.0,23556.27734375,890.48297119,99.8807921007244,99.6199751312853,98.0,86.0,5.784746614333334,10.62676456,6.792886335819585,1.7552245592254094
CYP,Cyprus,2003,High income,ECS,Europe,999590.0,24278.041015625,1145.05847168,99.8771500644463,99.6136877795187,98.0,86.0,5.371138115666667,10.44521594,7.044083918381463,1.6810398256674797
CYP,Cyprus,2004,High income,ECS,Europe,1017875.0,25941.998046875,1286.97155762,99.8735238773651,99.6072927397661,98.0,86.0,4.966602991333333,10.36634968,7.160823823827307,1.6027361036642072
CYP,Cyprus,2005,High income,ECS,Europe,1036151.0,27763.158203125,1366.01708984,99.8665320571823,99.6007951565338,98.0,86.0,4.584176395666667,10.30370323,7.220386338357581,1.52261045940215
CYP,Cyprus,2006,High income,ECS,Europe,1054418.0,30008.724609375,1474.02062988,99.8586266149932,99.5942003777619,97.0,87.0,4.235418371333334,9.823298077,7.296427255035434,1.4434821122054242
CYP,Cyprus,2007,High income,ECS,Europe,1072714.0,32887.8671875,1694.27185059,99.8506916800731,99.5874947603584,97.0,87.0,3.930606988333333,9.59252463,7.435598390783348,1.3687938639125943
CYP,Cyprus,2008,High income,ECS,Europe,1091026.0,34830.11328125,2155.24658203,99.8427359254953,99.5806869469341,97.0,87.0,3.6753054106666663,9.749219688,7.676124295632906,1.301636234155086
CYP,Cyprus,2009,High income,ECS,Europe,1109371.0,33901.34765625,2105.4777832,99.8347516446659,99.57376515883,99.0,87.0,3.467969120333333,9.516189687,7.652772534579689,1.2435691547071805
CYP,Cyprus,2010,High income,ECS,Europe,1127816.0,33502.1640625,2045.2923584,99.8267504796292,99.5667445489434,99.0,87.0,3.295253686,9.692498309,7.623784828972009,1.1924831561895863
CYP,Cyprus,2011,High income,ECS,Europe,1146493.0,33405.9765625,2114.66894531,99.8187291029918,99.5596171415889,99.0,87.0,3.1524541856666666,9.927588768,7.657126327671024,1.1481812560524207
CYP,Cyprus,2012,High income,ECS,Europe,1165397.0,31924.099609375,1899.37255859,99.8106809810866,99.5523804913216,99.0,86.0,3.039923389333333,9.95808786,7.549805229401103,1.11183231422339
CYP,Cyprus,2013,High income,ECS,Europe,1183895.0,30415.7890625,1923.03869629,99.8025995652533,99.5451371787791,99.0,86.0,2.9567912363333337,10.16616785,7.56218174344024,1.0841046385584188
CYP,Cyprus,2014,High income,ECS,Europe,1201801.0,29892.7109375,1869.46398926,99.7944906652545,99.5378944664201,99.0,86.0,2.905590321,10.81196082,7.533941801670242,1.0666365782656544
CYP,Cyprus,2015,High income,ECS,Europe,1219502.0,31380.19921875,1570.54638672,99.7863671756961,99.5306978983581,97.0,90.0,2.888119398333333,11.24344314,7.359815373282105,1.060605563089189
CYP,Cyprus,2016,High income,ECS,Europe,1237112.0,35246.90234375,1619.91918945,99.7782153871909,99.5235457103291,97.0,90.0,2.904015762,11.56877748,7.390748668210468,1.06609452463377
CYP,Cyprus,2017,High income,ECS,Europe,1254275.0,37768.1171875,1742.67626953,99.7700560798569,99.5164756897262,97.0,90.0,2.949069675,11.98218095,7.463750961968927,1.081489756207137
CYP,Cyprus,2018,High income,ECS,Europe,1270737.0,40262.30859375,1987.69470215,99.7618820715217,99.5094911557165,99.0,90.0,3.020794099,12.50466931,7.59523377393544,1.1055197435110984
CYP,Cyprus,2019,High income,ECS,Europe,1286671.0,44393.9921875,2059.45019531,99.7537103444436,99.5026390696851,96.0,86.0,3.117818851666667,13.13984766,7.630679779319552,1.137133671342551
CYP,Cyprus,2020,High income,ECS,Europe,1302247.0,42569.0546875,2443.37207031,99.7455373868703,99.4959339092573,96.0,86.0,3.2357132876666665,86.95631517,7.8015435469654655,1.1742493944262944
CYP,Cyprus,2021,High income,ECS,Europe,1317309.0,47632.76953125,2947.81494141,99.737372137771,99.4893875128893,96.0,86.0,3.35971043,97.68237296,7.989158653848598,1.2118547887136508
CYP,Cyprus,2022,High income,ECS,Europe,1331370.0,55876.17578125,2748.6159668,99.7292193859115,99.4830286709908,96.0,84.0,3.467656257333333,52.99854086,7.919216532472503,1.2434789355897466
CZE,Czechia,2000,High income,ECS,Europe,10255063.0,16332.2910408629,342.92108154,97.972246151234,99.0199352987206,98.0,97.0,5.4505781146666665,6.525290683,5.840412216926045,1.6957216791351095
CZE,Czechia,2001,High income,ECS,Europe,10216605.0,17709.4523103293,388.54403687,97.9706166565361,99.0183220788767,98.0,97.0,5.184388601333333,6.207163553,5.964976918920003,1.645651917917442
CZE,Czechia,2002,High income,ECS,Europe,10196916.0,18344.0329427938,497.74203491,98.0088325485114,99.0224988407021,98.0,98.0,4.967860001,5.731284692,6.212088997971287,1.6029891640811307
CZE,Czechia,2003,High income,ECS,Europe,10193998.0,19604.0917215381,640.66040039,98.0470367968107,99.0268406201915,97.0,97.0,4.767726538000001,5.539344478,6.464059192380117,1.5618695745108853
CZE,Czechia,2004,High income,ECS,Europe,10197101.0,20988.1204818834,746.32891846,98.085247563922,99.0313656821167,98.0,97.0,4.566118131666666,5.122554791,6.616505407444316,1.5186634197980418
CZE,Czechia,2005,High income,ECS,Europe,10211216.0,22114.8363085202,852.65246582,98.1234653444269,99.0360747100717,97.0,97.0,4.352881524,5.066549381,6.749524162273956,1.4708380451081078
CZE,Czechia,2006,High income,ECS,Europe,10238905.0,23914.1862443811,942.11804199,98.1616913225965,99.0409691577394,98.0,97.0,4.133026754,4.675970085,6.849191451883235,1.4190100087726167
CZE,Czechia,2007,High income,ECS,Europe,10298828.0,26267.6071527112,1110.17663574,98.1999097628059,99.0460417932649,99.0,98.0,3.9146356403333336,4.376786864,7.013174765067173,1.364722257508473
CZE,Czechia,2008,High income,ECS,Europe,10384603.0,27937.841568102,1449.33679199,98.2381464447503,99.0513031802799,99.0,97.0,3.7103953606666655,4.342912668,7.279551078781973,1.3111384371589978
CZE,Czechia,2009,High income,ECS,Europe,10443936.0,27713.2434564605,1442.24279785,98.2763785982176,99.0567489826448,99.0,98.0,3.527067531,4.245475475,7.274647803698209,1.2604667979376418
CZE,Czechia,2010,High income,ECS,Europe,10474410.0,28153.8518610007,1509.44726563,98.314633387884,99.0623856130317,99.0,98.0,3.372069605333333,3.908065887,7.320161088353672,1.2155266820776105
CZE,Czechia,2011,High income,ECS,Europe,10496088.0,29237.1870959847,1649.15905762,98.352878485221,99.0682046251775,99.0,98.0,3.251771086666667,3.810461798,7.40862696080616,1.179199797654047
CZE,Czechia,2012,High income,ECS,Europe,10510785.0,29465.6074011894,1509.77526855,98.3922881866856,99.0741157391505,99.0,98.0,3.173169197,3.654077733,7.320378220933334,1.1547308351629972
CZE,Czechia,2013,High income,ECS,Europe,10514272.0,31013.0082933831,1508.79907227,98.5339609286439,99.0797791585542,98.0,99.0,3.1371002860000003,3.407521198,7.31973185623322,1.1432988974575131
CZE,Czechia,2014,High income,ECS,Europe,10525347.0,32743.489773169,1512.59326172,98.7302061350028,99.0755485007891,97.0,99.0,3.135776537666666,3.225398396,7.322241746464237,1.1428768428276532
CZE,Czechia,2015,High income,ECS,Europe,10546059.0,34093.0280593748,1308.8013916,98.7304761661286,99.0751703935412,97.0,99.0,3.1587021793333334,3.132693567,7.177630795235672,1.1501612404947341
CZE,Czechia,2016,High income,ECS,Europe,10566332.0,36445.0485732064,1374.9005127,98.7307511669182,99.0747972565215,96.0,98.0,3.181255058333333,3.218321092,7.226863714062526,1.157275791361273
CZE,Czechia,2017,High income,ECS,Europe,10594438.0,39346.030564257,1516.75012207,98.7310570576695,99.0743713886289,96.0,97.0,3.171632690333334,2.940018297,7.324984334438806,1.1542464995686046
CZE,Czechia,2018,High income,ECS,Europe,10629928.0,41638.1831076596,1750.81188965,98.7313948988611,99.073893834029,97.0,96.0,3.113774263333333,2.996134006,7.468405896810649,1.1358355798829083
CZE,Czechia,2019,High income,ECS,Europe,10671870.0,45614.0171132532,1805.44030762,98.731767831264,99.0733677168251,97.0,92.0,3.0180401983333334,3.120644656,7.4991135069307715,1.104607679784234
CZE,Czechia,2020,High income,ECS,Europe,10697858.0,44839.4822099455,2106.28027344,98.7321788477487,99.0728030542538,97.0,94.0,2.9007834530000003,3.243328252,7.653153425100177,1.064980856713708
CZE,Czechia,2021,High income,ECS,Europe,10505772.0,47796.0337408466,2538.03344727,98.7326235754859,99.0721814938167,94.0,97.0,2.7784335913333336,4.394581698,7.839538755020825,1.0218873125464434
CZE,Czechia,2022,High income,ECS,Europe,10672118.0,52946.9660854462,2431.08496094,98.7330958150591,99.0715177493914,94.0,97.0,2.6607733406666667,3.035332259,7.796504177072898,0.9786168101138893
DEU,Germany,2000,High income,ECS,Europe,82211508.0,27473.6669767024,2336.36230469,100.0,99.21811250617,90.0,92.0,5.345972262666667,6.731067852,7.75677835234326,1.6763434292757826
DEU,Germany,2001,High income,ECS,Europe,82349925.0,28674.1682823146,2338.12231445,99.9999997139462,99.2187285711442,93.0,94.0,5.208236846333333,6.315576622,7.757531058697042,1.6502413812787562
DEU,Germany,2002,High income,ECS,Europe,82488495.0,29513.6823267102,2557.53564453,99.9999978295524,99.2193421952122,93.0,94.0,5.082764954666667,6.206043214,7.8471903599558,1.62585539593714
DEU,Germany,2003,High income,ECS,Europe,82534176.0,30301.4017692833,3139.36328125,99.9999979068126,99.2199547418402,97.0,95.0,4.962169313333333,5.981987723,8.052093766875792,1.601843006681287
DEU,Germany,2004,High income,ECS,Europe,82516260.0,31753.1720592803,3447.26977539,99.9999988199317,99.2205650986776,96.0,96.0,4.842442189,5.781055043,8.145627869845297,1.5774191779727187
DEU,Germany,2005,High income,ECS,Europe,82469422.0,32313.736788417,3544.56616211,100.0,99.2211744184797,96.0,96.0,4.720925554666667,5.67328712,8.173453133438647,1.5520048724643185
DEU,Germany,2006,High income,ECS,Europe,82376451.0,34741.3353426224,3681.3659668,99.9999996366367,99.2217727206521,96.0,96.0,4.599216319666667,5.600250453,8.211310750335622,1.5258859236913798
DEU,Germany,2007,High income,ECS,Europe,82266372.0,36914.0023792935,4162.6875,99.9999987891849,99.2223722833519,96.0,97.0,4.479427955999999,5.498463341,8.334156378887876,1.4994953498811796
DEU,Germany,2008,High income,ECS,Europe,82110097.0,38443.5386278958,4647.31005859,100.0,99.2229706553604,96.0,97.0,4.365404693,5.528329991,8.444259004265131,1.4737108981669318
DEU,Germany,2009,High income,ECS,Europe,81902307.0,37573.9910136539,4655.171875,100.0,99.2235594374559,96.0,97.0,4.261094424,5.50565814,8.445948903463618,1.4495260343285694
DEU,Germany,2010,High income,ECS,Europe,81776930.0,39726.098692395,4592.07128906,99.9999997873648,99.2241473116782,96.0,97.0,4.168760505333334,5.389250791,8.432304205446359,1.4276187506986118
DEU,Germany,2011,High income,ECS,Europe,80274983.0,43398.3443992496,5016.23583984,100.0,99.2247340689137,95.0,97.0,4.091508517333334,5.211129737,8.520634431519728,1.4089137326972554
DEU,Germany,2012,High income,ECS,Europe,80425823.0,44229.3941921739,4744.87011719,99.9999983586453,99.2247613890783,95.0,97.0,4.029861333,4.941856577,8.465030069826035,1.3937319666817358
DEU,Germany,2013,High income,ECS,Europe,80645605.0,45889.0173022052,5080.62402344,100.0,99.2247932083091,93.0,97.0,3.982783305,4.878530985,8.533386179136222,1.3819808977483756
DEU,Germany,2014,High income,ECS,Europe,80982500.0,47938.7968210418,5287.34423828,100.0,99.2248234415877,93.0,97.0,3.946207010333333,4.526081327,8.573260477423329,1.3727548670285936
DEU,Germany,2015,High income,ECS,Europe,81686611.0,48545.400721962,4605.59033203,100.0,99.2248544718085,93.0,97.0,3.915470745666666,4.533928448,8.435243238045203,1.3649355637639262
DEU,Germany,2016,High income,ECS,Europe,82348669.0,51569.9016841199,4723.32421875,99.9999994713636,99.224925403148,91.0,97.0,3.882630336,4.435974741,8.46047980721238,1.356512845599585
DEU,Germany,2017,High income,ECS,Europe,82657002.0,54110.2536648812,5039.35302734,100.0,99.2250385348841,91.0,97.0,3.840825078,4.207001861,8.525231403719513,1.3456872075821589
DEU,Germany,2018,High income,ECS,Europe,82905782.0,56273.0405627017,5473.55712891,100.0,99.2251947749957,91.0,97.0,3.789013299333334,4.207026822,8.60786666171615,1.3321056420153483
DEU,Germany,2019,High income,ECS,Europe,83092962.0,59270.7276496985,5447.31787109,99.9999994577197,99.2253839958428,91.0,97.0,3.736200276333333,3.965850897,8.603062192509423,1.318069126085387
DEU,Germany,2020,High income,ECS,Europe,83160871.0,58685.872699771,5906.80615234,99.9999988416059,99.2256156866511,91.0,97.0,3.693995616333333,4.23312966,8.684029832066937,1.3067086950771922
DEU,Germany,2021,High income,ECS,Europe,83196078.0,62530.7653199239,6653.58349609,99.9999988425523,99.2258902349631,92.0,98.0,3.664827797,4.45640829,8.803061143760239,1.2987813484230144
DEU,Germany,2022,High income,ECS,Europe,83177813.0,69048.9884036885,6226.14208984,99.9999971569363,99.2262023543276,89.0,96.0,3.650187511,4.030727833,8.73667277295803,1.2947785391515714
DJI,Djibouti,2000,Lower middle income,MEA,Eastern Mediterranean,747318.0,10929.3002607587,35.48954773,74.3096347205208,43.8005585471414,46.0,50.0,99.36729958899998,501.0375531,3.597025856016928,4.5988230815595355
DJI,Djibouti,2001,Lower middle income,MEA,Eastern Mediterranean,771313.0,10929.3002607587,33.61427689,74.527572653683,43.8212949493816,53.0,49.0,97.10463232733332,441.3659379,3.544266223835232,4.575789080929001
DJI,Djibouti,2002,Lower middle income,MEA,Eastern Mediterranean,795574.0,10929.3002607587,39.49966431,74.7450869974976,43.8420347636871,62.0,62.0,94.72795701733332,403.6456838,3.701293685436167,4.551009173280277
DJI,Djibouti,2003,Lower middle income,MEA,Eastern Mediterranean,813519.0,10929.3002607587,46.27521896,74.96217201496,43.8627723780355,68.0,66.0,92.32539328166666,390.7255912,3.8559862461572743,4.525319220482239
DJI,Djibouti,2004,Lower middle income,MEA,Eastern Mediterranean,826124.0,10929.3002607587,40.04951477,75.1788322527145,43.883509634259,64.0,60.0,89.92573284333332,363.5218406,3.7147790153657247,4.49898413904343
DJI,Djibouti,2005,Lower middle income,MEA,Eastern Mediterranean,839167.0,10929.3002607587,45.12551498,75.3947621757465,45.4139101542283,71.0,65.0,87.56153799033332,315.4109202,3.831366267176413,4.472341837488218
DJI,Djibouti,2006,Lower middle income,MEA,Eastern Mediterranean,855764.0,10929.3002607587,53.26344299,75.6105690415926,46.9402321181691,72.0,67.0,85.14000881366667,297.9443058,3.993850758774642,4.444297063919694
DJI,Djibouti,2007,Lower middle income,MEA,Eastern Mediterranean,874528.0,10929.3002607587,55.18254471,75.8259576941353,48.4620248883816,88.0,74.0,82.644224068,284.9049084,4.028606116307098,4.414544937590292
DJI,Djibouti,2008,Lower middle income,MEA,Eastern Mediterranean,892734.0,10929.3002607587,55.90976715,76.0409140930528,49.9792625492526,89.0,73.0,80.23847010833333,272.5761296,4.041466981058604,4.385003077025419
DJI,Djibouti,2009,Lower middle income,MEA,Eastern Mediterranean,911527.0,10929.3002607587,56.92132568,76.2551640290106,51.4914501079009,89.0,84.0,77.97777771666667,262.6453677,4.059085635937079,4.356423885029196
DJI,Djibouti,2010,Lower middle income,MEA,Eastern Mediterranean,930251.0,10929.3002607587,55.7044487,76.4718213203658,53.0040688366127,88.0,85.0,75.70245430133333,242.8432564,4.037852667973317,4.326810581335718
DJI,Djibouti,2011,Lower middle income,MEA,Eastern Mediterranean,948558.0,10929.3002607587,61.89852524,76.6907534448216,54.5173591170882,87.0,84.0,73.48954920466667,229.4582282,4.141522717326602,4.297143208417553
DJI,Djibouti,2012,Lower middle income,MEA,Eastern Mediterranean,966747.0,10929.3002607587,64.8536911,76.9115444598486,56.031031232703,81.0,83.0,71.32553532666667,221.4029471,4.187435479769472,4.267254402527643
DJI,Djibouti,2013,Lower middle income,MEA,Eastern Mediterranean,984824.0,3762.2819610399,60.57233047,77.1343417786065,57.545815952446,82.0,80.0,69.16694115,218.934978,4.120212588945794,4.236523019428504
DJI,Djibouti,2014,Lower middle income,MEA,Eastern Mediterranean,1002717.0,3978.34667092554,65.53726196,77.3584793969034,59.060863750812,78.0,71.0,67.092806863,211.5086317,4.197762120961009,4.206076837977925
DJI,Djibouti,2015,Lower middle income,MEA,Eastern Mediterranean,1020313.0,4263.96288890455,79.54257965,77.5846153985274,60.5779617075524,84.0,74.0,65.045030171,210.0937347,4.3887859843367485,4.17507980190152
DJI,Djibouti,2016,Lower middle income,MEA,Eastern Mediterranean,1037653.0,4431.56588556176,68.82745361,77.8118431649469,62.0957006266769,68.0,75.0,63.182821887,204.4976007,4.246027250633844,4.146032458621535
DJI,Djibouti,2017,Lower middle income,MEA,Eastern Mediterranean,1054841.0,4676.71336058903,64.94396973,78.0402986467674,63.6147917367826,76.0,81.0,61.17825247233333,201.0524292,4.188805437984981,4.113791774606623
DJI,Djibouti,2018,Lower middle income,MEA,Eastern Mediterranean,1071882.0,5083.11077030183,68.79101563,78.2698510281145,65.1354027813767,84.0,86.0,59.289239439,199.015178,4.245505285581145,4.082427829824552
DJI,Djibouti,2019,Lower middle income,MEA,Eastern Mediterranean,1088709.0,5398.00036773984,68.4744873,78.500379190124,66.6577106028334,85.0,83.0,57.359695222666666,194.0045463,4.240959595968376,4.049341882864883
DJI,Djibouti,2020,Lower middle income,MEA,Eastern Mediterranean,1105188.0,5527.00185229888,66.53086853,78.7317549952208,66.7421157146302,70.0,62.0,55.555227705666674,191.5935048,4.212584804898979,4.01737761977056
DJI,Djibouti,2021,Lower middle income,MEA,Eastern Mediterranean,1121248.0,5960.10807396825,86.88237762,78.9636292425205,66.8311205695029,59.0,50.0,53.80111377666666,221.2705876,4.475999302453107,3.985294169121977
DJI,Djibouti,2022,Lower middle income,MEA,Eastern Mediterranean,1137096.0,6621.33038220409,79.13184357,79.1958862115465,66.9247194918968,59.0,50.0,52.060307808000005,174.4108209,4.3836733227635545,3.952402812111368
DMA,Dominica,2000,Upper middle income,LCN,Americas,68511.0,7111.4131102869,259.0213623,94.2668749983249,64.0425728567548,99.0,99.0,19.343793738,61.05657656,5.5607637903326665,2.9623716309743973
DMA,Dominica,2001,Upper middle income,LCN,Americas,68288.0,7290.62832445515,231.52333069,94.3836399842442,65.298253781627,99.0,99.0,19.702679085,58.22382355,5.448990567046746,2.9807546206600115
DMA,Dominica,2002,Upper middle income,LCN,Americas,68367.0,7167.04271942728,226.86923218,94.5072339611788,66.5539347064993,98.0,99.0,20.114760684,56.35855405,5.428771921345522,3.0014539079409697
DMA,Dominica,2003,Upper middle income,LCN,Americas,68531.0,7714.29509857094,242.78863525,94.6298513844787,67.8096156313715,99.0,99.0,20.566210587666664,55.22598127,5.4963016009073336,3.0236494663571545
DMA,Dominica,2004,Upper middle income,LCN,Americas,68649.0,8232.18460901,253.70576477,94.7515617669834,69.0652965562438,99.0,99.0,21.06351843,54.4697857,5.540109015298181,3.0475425597032673
DMA,Dominica,2005,Upper middle income,LCN,Americas,68734.0,8557.41594949633,263.66098022,94.8722688677582,70.3209774811161,98.0,98.0,21.59831378533333,53.83392907,5.578449687033352,3.072615246149023
DMA,Dominica,2006,Upper middle income,LCN,Americas,68806.0,9199.88176357941,271.24331665,94.9920765320284,71.5766584059883,95.0,97.0,22.174998091666662,53.76223295,5.606696212935073,3.098965442137766
DMA,Dominica,2007,Upper middle income,LCN,Americas,68847.0,9949.48016534769,293.30905151,95.1109272137674,72.8323393308606,96.0,96.0,22.790575707666665,53.10649967,5.6846304108317085,3.1263471043543545
DMA,Dominica,2008,Upper middle income,LCN,Americas,68854.0,10862.2582746594,336.0015564,95.2288638936291,74.0880202557328,96.0,99.0,23.45639707933333,52.51947205,5.820087548739323,3.155143254250129
DMA,Dominica,2009,Upper middle income,LCN,Americas,68864.0,10803.5563676924,354.04888916,95.3458592055333,75.3437011806051,99.0,99.0,24.162277153,49.94222374,5.872255495937107,3.1847926216466007
DMA,Dominica,2010,Upper middle income,LCN,Americas,68859.0,10924.0953245506,369.75668335,95.4619169199444,76.5993821054773,98.0,99.0,24.91413969466667,49.90149095,5.915546007423333,3.2154355015231864
DMA,Dominica,2011,Upper middle income,LCN,Americas,69053.0,11122.8994140294,387.11709595,95.5770987585217,77.8550630303496,98.0,99.0,25.704752829,49.28971717,5.961307087778287,3.2466759097833533
DMA,Dominica,2012,Upper middle income,LCN,Americas,69118.0,10920.9085079245,407.42053223,95.6914288767891,79.1107439552219,97.0,99.0,26.532771435666664,51.433963,6.012297359830889,3.278380626910252
DMA,Dominica,2013,Upper middle income,LCN,Americas,69715.0,11286.2696974861,382.10519409,95.8049070233585,80.3664248800941,97.0,93.0,27.414977869,49.8508957,5.9483096096674215,3.311089501596886
DMA,Dominica,2014,Upper middle income,LCN,Americas,70373.0,12083.292631482,389.05343628,95.9175225784431,80.3664248800941,97.0,94.0,28.30847642266667,52.83571595,5.966283745840407,3.3431612800375325
DMA,Dominica,2015,Upper middle income,LCN,Americas,70410.0,12092.7315992676,396.23742676,96.0292697173861,80.3664248800941,98.0,96.0,29.247287893000003,62.77060913,5.984534154217379,3.375786847772114
DMA,Dominica,2016,Upper middle income,LCN,Americas,69606.0,12945.0029571643,424.15756226,96.1401644767525,80.3664248800941,99.0,96.0,30.195226871666662,47.78683611,6.0524598349486896,3.4076838612824463
DMA,Dominica,2017,Upper middle income,LCN,Americas,68496.0,12696.1956612622,415.87072754,96.2501691726005,80.3664248800941,91.0,77.0,31.147188836,43.59389307,6.032776167837759,3.4387239951257307
DMA,Dominica,2018,Upper middle income,LCN,Americas,68174.0,15069.8972415303,503.34179688,96.3592925117814,86.4725409994878,94.0,84.0,32.073870371,42.62802248,6.223254206631783,3.468041691518308
DMA,Dominica,2019,Upper middle income,LCN,Americas,67880.0,16020.5944720217,465.63766479,96.4675351456684,86.4725409994878,99.0,92.0,32.962964940666666,40.82373292,6.145553078125472,3.4953846567196076
DMA,Dominica,2020,Upper middle income,LCN,Americas,67573.0,14243.7623123898,452.65899658,96.574889313875,86.4725409994878,96.0,92.0,33.76857117833333,46.64250775,6.1173458069631375,3.5195305231183966
DMA,Dominica,2021,Upper middle income,LCN,Americas,67202.0,15808.9743503945,521.41455078,96.6813469673205,86.4725409994878,92.0,88.0,34.464148947333335,110.2234287,6.258461431287944,3.539919622788378
DMA,Dominica,2022,Upper middle income,LCN,Americas,66826.0,18802.0819913205,542.53948975,96.7869037849825,86.4725409994878,82.0,87.0,35.03652353733333,43.89311163,6.298102362155453,3.5563910470289453
DNK,Denmark,2000,High income,ECS,Europe,5339616.0,28647.8282830783,2491.54174805,99.9999969457606,99.5972376023296,97.0,99.0,5.625090294333333,8.812688133,7.821058251164128,1.7272370002875725
DNK,Denmark,2001,High income,ECS,Europe,5358783.0,29458.9882141098,2597.97290039,100.0,99.5972416304782,97.0,94.0,5.509999386666666,8.770200591,7.862871607649846,1.7065645118520523
DNK,Denmark,2002,High income,ECS,Europe,5375931.0,30666.5967674022,2891.71069336,100.0,99.5972442699568,98.0,95.0,5.372221657666667,8.677080962,7.969949297680377,1.6812415394751776
DNK,Denmark,2003,High income,ECS,Europe,5390574.0,30864.1123687371,3602.28295898,100.0,99.5972440111371,96.0,96.0,5.209017617333333,8.302148648,8.189600641935879,1.650391280852427
DNK,Denmark,2004,High income,ECS,Europe,5404523.0,33015.5515892493,4189.47265625,100.0,99.5972402944734,95.0,96.0,5.024161093333333,8.077527385,8.340568812341678,1.614258493407673
DNK,Denmark,2005,High income,ECS,Europe,5419432.0,34238.3218147437,4436.07421875,99.9999987386533,99.597236324295,93.0,95.0,4.82902059,7.50337603,8.397750478475883,1.5746436707050524
DNK,Denmark,2006,High income,ECS,Europe,5437272.0,37392.3211413889,4770.13720703,100.0,99.5972374048181,93.0,90.0,4.638306714666666,7.215119722,8.470339963650062,1.534349367450302
DNK,Denmark,2007,High income,ECS,Europe,5461438.0,39110.0956365756,5453.83837891,99.9999976665951,99.5972334856175,87.0,89.0,4.4628249030000005,7.486250234,8.60425826976409,1.4957819518503859
DNK,Denmark,2008,High income,ECS,Europe,5493621.0,41467.3861879777,6117.69677734,99.9999973602883,99.5972323943496,88.0,87.0,4.3124312090000005,7.318658854,8.719104407951306,1.4615018306940193
DNK,Denmark,2009,High income,ECS,Europe,5523095.0,40524.3123510224,6208.48486328,99.9999973124597,99.5972316699416,89.0,84.0,4.19584073,7.014301043,8.733833218713807,1.4340937322349971
DNK,Denmark,2010,High income,ECS,Europe,5547683.0,43037.5989192487,6156.68554688,99.9999962682703,99.5972300585554,90.0,85.0,4.115598693666667,6.658385189,8.725456263016937,1.4147843141092886
DNK,Denmark,2011,High income,ECS,Europe,5570572.0,44443.7163844726,6426.39990234,99.9999977912366,99.5972309188778,91.0,87.0,4.075331612666667,6.251914707,8.76832536567611,1.4049521207233833
DNK,Denmark,2012,High income,ECS,Europe,5591572.0,44755.1624273018,6155.76367188,100.0,99.5972365782487,94.0,90.0,4.069544920999999,5.781131146,8.725306540526658,1.4035311801808485
DNK,Denmark,2013,High income,ECS,Europe,5614932.0,46869.1932887749,6320.08447266,99.9999990521906,99.5972308171769,94.0,89.0,4.077723952666667,5.355500369,8.751646066195692,1.405538978018661
DNK,Denmark,2014,High income,ECS,Europe,5643475.0,47879.5955558233,6447.92382813,100.0,99.5972357033725,94.0,90.0,4.078605219,5.41019681,8.771668547517146,1.405755071881038
DNK,Denmark,2015,High income,ECS,Europe,5683483.0,48897.2099776611,5508.53369141,100.0,99.5972338246899,93.0,91.0,4.062528484666667,5.00721527,8.614235269057515,1.4018055592415313
DNK,Denmark,2016,High income,ECS,Europe,5728010.0,51820.9521305491,5603.75830078,99.9999998039442,99.5972301475052,94.0,94.0,4.021874776333333,5.172057972,8.631371212503328,1.3917481561898173
DNK,Denmark,2017,High income,ECS,Europe,5764980.0,55271.5976002659,5817.42529297,100.0,99.5972303913109,98.0,97.0,3.956232621333333,4.654745023,8.668784935897087,1.3752922141887476
DNK,Denmark,2018,High income,ECS,Europe,5793636.0,57233.6231685618,6219.12988281,100.0,99.5972321137483,97.0,95.0,3.872332152,4.680113579,8.735546066995918,1.3538569487930256
DNK,Denmark,2019,High income,ECS,Europe,5814422.0,60594.966400191,6049.93408203,99.9999975731289,99.5972264992143,97.0,96.0,3.777348407333333,4.233266515,8.70796793283137,1.3290222839381562
DNK,Denmark,2020,High income,ECS,Europe,5831404.0,62682.2899474389,6520.65771484,100.0,99.5972310070963,97.0,94.0,3.6816760206666665,4.083590685,8.782883873346787,1.3033680888978911
DNK,Denmark,2021,High income,ECS,Europe,5856733.0,69715.1809680929,7429.99023438,100.0,99.5972289739284,97.0,95.0,3.589190736666667,7.654625359,8.913414403983547,1.2779267555476146
DNK,Denmark,2022,High income,ECS,Europe,5903037.0,78913.6534913127,6451.19433594,100.0,99.5972313839473,97.0,95.0,3.504423518,5.564974798,8.772175559054977,1.254026032779449
DOM,Dominican Republic,2000,Upper middle income,LCN,Americas,8584190.0,6639.01131864822,138.29624939,91.0193202795321,76.5972413927346,78.0,85.0,39.801179717375,75.59829221,4.936602955728381,3.6838965529911776
DOM,Dominican Republic,2001,Upper middle income,LCN,Americas,8720283.0,6847.57366127122,143.32540894,91.3815553025836,77.1486058727442,72.0,88.0,38.77663165225,68.08628507,4.972070534409118,3.6578177881837113
DOM,Dominican Republic,2002,Upper middle income,LCN,Americas,8852235.0,7157.66825484558,152.86595154,91.7350612908746,77.6989945887233,82.0,86.0,37.92843994975,68.24471653,5.03608177881134,3.6357012251357377
DOM,Dominican Republic,2003,Upper middle income,LCN,Americas,8980620.0,7097.55707820616,104.59856415,92.1383561014256,78.3032583035324,79.0,83.0,37.240199885125,71.36468002,4.659644774115327,3.617388819879021
DOM,Dominican Republic,2004,Upper middle income,LCN,Americas,9104892.0,7374.8123177806,105.12216187,92.5503842742875,78.9271188808874,79.0,81.0,36.67365414775,77.85296332,4.664590900999463,3.6020586266345047
DOM,Dominican Republic,2005,Upper middle income,LCN,Americas,9225034.0,8215.03244576661,168.85827637,92.9442462304413,79.5457900352117,87.0,79.0,36.21523570375,83.45658984,5.134964420943732,3.58947990608255
DOM,Dominican Republic,2006,Upper middle income,LCN,Americas,9341183.0,9130.06906145599,161.94844055,93.3208356941648,80.1598054522456,89.0,80.0,35.84768027975,86.63941119,5.0934338351242445,3.5792788586689634
DOM,Dominican Republic,2007,Upper middle income,LCN,Americas,9455658.0,9951.13191591458,190.14048767,93.6801822070971,80.7688357715562,85.0,80.0,35.573049016,90.00940156,5.253008695210734,3.571588301038479
DOM,Dominican Republic,2008,Upper middle income,LCN,Americas,9573130.0,10345.8080982759,229.29747009,94.0226829898878,81.3729094599305,82.0,80.0,35.334978619625,93.62418258,5.439371821486231,3.564873369066223
DOM,Dominican Republic,2009,Upper middle income,LCN,Americas,9695265.0,10381.6248126801,237.11128235,94.3479459728681,81.9711115493229,82.0,81.0,35.171882688,95.73007045,5.472738137292489,3.560246976130777
DOM,Dominican Republic,2010,Upper middle income,LCN,Americas,9820175.0,11245.6811892201,270.03961182,94.6571919447174,82.5643436966814,88.0,81.0,35.059407168625,91.65964161,5.602264979275533,3.55704397029779
DOM,Dominican Republic,2011,Upper middle income,LCN,Americas,9945621.0,11694.6641852303,293.95123291,94.9411577041221,83.1400170777366,84.0,82.0,34.960730345875,90.67073283,5.686810030504765,3.5542254414694376
DOM,Dominican Republic,2012,Upper middle income,LCN,Americas,10070411.0,11776.6228103557,304.23754883,95.2053026765105,83.7029811065399,85.0,82.0,34.926389927625,88.52170474,5.721090322085166,3.5532427018493364
DOM,Dominican Republic,2013,Upper middle income,LCN,Americas,10193833.0,12413.910018356,302.28512573,95.4569183357095,84.2618165680841,83.0,77.0,34.9329436665,90.95710841,5.71467337204785,3.5534303285716957
DOM,Dominican Republic,2014,Upper middle income,LCN,Americas,10315528.0,13464.7925609074,312.44223022,95.6965659361733,84.8168092520689,91.0,82.0,34.947870509875,95.29755014,5.747615069472091,3.553857537206224
DOM,Dominican Republic,2015,Upper middle income,LCN,Americas,10434829.0,14804.0974069659,322.04864502,95.9246900261845,85.3681191078801,85.0,84.0,34.965043852875,102.2596112,5.777802915660136,3.554348815348523
DOM,Dominican Republic,2016,Upper middle income,LCN,Americas,10551430.0,16282.1899127514,328.36526489,96.1415849688893,85.9156708340948,87.0,79.0,34.99355479425,105.723689,5.7971673625476345,3.5551638957962393
DOM,Dominican Republic,2017,Upper middle income,LCN,Americas,10666843.0,16846.2072320323,329.54168701,96.3474703370499,86.4591843551148,84.0,80.0,34.94772670925,103.7768772,5.800732784499498,3.5538534224799547
DOM,Dominican Republic,2018,Upper middle income,LCN,Americas,10782053.0,17994.8382742736,332.47702026,96.5419932414165,86.9970340675961,87.0,85.0,34.71830115025,106.7339359,5.80957395821402,3.5472669585907175
DOM,Dominican Republic,2019,Upper middle income,LCN,Americas,10894043.0,19766.7628586981,357.44137573,96.7258902380545,87.5294360450425,89.0,90.0,34.327252965,118.093144,5.881765120112659,3.5359395857710085
DOM,Dominican Republic,2020,Upper middle income,LCN,Americas,11008300.0,18998.3069667315,354.25689697,96.8998955257888,88.0566185078015,82.0,76.0,33.732146912875,121.4660461,5.872841181201139,3.51845129699981
DOM,Dominican Republic,2021,Upper middle income,LCN,Americas,11123476.0,22053.4589869955,433.89172363,97.3054739452924,88.5790077931484,84.0,82.0,33.050469897125,152.5416142,6.075097088909748,3.4980357839613743
DOM,Dominican Republic,2022,Upper middle income,LCN,Americas,11230734.0,24625.8088564037,469.34915161,97.3603332914567,89.0968114947434,88.0,85.0,32.2279619855,124.1243351,6.153475294674439,3.4728344603654144
DZA,Algeria,2000,Upper middle income,MEA,Africa,30903893.0,9186.81590342899,61.85785294,88.9938081102024,84.480825904855,86.0,80.0,41.5791291065,122.6197065,4.140875874565912,3.727598337200897
DZA,Algeria,2001,Upper middle income,MEA,Africa,31331221.0,9543.52035384959,67.05859375,89.1698016074929,84.7599258051821,89.0,83.0,40.054723555125,113.3893905,4.220369006943343,3.690246608011133
DZA,Algeria,2002,Upper middle income,MEA,Africa,31750835.0,10080.182500398,66.681633,89.3436399760295,85.0328039749713,86.0,81.0,38.484159467625,102.0659755,4.214814843257478,3.65024671422874
DZA,Algeria,2003,Upper middle income,MEA,Africa,32175818.0,10802.7506703127,75.9513092,89.5151088113819,85.2991661888618,87.0,84.0,36.93538069725,101.0072426,4.343172873785382,3.6091699181497288
DZA,Algeria,2004,Upper middle income,MEA,Africa,32628286.0,11431.6856715426,92.6876297,89.6842209126681,85.5590698525635,86.0,81.0,35.4059537955,90.71182882,4.539966160251451,3.5668799923115557
DZA,Algeria,2005,Upper middle income,MEA,Africa,33109249.0,12246.2692243613,100.83694458,89.8507731580286,85.8122570569518,88.0,83.0,33.933619052125,86.94945789,4.623372951638826,3.5244062354165484
DZA,Algeria,2006,Upper middle income,MEA,Africa,33623506.0,12791.3412605973,116.7750473,90.0150202695134,86.0591336531477,95.0,91.0,32.5451189595,84.47351062,4.76877642619927,3.482627402248889
DZA,Algeria,2007,Upper middle income,MEA,Africa,34189416.0,13320.964120903,150.86651611,90.1767439508853,86.2994372254318,95.0,92.0,31.24568005375,83.49241987,5.023001951530413,3.4418811283466186
DZA,Algeria,2008,Upper middle income,MEA,Africa,34816961.0,13666.2181960534,206.37207031,90.3361987493803,86.5335634120034,93.0,88.0,30.07890675475,83.32107118,5.334514620912321,3.40382415383173
DZA,Algeria,2009,Upper middle income,MEA,Africa,35490445.0,13651.4472995041,207.20181274,90.4918619672067,86.7594833299859,95.0,92.0,29.024442044,82.62749882,5.338507862867269,3.3681383041089186
DZA,Algeria,2010,Upper middle income,MEA,Africa,36188236.0,14201.3659906969,227.95396423,90.6443416237761,86.9781345697396,95.0,95.0,28.093946892,81.88519636,5.43352095378177,3.3355541400388815
DZA,Algeria,2011,Upper middle income,MEA,Africa,36903376.0,14639.8779436268,285.5020752,90.7933523397582,87.1892375603954,95.0,95.0,27.28219076575,80.71157855,5.657745779409539,3.306234136413244
DZA,Algeria,2012,Upper middle income,MEA,Africa,37646166.0,14441.3293398806,340.09176636,90.9547062510195,87.0935387595053,95.0,95.0,26.57231335575,81.08458935,5.832151550640152,3.2798698224381884
DZA,Algeria,2013,Upper middle income,MEA,Africa,38414171.0,14370.820661674,337.57348633,91.1128578356774,86.9868785430175,95.0,95.0,25.94679166425,80.59615849,5.824741162823327,3.2560479666794078
DZA,Algeria,2014,Upper middle income,MEA,Africa,39205031.0,14694.143827383,366.58615112,91.268060653484,86.8698473645812,95.0,95.0,25.40211936725,80.466736,5.906957715996014,3.234832610199108
DZA,Algeria,2015,Upper middle income,MEA,Africa,40019529.0,13807.3515841478,296.76834106,91.4201507009501,86.7425206516531,95.0,95.0,24.916543106375,79.48452305,5.69631580519638,3.215531964648919
DZA,Algeria,2016,Upper middle income,MEA,Africa,40850721.0,13437.8460232169,265.53491211,91.56940001457,86.6054840366106,91.0,94.0,24.465397910375,78.69241,5.585505237314779,3.1972597890835814
DZA,Algeria,2017,Upper middle income,MEA,Africa,41689299.0,13493.560749484,270.93231201,91.715636706346,86.4588236326811,91.0,88.0,24.03763041475,77.33012671,5.605553182422564,3.179620536370799
DZA,Algeria,2018,Upper middle income,MEA,Africa,42505035.0,13727.1266357859,271.53808594,91.859120820781,86.3030907782839,91.0,80.0,23.639355791,75.4322399,5.607778369254524,3.162912941362865
DZA,Algeria,2019,Upper middle income,MEA,Africa,43294546.0,13892.5333446205,242.07049561,91.9998016191508,86.1385037232471,88.0,80.0,23.2588881365,73.17388753,5.493351506659063,3.1466873444217636
DZA,Algeria,2020,Upper middle income,MEA,Africa,44042091.0,12676.5130564294,211.07240295,92.1378242692677,85.9654731245039,84.0,80.0,22.91972510275,96.77084703,5.356927739715245,3.131997898002798
DZA,Algeria,2021,Upper middle income,MEA,Africa,44761099.0,14496.8654697299,208.93911743,92.273231858432,85.7843029485606,81.0,79.0,22.5819917895,78.85966617,5.3468175716834105,3.1171527651722224
DZA,Algeria,2022,Upper middle income,MEA,Africa,45477389.0,15836.0944370321,180.33454895,92.3236727252335,85.8262858406741,77.0,79.0,22.28852423675,64.45587535,5.200343661933745,3.1040719377923316
ECU,Ecuador,2000,Upper middle income,LCN,Americas,12689206.0,5728.25249857133,49.37281418,84.7569577363027,73.0247894296071,87.0,99.0,29.589741153666665,122.7378365,3.91945162835769,3.387427718609972
ECU,Ecuador,2001,Upper middle income,LCN,Americas,12910740.0,5998.87508648611,72.7922287,85.3327219287917,73.682272686074,89.0,99.0,28.049263143,116.1808947,4.301253423893742,3.3339623622118935
ECU,Ecuador,2002,Upper middle income,LCN,Americas,13138472.0,6281.52215151108,99.12815857,85.8681168812422,74.2940388985466,88.0,99.0,26.736851845666667,109.3165453,4.606450951158116,3.2860428327184055
ECU,Ecuador,2003,Upper middle income,LCN,Americas,13372306.0,6475.06597343736,134.12744141,86.3770590659093,74.8765406550674,87.0,99.0,25.58792528233333,101.786017,4.906218343585236,3.242120571556011
ECU,Ecuador,2004,Upper middle income,LCN,Americas,13608701.0,6980.09126356362,152.10868835,86.7913580761449,75.4556589592685,88.0,99.0,24.558403247,96.85289401,5.031148050563569,3.2010540867924515
ECU,Ecuador,2005,Upper middle income,LCN,Americas,13846163.0,7457.46553606564,170.44190979,87.1657190162046,76.2586729736281,92.0,93.0,23.612740053666663,93.50637084,5.144244490802295,3.1617863991567514
ECU,Ecuador,2006,Upper middle income,LCN,Americas,14086131.0,7884.51693594496,192.55101013,87.4804800870579,77.060905576886,96.0,97.0,22.70846163766667,90.02558131,5.265541095971547,3.1227376143984196
ECU,Ecuador,2007,Upper middle income,LCN,Americas,14328773.0,8112.44824473661,193.33273315,87.792208365322,77.862718659502,96.0,98.0,21.81399614533333,85.85287398,5.269571809255658,3.0825517888004446
ECU,Ecuador,2008,Upper middle income,LCN,Americas,14575202.0,8662.60736282075,231.62229919,88.1005318614763,78.663760639549,96.0,98.0,20.907112602,83.24401387,5.449416104749933,3.0400894169616164
ECU,Ecuador,2009,Upper middle income,LCN,Americas,14825954.0,8662.10672690979,244.5753479,88.4054817977882,79.4640520853321,94.0,97.0,20.00188217366667,81.52688233,5.50360381623508,2.99582637780938
ECU,Ecuador,2010,Upper middle income,LCN,Americas,15076695.0,8968.94040838943,287.00466919,88.7072879977884,80.2637776434408,91.0,95.0,19.099933679333333,79.70975285,5.662976692469803,2.9496848627603427
ECU,Ecuador,2011,Upper middle income,LCN,Americas,15326227.0,9768.69201080404,340.40786743,88.9995700135052,81.0578095261347,88.0,94.0,18.22185783,76.62996351,5.833077854705245,2.9026218531538874
ECU,Ecuador,2012,Upper middle income,LCN,Americas,15572194.0,10244.5177816184,387.54577637,89.2843795348701,81.8481545734272,87.0,96.0,17.377441340999997,72.43838552,5.962410991360679,2.8551728904149463
ECU,Ecuador,2013,Upper middle income,LCN,Americas,15807128.0,11295.6127804419,414.12683105,89.5662908642962,82.6385639070942,87.0,97.0,16.59310796,68.12780766,6.028584090527291,2.808987426017587
ECU,Ecuador,2014,Upper middle income,LCN,Americas,16035124.0,11835.6091276538,433.41845703,89.8451330944318,83.4289010855999,83.0,85.0,15.894208518333334,64.8826851,6.074008256276044,2.7659547987432007
ECU,Ecuador,2015,Upper middle income,LCN,Americas,16266225.0,10877.7507461388,464.22186279,90.1212871773867,84.2194382578739,78.0,84.0,15.301761355333332,64.22836485,6.1425144160793295,2.727967943036062
ECU,Ecuador,2016,Upper middle income,LCN,Americas,16505139.0,10881.4890706732,449.03869629,90.3944152289936,85.0099232884518,83.0,86.0,14.810856999666669,64.70521491,6.109333570822842,2.695360492889561
ECU,Ecuador,2017,Upper middle income,LCN,Americas,16759519.0,11793.4797426944,469.04544067,90.6647128570391,85.8004886348106,85.0,81.0,14.403686778,61.50861048,6.15282937230727,2.6674842000628276
ECU,Ecuador,2018,Upper middle income,LCN,Americas,17049547.0,12186.8846084388,493.82693481,90.9348761697738,86.5928399282026,85.0,83.0,14.062339411666663,60.93285413,6.20420807478858,2.6435002602846196
ECU,Ecuador,2019,Upper middle income,LCN,Americas,17340021.0,12543.0148243925,484.54037476,91.2046901615957,87.3866333551063,85.0,83.0,13.775224653,61.52597536,6.185262445468324,2.6228716636537235
ECU,Ecuador,2020,Upper middle income,LCN,Americas,17546065.0,11526.8013009278,470.20355225,91.4742997917839,88.1817507856303,70.0,81.0,13.537036800333334,91.49858295,6.15529017103986,2.605429395699868
ECU,Ecuador,2021,Upper middle income,LCN,Americas,17682454.0,13507.4445638375,507.65136719,91.6679688457759,88.9779601085787,72.0,65.0,13.341707995666669,93.37070276,6.231762845115826,2.590895067948784
ECU,Ecuador,2022,Upper middle income,LCN,Americas,17823897.0,15198.0725554473,495.30380249,91.7264833659447,89.7233208052462,70.0,74.0,13.175868148,68.72915813,6.2071882442404505,2.5783869858428767
EGY,"Egypt, Arab Rep.",2000,Lower middle income,MEA,Eastern Mediterranean,73083284.0,5451.51566992118,69.37174988,98.9933618838288,91.974568364989,98.0,98.0,46.59623204675,52.8140127,4.253791902515951,3.8415196804965874
EGY,"Egypt, Arab Rep.",2001,Lower middle income,MEA,Eastern Mediterranean,74652029.0,5650.05196237607,68.67334747,98.9226105742463,92.1886612012788,99.0,97.0,43.918786599875,49.90993395,4.243817855397471,3.7823421693122286
EGY,"Egypt, Arab Rep.",2002,Lower middle income,MEA,Eastern Mediterranean,76239137.0,5752.69708070468,63.99928665,98.8519309322285,92.4027780839966,97.0,97.0,41.514230242625,47.55678284,4.174376295220031,3.726036265873421
EGY,"Egypt, Arab Rep.",2003,Lower middle income,MEA,Eastern Mediterranean,77853548.0,5928.07945344715,50.34780884,98.7813193917479,92.6169160199968,98.0,98.0,39.360781794125,45.45566169,3.9386222643833126,3.6727699346424076
EGY,"Egypt, Arab Rep.",2004,Lower middle income,MEA,Eastern Mediterranean,79477443.0,6207.12492160943,50.33084488,98.7107692619596,92.8310689127908,97.0,97.0,37.443359512125,43.39958009,3.9382918362068655,3.6228293781427396
EGY,"Egypt, Arab Rep.",2005,Lower middle income,MEA,Eastern Mediterranean,81101004.0,6554.12885095179,59.4683876,98.6402827769204,93.0452392877341,98.0,98.0,35.7183100865,41.47065661,4.1021207094679015,3.5756634448807456
EGY,"Egypt, Arab Rep.",2006,Lower middle income,MEA,Eastern Mediterranean,82700403.0,7079.02808456919,66.32707214,98.5698644772866,93.2594315118991,98.0,98.0,34.12945846475,39.67700167,4.209562416389639,3.5301608959527124
EGY,"Egypt, Arab Rep.",2007,Lower middle income,MEA,Eastern Mediterranean,84276225.0,7640.57228597204,73.29454041,98.4988899601912,93.4714314337652,98.0,97.0,32.64636179125,37.86995505,4.308037468673968,3.485733418924004
EGY,"Egypt, Arab Rep.",2008,Lower middle income,MEA,Eastern Mediterranean,85864789.0,8190.70913161,90.15769958,98.4275413352809,93.6821208332209,97.0,92.0,31.230720887875,36.07184788,4.512590969087597,3.441402254213813
EGY,"Egypt, Arab Rep.",2009,Lower middle income,MEA,Eastern Mediterranean,87501636.0,8465.02052412662,98.90396881,98.3562103479717,93.8929162055799,97.0,95.0,29.89429383625,34.18941741,4.604209412693207,3.397667620587076
EGY,"Egypt, Arab Rep.",2010,Lower middle income,MEA,Eastern Mediterranean,89196072.0,8837.76450033703,105.07817841,98.2848591599105,94.1037046412727,97.0,96.0,28.59764684325,32.49093541,4.664176354438681,3.3533244362327275
EGY,"Egypt, Arab Rep.",2011,Lower middle income,MEA,Eastern Mediterranean,91093059.0,8988.10781880653,116.22949219,98.2135282519016,94.3145999279775,96.0,96.0,27.369926524875,30.69097624,4.764133485333333,3.3094448385358315
EGY,"Egypt, Arab Rep.",2012,Lower middle income,MEA,Eastern Mediterranean,93161001.0,10342.4317112754,139.81625366,98.1415728406932,94.5236904418701,93.0,93.0,26.237222640125,28.96123109,4.947455874987634,3.267179113966532
EGY,"Egypt, Arab Rep.",2013,Lower middle income,MEA,Eastern Mediterranean,95333553.0,10511.3931678495,139.67245483,98.0695998327114,94.7328979128496,97.0,96.0,25.15177136975,27.45214257,4.946434172601911,3.2249283262623365
EGY,"Egypt, Arab Rep.",2014,Lower middle income,MEA,Eastern Mediterranean,97528654.0,10256.4367553616,155.06480408,97.9975794064633,94.9421220877045,94.0,93.0,24.1336570805,25.74098716,5.050271331759602,3.183607425571427
EGY,"Egypt, Arab Rep.",2015,Lower middle income,MEA,Eastern Mediterranean,99597342.0,10903.3368231185,170.25532532,97.9255148711552,95.1514018679127,93.0,92.0,23.241377046375,24.28899721,5.143155573417965,3.1459341835146635
EGY,"Egypt, Arab Rep.",2016,Lower middle income,MEA,Eastern Mediterranean,101644589.0,10665.6676499685,142.61845398,97.8534422131452,95.3608044893643,95.0,95.0,22.417470747375,22.59566294,4.967160157967499,3.1098405989419096
EGY,"Egypt, Arab Rep.",2017,Lower middle income,MEA,Eastern Mediterranean,103696057.0,11124.7351098149,106.00288391,97.7818611616948,95.5716159808707,94.0,94.0,21.616083769125,21.34874367,4.6728557865286025,3.073437656539951
EGY,"Egypt, Arab Rep.",2018,Lower middle income,MEA,Eastern Mediterranean,105682094.0,12329.2446781436,118.01481628,97.710814412432,95.7838228519798,95.0,94.0,20.79739396725,20.03531402,4.779247991915853,3.0348276888217622
EGY,"Egypt, Arab Rep.",2019,Lower middle income,MEA,Eastern Mediterranean,107553158.0,13363.732696323,142.69670105,97.6403544846485,95.9974521361916,95.0,95.0,20.080877493,19.12714481,4.967704835618953,2.9997679937193156
EGY,"Egypt, Arab Rep.",2020,Lower middle income,MEA,Eastern Mediterranean,109315124.0,15231.865417764,148.35269165,97.5705329201433,96.21249765428,94.0,94.0,19.377712431,31.22745525,5.0063105669302495,2.9641235618795334
EGY,"Egypt, Arab Rep.",2021,Lower middle income,MEA,Eastern Mediterranean,110957008.0,15579.0160861551,176.93664551,97.5013675608953,96.4288914179465,96.0,96.0,18.739887109125,41.68881487,5.181427562834945,2.930654252732633
EGY,"Egypt, Arab Rep.",2022,Lower middle income,MEA,Eastern Mediterranean,112618250.0,17526.8017030166,171.67852783,97.4328917169926,96.6466119170931,97.0,96.0,18.095060360625,24.0258677,5.151431645228188,2.8956389927727835
ERI,Eritrea,2000,Low income,SSF,Africa,2247031.0,1557.87580231581,14.03034782,46.8142152971943,8.28530072689983,81.0,76.0,85.21657564475001,741.4445469,2.7100713452136844,4.445195964733918
ERI,Eritrea,2001,Low income,SSF,Africa,2312079.0,1683.68441866109,14.90675831,47.1204233529644,8.6404789305264,86.0,84.0,81.02823201174999,650.8900837,2.7667440698610197,4.394797637300252
ERI,Eritrea,2002,Low income,SSF,Africa,2392978.0,1701.69523684878,15.77544498,47.4409244567689,8.98629579771191,90.0,83.0,77.233547036,636.2737868,2.8199162088844667,4.346833909740929
ERI,Eritrea,2003,Low income,SSF,Africa,2493903.0,1620.85093040039,19.81480217,47.7752228126397,9.32208650503035,93.0,92.0,73.7293944055,587.6074714,3.035664376398074,4.300401558289541
ERI,Eritrea,2004,Low income,SSF,Africa,2598284.0,1620.76402912482,23.15624809,48.1234182056445,9.64744722939411,98.0,96.0,70.4656106285,588.248247,3.184543066719128,4.255124798305211
ERI,Eritrea,2005,Low income,SSF,Africa,2661215.0,1674.07005453978,21.92651939,48.4844074537935,9.96153520031783,96.0,95.0,67.4070243865,566.552227,3.132294292500315,4.210749231872072
ERI,Eritrea,2006,Low income,SSF,Africa,2703502.0,1682.23894199347,23.77408791,48.8594940483832,10.2644175982683,94.0,94.0,64.550072342875,554.5557774,3.209798264603956,4.167441238018204
ERI,Eritrea,2007,Low income,SSF,Africa,2743222.0,1727.09344172581,19.62666321,49.2469532106027,10.5550786241031,95.0,92.0,61.843214231875,541.4090442,3.026584569454324,4.124602379511145
ERI,Eritrea,2008,Low income,SSF,Africa,2816327.0,1546.92747535768,21.55065727,49.6487034568778,10.8337740406528,95.0,91.0,59.342791180625,529.9047859,3.1157642127522966,4.083330650841486
ERI,Eritrea,2009,Low income,SSF,Africa,2887885.0,1576.74284599077,24.35102463,49.8103238748975,11.0220414202395,95.0,93.0,57.052250176,514.5057027,3.232819148549741,4.043967517703795
ERI,Eritrea,2010,Low income,SSF,Africa,2945186.0,1599.19106106457,26.00652122,49.9773816653656,11.2019452505005,95.0,95.0,54.960422264625,498.1755497,3.296078363508126,4.006613331010944
ERI,Eritrea,2011,Low income,SSF,Africa,2998485.0,1742.32363018235,35.55129623,50.1505293513249,11.3735403344941,94.0,96.0,53.015666857625,477.5444216,3.598716650136018,3.9705874709579927
ERI,Eritrea,2012,Low income,SSF,Africa,3036988.0,10929.3002607587,27.78689003,50.3291745608518,11.5365173088441,94.0,98.0,51.20986759375,457.7656697,3.359920076211942,3.935932239916537
ERI,Eritrea,2013,Low income,SSF,Africa,3074360.0,10929.3002607587,31.64078712,50.7051288039864,11.6362700094956,94.0,94.0,49.402005044125,443.4578158,3.485562645001218,3.8999910113079617
ERI,Eritrea,2014,Low income,SSF,Africa,3095173.0,10929.3002607587,32.93448257,51.0835644393148,11.7366810070379,94.0,90.0,47.720933035125,429.7408819,3.5244316823600874,3.865370149325349
ERI,Eritrea,2015,Low income,SSF,Africa,3105546.0,10929.3002607587,29.22208977,51.4650919722432,11.8379124928254,95.0,97.0,46.08618993325,412.8496596,3.40857310633988,3.830513337514804
ERI,Eritrea,2016,Low income,SSF,Africa,3124698.0,10929.3002607587,26.00592422,51.8497177620962,11.9399660140866,95.0,95.0,44.5640573865,394.5520888,3.296056257491812,3.7969276459284913
ERI,Eritrea,2017,Low income,SSF,Africa,3150347.0,10929.3002607587,25.10270691,95.08595516798411,21.08321822098955,95.0,93.0,43.166008693125,379.0724168,3.2620390219776434,3.7650533497250036
ERI,Eritrea,2018,Low income,SSF,Africa,3192760.0,10929.3002607587,26.68201256,95.08595516798411,21.08321822098955,95.0,93.0,41.719315415125,363.3154497,3.320782836198849,3.730964220964505
ERI,Eritrea,2019,Low income,SSF,Africa,3240194.0,10929.3002607587,28.42930794,95.08595516798411,21.08321822098955,95.0,93.0,40.33727703475,350.6707349,3.381991046508474,3.697276029869776
ERI,Eritrea,2020,Low income,SSF,Africa,3291271.0,10929.3002607587,27.66697884,95.08595516798411,21.08321822098955,95.0,93.0,39.025455336375,333.6878515,3.3557458972935468,3.6642141341457273
ERI,Eritrea,2021,Low income,SSF,Africa,3350183.0,10929.3002607587,27.58759499,95.08595516798411,21.08321822098955,95.0,93.0,37.856008397125,338.4653612,3.3529728821243148,3.633789709613497
ERI,Eritrea,2022,Low income,SSF,Africa,3409447.0,10929.3002607587,27.0898056,95.08595516798411,21.08321822098955,95.0,93.0,36.60346566975,301.354398,3.335406720479887,3.600142926354793
ESP,Spain,2000,High income,ECS,Europe,40567864.0,21582.2067955558,1005.28399658,99.9999986287101,99.81337600395,95.0,94.0,5.415752529,4.699469876,6.914019613583177,1.6893118419884883
ESP,Spain,2001,High income,ECS,Europe,40850412.0,22952.3641099695,1045.05065918,99.9999991097535,99.8132386621396,96.0,96.0,5.267496043666667,4.7350939,6.952777074790541,1.6615551156122357
ESP,Spain,2002,High income,ECS,Europe,41431558.0,24377.8417076394,1174.5793457,100.0,99.8203750851097,98.0,97.0,5.138558628666667,4.632662513,7.069516365234247,1.636772617702958
ESP,Spain,2003,High income,ECS,Europe,42187645.0,25057.3469945838,1648.05712891,99.9999999264819,99.8274307046271,98.0,98.0,5.011325817333334,4.372188105,7.407958966538022,1.6117005142855905
ESP,Spain,2004,High income,ECS,Europe,42921895.0,26159.7864720491,1932.21398926,99.9999964221336,99.8345059516588,97.0,97.0,4.868380100333334,4.591758664,7.566939176267942,1.5827612534931361
ESP,Spain,2005,High income,ECS,Europe,43653155.0,27629.7077024966,2074.33081055,100.0,99.8416133982387,96.0,97.0,4.7080871496666665,4.558300883,7.637875846728786,1.5492817002009325
ESP,Spain,2006,High income,ECS,Europe,44397319.0,30748.7396326091,2256.68066406,100.0,99.8487382179383,98.0,97.0,4.536082329333333,4.457074438,7.722093310465564,1.5120637164664994
ESP,Spain,2007,High income,ECS,Europe,45226803.0,32536.1882684038,2625.55664063,100.0,99.8558830962321,96.0,97.0,4.3578915333333335,4.358852902,7.8734290052214595,1.4719883471198334
ESP,Spain,2008,High income,ECS,Europe,45954106.0,33349.942580613,3019.7578125,100.0,99.8630455498867,97.0,98.0,4.179621869,4.394328729,8.013263010182316,1.4302207804830125
ESP,Spain,2009,High income,ECS,Europe,46362946.0,32218.2880170155,2962.48266602,99.999999329905,99.8702292600301,96.0,98.0,4.005237193666667,4.28055778,7.994120432052696,1.3876028031528118
ESP,Spain,2010,High income,ECS,Europe,46576897.0,31804.6746571689,2816.84350586,99.9999972813307,99.8774338307554,97.0,95.0,3.841203317666667,4.02566762,7.943727157155036,1.345785681487094
ESP,Spain,2011,High income,ECS,Europe,46742697.0,32015.5752000401,2938.18041992,99.9999999335079,99.8846622975312,97.0,97.0,3.691855848,4.038555357,7.985886052734807,1.3061292714579842
ESP,Spain,2012,High income,ECS,Europe,46773055.0,31869.7839822219,2620.84204102,99.9861677203853,99.8919111266773,96.0,97.0,3.560524903,3.897286274,7.871632418809455,1.2699079786579646
ESP,Spain,2013,High income,ECS,Europe,46604197.0,32613.6891811474,2664.48339844,99.9566408362607,99.8991712740444,96.0,95.0,3.451274533,3.731400685,7.888140707933534,1.2387435926759336
ESP,Spain,2014,High income,ECS,Europe,46460733.0,33760.9555646369,2716.5793457,99.926942900271,99.9060955227569,97.0,96.0,3.3673147160000005,3.67268846,7.907496816618788,1.2141156065562904
ESP,Spain,2015,High income,ECS,Europe,46422303.0,35228.6333036223,2383.85302734,99.9267194862736,99.9124654207722,97.0,96.0,3.3053970583333334,3.523461913,7.776892777666807,1.195556604766346
ESP,Spain,2016,High income,ECS,Europe,46458139.0,37612.7188681342,2378.13598633,99.9265065763433,99.9188850913844,97.0,97.0,3.261054109333333,3.394990749,7.77449266980005,1.1820504895346962
ESP,Spain,2017,High income,ECS,Europe,46571232.0,39825.2498116292,2564.55834961,99.9262777210373,99.9198350404292,95.0,98.0,3.2296236033333336,3.357478257,7.849931414075826,1.1723655989684971
ESP,Spain,2018,High income,ECS,Europe,46782011.0,41015.1565755187,2784.16308594,99.9260612803023,99.9195992102324,96.0,98.0,3.203583424333333,3.199841131,7.932061709332708,1.1642700033790054
ESP,Spain,2019,High income,ECS,Europe,47118501.0,44042.757577336,2756.62109375,99.9258322377834,99.9193505376925,95.0,98.0,3.1768377080000003,3.010554291,7.922123664488021,1.1558862705705533
ESP,Spain,2020,High income,ECS,Europe,47359424.0,39327.8479269599,2942.41943359,99.9256069689441,99.9191055578582,94.0,96.0,3.1525355396666668,4.289670934,7.98732725713738,1.148207062280043
ESP,Spain,2021,High income,ECS,Europe,47443821.0,44251.6658222621,3188.8515625,99.9253882857533,99.9188670826466,93.0,95.0,3.1349515476666667,3.613621662,8.067729662564576,1.1426137186757104
ESP,Spain,2022,High income,ECS,Europe,47786102.0,51398.9310403407,2948.61474609,99.9251513451199,99.9186101900368,95.0,97.0,3.126253064666667,3.88227936,7.989429846259893,1.1398351835104241
EST,Estonia,2000,High income,ECS,Europe,1396985.0,9424.5071547444,209.97769165,97.4667553534915,99.7576887855181,93.0,93.0,11.01525023,27.20001768,5.351752401109346,2.3992806972000875
EST,Estonia,2001,High income,ECS,Europe,1388115.0,10308.8990965341,214.70417786,97.6082566784307,99.7554350798851,94.0,95.0,10.124312065,24.85947984,5.373907922053156,2.3149396664867603
EST,Estonia,2002,High income,ECS,Europe,1379350.0,11666.6649638489,250.48020935,97.7507016968826,99.75165299687,94.0,95.0,9.279742738333333,22.19555254,5.527364295986281,2.2278338242514866
EST,Estonia,2003,High income,ECS,Europe,1370720.0,13135.0419683127,368.97955322,97.8940454048991,99.7067384625393,94.0,95.0,8.490821327666668,18.00358318,5.913447742543726,2.1389857362409668
EST,Estonia,2004,High income,ECS,Europe,1362550.0,14538.0273203932,474.50796509,98.038347638016,99.6452315858009,94.0,96.0,7.763035666666667,15.48852208,6.164383632823067,2.049373451856718
EST,Estonia,2005,High income,ECS,Europe,1354775.0,16638.0779749397,549.63024902,98.1836064927541,99.5838417211126,96.0,96.0,7.091473388333334,14.78486303,6.3110635294849615,1.9588931311308517
EST,Estonia,2006,High income,ECS,Europe,1346810.0,19344.2638980902,627.18377686,98.3297821115906,99.522563231891,95.0,96.0,6.477240437333333,12.67886745,6.442832761970061,1.8682945612245134
EST,Estonia,2007,High income,ECS,Europe,1340680.0,22200.5486407425,866.49945068,98.4769162327614,99.4613971184116,95.0,96.0,5.917804918666666,12.76025464,6.765614878598912,1.7779655893702548
EST,Estonia,2008,High income,ECS,Europe,1337090.0,22803.5194742273,1082.15478516,98.6250163424299,99.4003505685032,95.0,95.0,5.409086861333333,10.59715417,6.987633159373942,1.6880802914280035
EST,Estonia,2009,High income,ECS,Europe,1334515.0,20488.94990724,1006.50708008,98.7740812931391,99.3394223505559,95.0,95.0,4.9543527350000005,9.829692187,6.915234321170836,1.600266530591364
EST,Estonia,2010,High income,ECS,Europe,1331475.0,21614.3068307361,966.19024658,98.924086764246,99.2786089293532,94.0,95.0,4.549606105,7.861346208,6.874395215068596,1.5150406588857614
EST,Estonia,2011,High income,ECS,Europe,1327439.0,24652.3610297918,1061.1628418,99.075060117403,99.2179098220074,93.0,94.0,4.193598581,8.851757128,6.968062525075519,1.4335592152141892
EST,Estonia,2012,High income,ECS,Europe,1322696.0,26242.5282659014,1058.71960449,99.2291464773041,99.1574914721091,94.0,94.0,3.882359945,7.774637968,6.965759628047413,1.3564432019837338
EST,Estonia,2013,High income,ECS,Europe,1317997.0,27831.1526234213,1194.86206055,99.3847877447218,99.0971593772044,94.0,94.0,3.6126684226666663,6.455067371,7.086622593870807,1.2844466745432346
EST,Estonia,2014,High income,ECS,Europe,1314545.0,29403.6584494815,1287.76123047,99.5393104564203,99.0367024476379,93.0,93.0,3.3759481003333334,6.81232326,7.161436749527924,1.2166762034915304
EST,Estonia,2015,High income,ECS,Europe,1315407.0,29712.6299473728,1156.20275879,99.6927225302901,99.0355098457434,93.0,93.0,3.1674326456666666,6.396882591,7.0537609571209146,1.1529213687934377
EST,Estonia,2016,High income,ECS,Europe,1315790.0,31947.7769107437,1226.0859375,99.8450343236061,99.0342292897259,93.0,93.0,2.981731732,7.163946754,7.112397480970622,1.0925042498543691
EST,Estonia,2017,High income,ECS,Europe,1317384.0,34506.6486942506,1350.12646484,99.9257062109249,99.0328460543917,93.0,93.0,2.815021944,5.322431621,7.208693941898977,1.0349700569431528
EST,Estonia,2018,High income,ECS,Europe,1321977.0,37120.9879761677,1553.43347168,99.9485371012832,99.0313545119292,92.0,87.0,2.666930963,5.345583461,7.348866431336277,0.9809283592255432
EST,Estonia,2019,High income,ECS,Europe,1326898.0,40586.3784378888,1599.3503418,99.9714771406741,99.0297517072032,91.0,88.0,2.533760459,6.009715911,7.3779778478838365,0.929704546649258
EST,Estonia,2020,High income,ECS,Europe,1329522.0,40672.1340402132,1789.03417969,99.9945255363523,99.0280228246995,91.0,91.0,2.4131626166666664,5.893124937,7.48998999345138,0.8809381762771215
EST,Estonia,2021,High income,ECS,Europe,1330932.0,44251.5374983455,2091.15649414,99.9999994683624,99.0261691561023,90.0,89.0,2.300759837333333,8.458328451,7.645950628381248,0.8332394324348852
EST,Estonia,2022,High income,ECS,Europe,1348840.0,48217.5523106028,1998.74523926,100.0,99.0241800879557,87.0,87.0,2.1973266356666667,7.244524408,7.600775071058514,0.7872414558458233
ETH,Ethiopia,2000,Not classified,SSF,Africa,67411494.0,473.903313482073,5.28970861,18.7590608817132,2.9657663244498,30.0,28.0,140.339587587875,870.4590339,1.8389147437251212,4.9440651111556875
ETH,Ethiopia,2001,Not classified,SSF,Africa,69487762.0,509.119301829784,5.50955105,20.2861313623688,3.22631881592251,32.0,29.0,134.037593695125,856.4541202,1.8732704907087712,4.898120310567749
ETH,Ethiopia,2002,Not classified,SSF,Africa,71635517.0,509.126314077643,5.14964151,21.8105947283134,3.48709965924687,35.0,32.0,127.675749656125,825.9432302,1.8163937890625264,4.849493844113298
ETH,Ethiopia,2003,Not classified,SSF,Africa,73832663.0,492.840755429983,5.70984173,23.3303794917418,3.74769441878364,37.0,33.0,121.29573688825,797.123638,1.9035753635221,4.798231670140725
ETH,Ethiopia,2004,Not classified,SSF,Africa,76077206.0,557.825634817804,5.7385993,24.8460769905675,4.03281392420472,39.0,35.0,114.913901591,763.8594697,1.907852084335759,4.744183166143664
ETH,Ethiopia,2005,Not classified,SSF,Africa,78367470.0,624.510692425695,6.4820013,26.3576124690887,4.31725101635963,43.0,40.0,108.72709750075,753.7880874,2.0125003096762737,4.688841050095732
ETH,Ethiopia,2006,Not classified,SSF,Africa,80703490.0,692.866907656774,8.42413712,27.8655119170134,4.60119614731006,46.0,44.0,102.846829641,728.7873523,2.243274176888269,4.633240790548511
ETH,Ethiopia,2007,Not classified,SSF,Africa,83103217.0,770.261155212815,11.63210678,29.3784617293428,4.88681883136837,50.0,49.0,97.317364257,704.1525608,2.536241730052509,4.577977434287158
ETH,Ethiopia,2008,Not classified,SSF,Africa,85543668.0,844.988380018695,13.03863621,30.9869711535733,5.196915075959,54.0,54.0,92.19664830775,677.6912217,2.641813257839768,4.523923777491262
ETH,Ethiopia,2009,Not classified,SSF,Africa,88007636.0,899.140901796651,15.1445961,32.5882446657978,5.50779854946485,58.0,59.0,87.531755491875,649.0879492,2.7815853868641702,4.472001647431211
ETH,Ethiopia,2010,Not classified,SSF,Africa,90538514.0,995.653978578747,16.17102051,34.1836897406234,5.82002469888892,61.0,64.0,83.166250586875,618.5248369,2.843223108786721,4.420841623547522
ETH,Ethiopia,2011,Not classified,SSF,Africa,93149970.0,1098.11515728787,14.62286568,35.7718966203647,6.13343630352376,65.0,68.0,79.04245229875,587.6620183,2.748735589812316,4.369985079005253
ETH,Ethiopia,2012,Not classified,SSF,Africa,95798767.0,1178.97474553026,20.00217628,37.3536456061453,6.44846430368166,61.0,62.0,75.20485209112499,545.375131,3.0446260647349117,4.320215751362672
ETH,Ethiopia,2013,Not classified,SSF,Africa,98438751.0,1252.86896408004,19.26698494,38.9189287309583,6.76236331987807,59.0,55.0,71.577183455375,494.0503541,3.0089932044570165,4.270776356357167
ETH,Ethiopia,2014,Not classified,SSF,Africa,101115610.0,1484.63145566608,21.6064415,40.4770660365689,7.07793835749952,61.0,54.0,68.130871347875,444.4455237,3.118234887791045,4.221430434192637
ETH,Ethiopia,2015,Not classified,SSF,Africa,103867135.0,1632.61818006837,23.21817207,42.0272706430081,7.39517563066231,62.0,56.0,64.84657071275001,400.6946237,3.187103263352768,4.172024029067402
ETH,Ethiopia,2016,Not classified,SSF,Africa,106718162.0,1857.54946515224,24.34373283,43.569746379878,7.71437321783047,64.0,57.0,61.709865992,364.0149954,3.23253147383087,4.122443820753888
ETH,Ethiopia,2017,Not classified,SSF,Africa,109666481.0,2004.74755633129,24.18239403,45.1032760984933,8.0353579200927,65.0,59.0,58.87609312475,327.1083955,3.2261451007448367,4.075435119038954
ETH,Ethiopia,2018,Not classified,SSF,Africa,112664152.0,2095.3175782979,23.5205574,46.6289667749081,8.35875920842316,62.0,54.0,56.313640092,296.5610312,3.1995118432729277,4.030936780970494
ETH,Ethiopia,2019,Not classified,SSF,Africa,115737383.0,2242.44488310464,25.93511963,48.1464763368745,8.68474048756754,61.0,56.0,54.041051287375,268.7950338,3.293430997555713,3.989743966777219
ETH,Ethiopia,2020,Not classified,SSF,Africa,118917671.0,2406.78938478669,28.28001595,49.6550451612317,9.01330021395482,62.0,57.0,51.92104877925,243.89641,3.3769052338334,3.9497242721003323
ETH,Ethiopia,2021,Not classified,SSF,Africa,122138588.0,2588.41310215884,26.06931114,51.1547750099921,9.3447728615381,63.0,60.0,50.009705092625,249.6212142,3.2984006559437207,3.9122170884453187
ETH,Ethiopia,2022,Not classified,SSF,Africa,125384287.0,2844.92274535753,27.06845474,52.6449341831795,9.67915935964554,63.0,62.0,48.17748889675,207.4785661,3.334646338626908,3.874891876624446
FIN,Finland,2000,High income,ECS,Europe,5176209.0,26782.8574259016,1726.74438477,100.0,99.4481877671759,99.0,96.0,4.273061012333334,7.18456775,7.454572012941623,1.4523304351308215
FIN,Finland,2001,High income,ECS,Europe,5188008.0,27798.0582735421,1810.40380859,100.0,99.4481778138621,98.0,96.0,4.158413080333333,6.949733409,7.501857408505713,1.4251335304208548
FIN,Finland,2002,High income,ECS,Europe,5200598.0,28596.2606345457,2059.3269043,99.9999968734503,99.4481635733416,98.0,96.0,4.056309566666667,7.05103571,7.630619940601244,1.4002735865190885
FIN,Finland,2003,High income,ECS,Europe,5213014.0,29042.698985165,2613.84570313,100.0,99.448158371648,98.0,97.0,3.960601625,6.796380581,7.86896037021899,1.376395939231929
FIN,Finland,2004,High income,ECS,Europe,5228172.0,31195.1243346394,3044.12109375,99.9999955263945,99.4481450211676,98.0,97.0,3.859256803333333,7.3552686,8.021295947415666,1.350474626942374
FIN,Finland,2005,High income,ECS,Europe,5246096.0,32047.7069315564,3236.85839844,99.9999971053546,99.4481380769585,97.0,97.0,3.742286738666667,7.773132408,8.082667402101604,1.3196968520318149
FIN,Finland,2006,High income,ECS,Europe,5266268.0,34440.3771039162,3414.94140625,100.0,99.4481326778555,97.0,97.0,3.6075234926666666,6.978052187,8.13620840202423,1.2830215238183968
FIN,Finland,2007,High income,ECS,Europe,5288720.0,37842.9164695203,3918.64453125,99.9999969532681,99.4481210814901,99.0,98.0,3.461867700333334,7.335526152,8.273756247869184,1.2418082412154174
FIN,Finland,2008,High income,ECS,Europe,5313399.0,40081.2212482066,4486.33789063,99.9999979690853,99.4481136953925,99.0,97.0,3.311733428,7.283939996,8.409014907493328,1.197471746568808
FIN,Finland,2009,High income,ECS,Europe,5338871.0,37988.4498659536,4349.89501953,99.9999991951693,99.4481065796544,99.0,98.0,3.1621970573333336,7.830260607,8.37813685453486,1.1512670573177153
FIN,Finland,2010,High income,ECS,Europe,5363352.0,38946.228265358,4251.52880859,100.0,99.4480868055649,99.0,98.0,3.017328451,7.63364245,8.35526909875383,1.1043718210064237
FIN,Finland,2011,High income,ECS,Europe,5388272.0,40845.9566729849,4717.5078125,100.0,99.4480530393252,99.0,97.0,2.881009333333333,7.21835541,8.459247887176875,1.058140695713018
FIN,Finland,2012,High income,ECS,Europe,5413971.0,40739.1131809421,4573.19726563,99.9999978985936,99.4480121860374,99.0,97.0,2.7558539410000003,7.717258787,8.428186501250048,1.013727355012638
FIN,Finland,2013,High income,ECS,Europe,5438972.0,41325.8052072321,4892.03369141,99.9999962385025,99.4479919012629,98.0,97.0,2.644628863333333,7.74971698,8.495567776899998,0.9725307391449058
FIN,Finland,2014,High income,ECS,Europe,5461512.0,41547.0984485393,4922.4296875,99.9999970318793,99.447989639906,98.0,96.0,2.5519176776666668,6.889316737,8.501760657586594,0.936845106994637
FIN,Finland,2015,High income,ECS,Europe,5479531.0,42257.8593791297,4128.20751953,100.0,99.4479924994101,97.0,95.0,2.479529314333333,7.158876652,8.325840783651968,0.9080687495564677
FIN,Finland,2016,High income,ECS,Europe,5495303.0,44562.4011072067,4108.73974609,99.9999998933781,99.4479863794358,92.0,95.0,2.425772152,7.435416615,8.32111498336613,0.8861498869025995
FIN,Finland,2017,High income,ECS,Europe,5508214.0,47234.8528600939,4235.75488281,100.0,99.4479844608387,89.0,94.0,2.385644649666667,7.848321758,8.351552897362343,0.8694693811789209
FIN,Finland,2018,High income,ECS,Europe,5515525.0,49248.6775395866,4521.27636719,99.999999309504,99.4479792179027,91.0,96.0,2.356544691,7.925868845,8.416770767111489,0.8571964321922672
FIN,Finland,2019,High income,ECS,Europe,5521606.0,52276.1115723992,4459.9296875,99.9999972852429,99.4479732107755,91.0,96.0,2.3369427330000003,8.406782841,8.403112473403512,0.8488435507635413
FIN,Finland,2020,High income,ECS,Europe,5529543.0,53296.5792798852,4736.21435547,99.9999988873824,99.4479703400958,89.0,95.0,2.320986586,8.552451668,8.463204553213009,0.8419923478701705
FIN,Finland,2021,High income,ECS,Europe,5541017.0,56790.3766177692,5261.90966797,99.9999969157891,99.4479633785746,89.0,93.0,2.310511166,8.461774779,8.568439321605874,0.8374687840366969
FIN,Finland,2022,High income,ECS,Europe,5556106.0,62133.1375219912,4902.0390625,100.0,99.447963421715,91.0,94.0,2.301183914,8.351348449,8.497610508680479,0.8334237357166212
FJI,Fiji,2000,Upper middle income,EAS,Western Pacific,840909.0,5520.70756345658,74.28569794,94.8171817941027,87.5905781537548,90.0,81.0,22.656627033,47.04705647,4.321290182370276,3.1204523933730326
FJI,Fiji,2001,Upper middle income,EAS,Western Pacific,849596.0,5699.04322766172,61.49855804,94.8440772206677,87.645208009653,91.0,83.0,22.603929272375,45.87703425,4.135143485116208,3.1181237527755754
FJI,Fiji,2002,Upper middle income,EAS,Western Pacific,858049.0,5913.96875085188,69.40512085,94.8709679022019,87.6998330662388,93.0,85.0,22.6551239335,48.08153318,4.2542659998652095,3.1203860485742334
FJI,Fiji,2003,Upper middle income,EAS,Western Pacific,866286.0,6033.12030343946,86.09690094,94.8927029314255,88.3372852839181,94.0,86.0,22.8194717745,47.13741261,4.467021302743253,3.127614196685742
FJI,Fiji,2004,Upper middle income,EAS,Western Pacific,874366.0,6463.42456974016,110.06819153,94.9147944763189,88.9689415238331,95.0,88.0,23.069878589,45.95182969,4.710144350792037,3.138527809449664
FJI,Fiji,2005,Upper middle income,EAS,Western Pacific,882379.0,6651.78559177015,120.21074677,94.9370413957201,89.5944358182032,96.0,90.0,23.313333769625,44.46596061,4.797530739423759,3.149025461681375
FJI,Fiji,2006,Upper middle income,EAS,Western Pacific,890365.0,6921.29762810227,126.38617706,94.9596519780134,89.9493490621546,98.0,92.0,23.468703364875,43.34433706,4.847223236937507,3.1556677618465883
FJI,Fiji,2007,Upper middle income,EAS,Western Pacific,897832.0,6989.72309220269,140.30192566,94.9825498641787,90.2946156798111,99.0,94.0,23.453892358625,42.95332194,4.95089891776464,3.15503646656066
FJI,Fiji,2008,Upper middle income,EAS,Western Pacific,903399.0,7153.61914510322,134.50354004,95.0125415500904,90.6391439703364,99.0,95.0,23.212177461875,42.24973271,4.9089977657349415,3.14467703156344
FJI,Fiji,2009,Upper middle income,EAS,Western Pacific,907239.0,7067.93482064011,121.05646515,95.0445350823456,90.9745036563402,99.0,95.0,22.755883126125,41.30509599,4.804483766759266,3.1248237109165635
FJI,Fiji,2010,Upper middle income,EAS,Western Pacific,910419.0,7339.47685170287,127.65603638,95.076983731919,91.2985247970932,99.0,96.0,22.168528388,39.72919815,4.857142458575309,3.0986736428955237
FJI,Fiji,2011,Upper middle income,EAS,Western Pacific,912989.0,7671.88103769569,140.93704224,95.1097406179506,91.6111034972406,99.0,96.0,21.5581225375,38.82270272,4.955383594779115,3.070752661428077
FJI,Fiji,2012,Upper middle income,EAS,Western Pacific,914918.0,8204.46565475009,153.56562805,95.1429478152795,91.9124427859318,99.0,98.0,21.023177206625,41.64185921,5.0406187831682345,3.04562550562622
FJI,Fiji,2013,Upper middle income,EAS,Western Pacific,916352.0,8842.15173943746,158.51806641,95.1763187725966,92.2023735585411,99.0,94.0,20.68287882625,39.88123347,5.072157184838661,3.029306248184253
FJI,Fiji,2014,Upper middle income,EAS,Western Pacific,917585.0,10516.2597115551,178.31169128,95.2100729129394,92.4811636292608,99.0,99.0,20.626621624375,37.60074223,5.189125583616391,3.0265825533421444
FJI,Fiji,2015,Upper middle income,EAS,Western Pacific,918578.0,11519.3012187324,169.47518921,95.2442012588905,92.7488640903171,99.0,98.0,20.914032676625,37.08207881,5.138589768304913,3.040420353603454
FJI,Fiji,2016,Upper middle income,EAS,Western Pacific,919166.0,11765.5379892236,175.91635132,95.278634976057,93.0055113848616,95.0,97.0,21.616383229125,37.5550312,5.175677029454882,3.073451510017247
FJI,Fiji,2017,Upper middle income,EAS,Western Pacific,918759.0,12585.2777215161,185.69645691,95.3133024356782,93.2511716546291,91.0,99.0,22.707781155875,34.18855639,5.229484072917147,3.1227076479480984
FJI,Fiji,2018,Upper middle income,EAS,Western Pacific,917180.0,12984.2072700863,249.86022949,95.3482691825769,93.4859578759574,94.0,95.0,24.11764655925,34.53254302,5.524895929409153,3.182943794928113
FJI,Fiji,2019,Upper middle income,EAS,Western Pacific,914899.0,12978.0990352704,254.83047485,95.3833163293103,93.7099433236184,97.0,94.0,25.697450511375,33.90994674,5.544515017506066,3.2463917850883175
FJI,Fiji,2020,Upper middle income,EAS,Western Pacific,914963.0,10716.2914367663,256.25967407,95.4183568880338,93.6215609537076,97.0,92.0,27.180496557375,33.50769898,5.550085979721367,3.3024996777752125
FJI,Fiji,2021,Upper middle income,EAS,Western Pacific,916711.0,10322.4279638854,331.58413696,95.4534634943263,93.3328625255853,98.0,98.0,28.258697102875,67.87552022,5.806892871574527,3.341401272261326
FJI,Fiji,2022,Upper middle income,EAS,Western Pacific,919422.0,12982.2914519919,217.15068054,95.4886333379859,93.0437432138971,96.0,99.0,28.896450794875,31.69342739,5.3851860191613605,3.3637187777107207
FRA,France,2000,High income,ECS,Europe,60918661.0,26007.4432303376,2161.85302734,99.9999963750584,98.6630246141196,97.0,84.0,5.369320916,9.427022474,7.679183475119257,1.6807014416787418
FRA,France,2001,High income,ECS,Europe,61364377.0,27346.834962018,2192.71557617,100.0,98.6622562806952,97.0,85.0,5.236589649666667,9.297989514,7.6933519953167,1.6556704562347428
FRA,France,2002,High income,ECS,Europe,61812142.0,28350.0985605428,2449.75830078,100.0,98.66149050435,97.0,86.0,5.085868605666667,9.280669439,7.804152766172721,1.6264658321531689
FRA,France,2003,High income,ECS,Europe,62249855.0,28024.0897244695,3006.3059082,100.0,98.6607322407196,97.0,87.0,4.918724873,9.236964373,8.008799909839452,1.5930493247588384
FRA,France,2004,High income,ECS,Europe,62707588.0,28921.2608031323,3458.62744141,99.9999969222642,98.6599677611607,98.0,88.0,4.757058417666666,9.075664048,8.148916186361241,1.559629497733511
FRA,France,2005,High income,ECS,Europe,63180854.0,30431.2367240202,3575.02514648,99.9999971982773,98.6592218035867,98.0,87.0,4.622741187666667,9.166544665,8.182007168282103,1.5309878598063844
FRA,France,2006,High income,ECS,Europe,63622342.0,32423.5225068799,3811.55175781,99.9999982498947,98.6584766292502,99.0,89.0,4.516076806666667,9.30639928,8.246053996642534,1.5076436538191966
FRA,France,2007,High income,ECS,Europe,64016890.0,34066.2393228249,4312.31054688,99.9999991615937,98.6577403586305,99.0,90.0,4.428760676666666,9.301703953,8.369460996578391,1.4881197879576455
FRA,France,2008,High income,ECS,Europe,64375116.0,35053.2627069116,4807.37451172,99.9999991289051,98.6569940968678,99.0,89.0,4.352596006333333,9.603141438,8.478114366634085,1.4707724501615298
FRA,France,2009,High income,ECS,Europe,64706436.0,34685.0059249958,4737.578125,99.9999982791976,98.6562410005115,98.0,89.0,4.281323618666666,9.732630086,8.463492396059342,1.4542622184815288
FRA,France,2010,High income,ECS,Europe,65026211.0,35907.5531031574,4593.66308594,99.9999989035929,98.6554802968933,99.0,89.0,4.209648968,9.432145392,8.432650710216949,1.4373792636953757
FRA,France,2011,High income,ECS,Europe,65340830.0,37510.3759898714,4936.95605469,99.9999974748476,98.654714524901,99.0,89.0,4.146985701333333,9.274750623,8.504706770450783,1.4223817333039555
FRA,France,2012,High income,ECS,Europe,65657659.0,37671.0239268565,4659.92431641,100.0,98.653944875706,99.0,91.0,4.110562542666667,9.081494988,8.446969058611645,1.4135598908371203
FRA,France,2013,High income,ECS,Europe,65997932.0,39583.3520435045,4884.71582031,100.0,98.6531677411089,88.0,90.0,4.106668288999999,8.882489221,8.494071088093872,1.412612064485887
FRA,France,2014,High income,ECS,Europe,66312067.0,40218.1258637776,5007.29736328,99.999997234513,98.6523819620194,92.0,91.0,4.127649676,8.815784781,8.518851288668909,1.41770815926792
FRA,France,2015,High income,ECS,Europe,66548272.0,40905.1767750994,4226.62646484,99.9999999037222,98.651596087179,96.0,91.0,4.161138783666667,8.775810838,8.349395995130736,1.42578878288527
FRA,France,2016,High income,ECS,Europe,66724104.0,42880.2351355431,4289.34716797,100.0,98.6508068148027,95.0,90.0,4.197160163333334,8.758617647,8.364122933582548,1.4344081450084432
FRA,France,2017,High income,ECS,Europe,66918020.0,44469.1458856805,4436.63720703,100.0,98.6500120942252,95.0,90.0,4.2214842526666665,8.454889561,8.397877353199746,1.4401867848508088
FRA,France,2018,High income,ECS,Europe,67158348.0,46381.0590629457,4692.99511719,99.9999999523043,98.6492124319546,95.0,91.0,4.229750552,8.588419484,8.454039336186739,1.4421430201609269
FRA,France,2019,High income,ECS,Europe,67382061.0,51130.4723140578,4519.98583984,100.0,98.6484147946355,95.0,92.0,4.231601378333333,8.363642363,8.416485355203879,1.4425804978543477
FRA,France,2020,High income,ECS,Europe,67601110.0,49481.8044309655,4760.08251953,100.0,98.6476102264443,96.0,94.0,4.238591367333333,8.889553872,8.468230341438769,1.444230989359485
FRA,France,2021,High income,ECS,Europe,67842811.0,52517.3354905855,5364.89746094,100.0,98.6468028432762,96.0,94.0,4.254868522333333,8.788716834,8.587818921772055,1.4480638619788015
FRA,France,2022,High income,ECS,Europe,68184457.0,57042.9449013772,4857.73388672,100.0,98.6459966836726,96.0,95.0,4.282368242333334,8.704690658,8.488533165818254,1.4545061842123852
FRO,Faroe Islands,2000,High income,ECS,Europe,45754.0,10929.3002607587,1610.73034668,100.0,98.89632012252255,96.0,95.0,20.469548690625,10.015977665,7.385063630339435,3.018938352074265
FRO,Faroe Islands,2001,High income,ECS,Europe,46635.0,10929.3002607587,1610.73034668,100.0,98.89632012252255,96.0,95.0,20.469548690625,10.015977665,7.385063630339435,3.018938352074265
FRO,Faroe Islands,2002,High income,ECS,Europe,47335.0,10929.3002607587,1610.73034668,100.0,98.89632012252255,96.0,95.0,20.469548690625,10.015977665,7.385063630339435,3.018938352074265
FRO,Faroe Islands,2003,High income,ECS,Europe,48032.0,10929.3002607587,1610.73034668,100.0,98.89632012252255,96.0,95.0,20.469548690625,10.015977665,7.385063630339435,3.018938352074265
FRO,Faroe Islands,2004,High income,ECS,Europe,48384.0,10929.3002607587,1610.73034668,100.0,98.89632012252255,96.0,95.0,20.469548690625,10.015977665,7.385063630339435,3.018938352074265
FRO,Faroe Islands,2005,High income,ECS,Europe,48359.0,10929.3002607587,1610.73034668,100.0,98.89632012252255,96.0,95.0,20.469548690625,10.015977665,7.385063630339435,3.018938352074265
FRO,Faroe Islands,2006,High income,ECS,Europe,48335.0,10929.3002607587,1610.73034668,100.0,98.89632012252255,96.0,95.0,20.469548690625,10.015977665,7.385063630339435,3.018938352074265
FRO,Faroe Islands,2007,High income,ECS,Europe,48378.0,10929.3002607587,1610.73034668,100.0,90.8834757181354,96.0,95.0,20.469548690625,10.015977665,7.385063630339435,3.018938352074265
FRO,Faroe Islands,2008,High income,ECS,Europe,48547.0,41160.1085092854,1610.73034668,100.0,90.8834757181354,96.0,95.0,20.469548690625,10.015977665,7.385063630339435,3.018938352074265
FRO,Faroe Islands,2009,High income,ECS,Europe,48791.0,39330.596445475,1610.73034668,100.0,90.8834757181354,96.0,95.0,20.469548690625,10.015977665,7.385063630339435,3.018938352074265
FRO,Faroe Islands,2010,High income,ECS,Europe,48657.0,39766.5911029215,1610.73034668,100.0,90.8834757181354,96.0,95.0,20.469548690625,10.015977665,7.385063630339435,3.018938352074265
FRO,Faroe Islands,2011,High income,ECS,Europe,48543.0,42133.2151486983,1610.73034668,100.0,90.8834757181354,96.0,95.0,20.469548690625,10.015977665,7.385063630339435,3.018938352074265
FRO,Faroe Islands,2012,High income,ECS,Europe,48291.0,46196.842824186,1610.73034668,100.0,90.8834757181354,96.0,95.0,20.469548690625,10.015977665,7.385063630339435,3.018938352074265
FRO,Faroe Islands,2013,High income,ECS,Europe,48246.0,49780.8416032719,1610.73034668,100.0,90.8834757181354,96.0,95.0,20.469548690625,10.015977665,7.385063630339435,3.018938352074265
FRO,Faroe Islands,2014,High income,ECS,Europe,48428.0,53198.4138538914,1610.73034668,100.0,90.8834757181354,96.0,95.0,20.469548690625,10.015977665,7.385063630339435,3.018938352074265
FRO,Faroe Islands,2015,High income,ECS,Europe,48899.0,53684.3671653463,1610.73034668,100.0,90.8834757181354,96.0,95.0,20.469548690625,10.015977665,7.385063630339435,3.018938352074265
FRO,Faroe Islands,2016,High income,ECS,Europe,49464.0,54318.3039321893,1610.73034668,100.0,98.89632012252255,96.0,95.0,20.469548690625,10.015977665,7.385063630339435,3.018938352074265
FRO,Faroe Islands,2017,High income,ECS,Europe,50180.0,56416.2319500574,1610.73034668,100.0,98.89632012252255,96.0,95.0,20.469548690625,10.015977665,7.385063630339435,3.018938352074265
FRO,Faroe Islands,2018,High income,ECS,Europe,50996.0,58933.1314753804,1610.73034668,100.0,98.89632012252255,96.0,95.0,20.469548690625,10.015977665,7.385063630339435,3.018938352074265
FRO,Faroe Islands,2019,High income,ECS,Europe,51792.0,62223.4430514345,1610.73034668,100.0,98.89632012252255,96.0,95.0,20.469548690625,10.015977665,7.385063630339435,3.018938352074265
FRO,Faroe Islands,2020,High income,ECS,Europe,52565.0,61650.8512256806,1610.73034668,100.0,98.89632012252255,96.0,95.0,20.469548690625,10.015977665,7.385063630339435,3.018938352074265
FRO,Faroe Islands,2021,High income,ECS,Europe,53296.0,68426.7943218898,1610.73034668,100.0,98.89632012252255,96.0,95.0,20.469548690625,10.015977665,7.385063630339435,3.018938352074265
FRO,Faroe Islands,2022,High income,ECS,Europe,53912.0,75265.6585388594,1610.73034668,100.0,98.89632012252255,96.0,95.0,20.469548690625,10.015977665,7.385063630339435,3.018938352074265
FSM,"Micronesia, Fed. Sts.",2000,Lower middle income,EAS,Western Pacific,112044.0,2346.91905346727,161.47862244,91.7920940857296,25.0484297460343,85.0,85.0,38.555898866,203.9401782,5.090546438900393,3.6521091068764724
FSM,"Micronesia, Fed. Sts.",2001,Lower middle income,EAS,Western Pacific,112365.0,2436.46317318124,181.29023743,91.6727103398297,29.1362716817011,75.0,84.0,37.61070567033334,195.7506855,5.205600128029033,3.627288735144123
FSM,"Micronesia, Fed. Sts.",2002,Lower middle income,EAS,Western Pacific,112448.0,2483.45825184843,169.95617676,91.5533265939298,33.2241136173679,84.0,88.0,41.483527742666666,213.5877114,5.141407247400978,3.7252964265788653
FSM,"Micronesia, Fed. Sts.",2003,Lower middle income,EAS,Western Pacific,112285.0,2580.87251667428,208.84524536,91.4339428480299,37.3119555530347,92.0,91.0,36.33793437766666,190.7942362,5.346370332196257,3.592862219791301
FSM,"Micronesia, Fed. Sts.",2004,Lower middle income,EAS,Western Pacific,111925.0,2573.97301569908,257.98867798,91.3145591021301,41.3997974887025,78.0,85.0,35.99893841466667,190.4666045,5.556784346381103,3.583489449539835
FSM,"Micronesia, Fed. Sts.",2005,Lower middle income,EAS,Western Pacific,111412.0,2728.61800192302,397.91644287,91.1951753562302,45.4876394243693,94.0,96.0,35.81968535666667,188.3912558,5.98875197859328,3.57849761258133
FSM,"Micronesia, Fed. Sts.",2006,Lower middle income,EAS,Western Pacific,110729.0,2824.4825395176,245.42320251,91.0757916103303,49.5754813600361,67.0,83.0,35.78823609,189.9091238,5.507050393256867,3.5776192385675802
FSM,"Micronesia, Fed. Sts.",2007,Lower middle income,EAS,Western Pacific,109880.0,2873.02977076321,258.64785767,90.9564078644304,53.6633232957029,79.0,92.0,35.67377317133333,187.6024082,5.559326319418624,3.5744157737409834
FSM,"Micronesia, Fed. Sts.",2008,Lower middle income,EAS,Western Pacific,108936.0,2877.45097129853,289.50195313,90.8370241185305,57.7511652313697,85.0,86.0,35.32980522933333,187.6148654,5.671610299608435,3.5647269484584148
FSM,"Micronesia, Fed. Sts.",2009,Lower middle income,EAS,Western Pacific,107957.0,2953.54461702783,325.56570435,90.7176403726307,61.8390071670365,91.0,86.0,34.78681745666667,186.1870117,5.788631166908726,3.5492385062978076
FSM,"Micronesia, Fed. Sts.",2010,Lower middle income,EAS,Western Pacific,107540.0,3063.03751923564,361.96511841,90.5982566267308,65.9268491027033,85.0,80.0,34.12342482166667,184.3065204,5.894306737113232,3.529984093367722
FSM,"Micronesia, Fed. Sts.",2011,Lower middle income,EAS,Western Pacific,107698.0,3239.75928315705,378.15283203,90.4788728808309,70.0146910383701,84.0,92.0,33.391077562666666,180.5236064,5.937939374537485,3.508288725452403
FSM,"Micronesia, Fed. Sts.",2012,Lower middle income,EAS,Western Pacific,107890.0,3238.40486117851,372.10220337,90.359489134931,74.1025329740369,81.0,91.0,32.49142260666667,180.1025504,5.921852385784587,3.4809761347078623
FSM,"Micronesia, Fed. Sts.",2013,Lower middle income,EAS,Western Pacific,108121.0,3165.65685742796,354.82269287,90.2401053890312,78.1903749097037,81.0,91.0,31.59119641066667,181.1282908,5.874432553046116,3.4528784871790257
FSM,"Micronesia, Fed. Sts.",2014,Lower middle income,EAS,Western Pacific,108396.0,3129.54694054301,345.01589966,90.1207216431313,82.2782168453705,77.0,83.0,30.63611548933333,177.5020323,5.846484726776494,3.4221795577664897
FSM,"Micronesia, Fed. Sts.",2015,Lower middle income,EAS,Western Pacific,108716.0,3288.92160669275,362.27624512,90.0013378972314,86.3660587810373,72.0,74.0,29.685814192666665,181.9196461,5.89516355068695,3.390669295093403
FSM,"Micronesia, Fed. Sts.",2016,Lower middle income,EAS,Western Pacific,109075.0,3340.44639346428,399.77108765,89.8819541513315,90.4539007167041,69.0,70.0,28.753482142,172.5752718,5.993390410566889,3.3587588778917774
FSM,"Micronesia, Fed. Sts.",2017,Lower middle income,EAS,Western Pacific,109481.0,3461.36460828084,409.11758423,89.8819541513315,90.4539007167041,73.0,76.0,27.880017272,170.5746263,6.016443909386609,3.327910205404326
FSM,"Micronesia, Fed. Sts.",2018,Lower middle income,EAS,Western Pacific,109909.0,3526.87287847214,428.00738525,89.8819541513315,90.4539007167041,75.0,73.0,27.04121183033333,163.4610167,6.061474133814805,3.297362066381099
FSM,"Micronesia, Fed. Sts.",2019,Lower middle income,EAS,Western Pacific,110282.0,3718.79208432919,425.28103638,89.8819541513315,90.4539007167041,78.0,78.0,26.25656813266667,153.8576901,6.055098838568717,3.267916172316964
FSM,"Micronesia, Fed. Sts.",2020,Lower middle income,EAS,Western Pacific,110916.0,3683.98981483674,403.03540039,89.8819541513315,90.4539007167041,83.0,79.0,25.417649094,150.2829893,6.0015024988500505,3.2354437789510966
FSM,"Micronesia, Fed. Sts.",2021,Lower middle income,EAS,Western Pacific,111624.0,3946.41608109166,399.43988037,95.08595516798411,45.65048591164205,72.0,64.0,24.633396672,155.4407374,5.99256364380486,3.204103110541198
FSM,"Micronesia, Fed. Sts.",2022,Lower middle income,EAS,Western Pacific,112114.0,4086.9798010394,468.53509521,95.08595516798411,45.65048591164205,69.0,69.0,23.819460743,143.8469076,6.151743046035706,3.170502924837978
GAB,Gabon,2000,Upper middle income,SSF,Africa,1275572.0,13326.1169521318,123.197258,80.0652503338317,26.818195491378,45.0,55.0,73.648770687875,178.1130177,4.821871091960985,4.299307451498123
GAB,Gabon,2001,Upper middle income,SSF,Africa,1309589.0,13555.6285395224,120.90242767,80.5692237305059,27.9500597734658,45.0,55.0,71.88944389562499,159.5487165,4.8032209515473285,4.275129437475877
GAB,Gabon,2002,Upper middle income,SSF,Africa,1345135.0,13369.1233374468,132.07215881,81.0600023349324,29.1019683421917,45.0,55.0,70.043814760125,150.8267546,4.890891528539711,4.249120971384563
GAB,Gabon,2003,Upper middle income,SSF,Africa,1382350.0,13564.1804141405,166.59495544,81.5373154553374,30.2734572599332,45.0,55.0,68.0259223865,133.841085,5.121550088788322,4.219888844099615
GAB,Gabon,2004,Upper middle income,SSF,Africa,1421609.0,13637.6667971195,183.92318726,82.0013798708484,31.4642634106599,45.0,55.0,65.93038578325,142.4861764,5.219940534857277,4.188599424514884
GAB,Gabon,2005,Upper middle income,SSF,Africa,1463495.0,14028.356207939,188.91426086,82.4519182271315,32.6738741656831,45.0,55.0,63.870728378,175.2275925,5.24657271168109,4.156861171579241
GAB,Gabon,2006,Upper middle income,SSF,Africa,1508337.0,13637.2590188998,211.9914093,82.8900757983957,33.9024749587278,45.0,55.0,62.03064196425,185.7779007,5.361251832971188,4.1276284881858665
GAB,Gabon,2007,Upper middle income,SSF,Africa,1556237.0,14391.2465868132,246.78276062,83.3155701870669,35.1495484187274,81.0,62.0,59.814584060625,172.900032,5.5125523970413,4.091249511835002
GAB,Gabon,2008,Upper middle income,SSF,Africa,1607175.0,13733.7012862122,275.89450073,83.7295160274396,36.4153101145998,82.0,67.0,57.708969648125,157.7131659,5.62363656984969,4.055412614606205
GAB,Gabon,2009,Upper middle income,SSF,Africa,1661556.0,13383.5662273185,277.62945557,84.1307212542328,37.6987238584805,76.0,63.0,55.6938234815,157.9239689,5.629882782856774,4.019869251763052
GAB,Gabon,2010,Upper middle income,SSF,Africa,1719879.0,14014.6905491122,206.87702942,84.5207296199844,39.0002582968992,67.0,62.0,53.45982456225,144.2495194,5.336946700159364,3.9789304290415273
GAB,Gabon,2011,Upper middle income,SSF,Africa,1781985.0,14784.3483551883,261.37597656,84.899267815442,40.3193752929904,75.0,72.0,51.377294046625,148.5494007,5.569778500134824,3.9391963247951534
GAB,Gabon,2012,Upper middle income,SSF,Africa,1846889.0,14619.7181445113,225.07722473,85.2673947991113,41.6563306484328,82.0,71.0,49.323383671,172.5830483,5.420876643250468,3.898398282410792
GAB,Gabon,2013,Upper middle income,SSF,Africa,1913059.0,14497.9921216902,261.29452515,85.6239250935099,43.0100058976352,79.0,70.0,47.21980828,234.6347839,5.569468014180729,3.8548134715051177
GAB,Gabon,2014,Upper middle income,SSF,Africa,1978399.0,14853.6712460355,233.05368042,85.9658863110068,44.3780097930999,70.0,61.0,45.63959784125,273.1810341,5.455550492553015,3.820775713413642
GAB,Gabon,2015,Upper middle income,SSF,Africa,2040989.0,14306.4340768252,187.27270508,86.2930339752905,45.7595556064781,80.0,68.0,44.205461346625,239.1396228,5.2378914707217845,3.788848341329153
GAB,Gabon,2016,Upper middle income,SSF,Africa,2100306.0,13997.7352841911,207.50273132,86.606465035897,47.1547496987424,75.0,64.0,42.417729297875,214.8236229,5.339952141009169,3.747566418657955
GAB,Gabon,2017,Upper middle income,SSF,Africa,2156900.0,14796.6286374171,192.47543335,86.9072462361888,48.5637395217699,75.0,63.0,40.978132357375,184.1248103,5.265150544978281,3.7130385672816
GAB,Gabon,2018,Upper middle income,SSF,Africa,2212318.0,15432.0430535353,209.28697205,87.1959828592503,49.9863984455825,70.0,59.0,39.52798650925,175.7812176,5.348473131431653,3.6770089402473474
GAB,Gabon,2019,Upper middle income,SSF,Africa,2267706.0,15949.6373739622,205.99945068,87.472846570073,51.4223011158649,70.0,62.0,37.9551023435,179.3605971,5.3327161395420415,3.6364039439082525
GAB,Gabon,2020,Upper middle income,SSF,Africa,2322539.0,14477.1308291744,227.2480011,87.7393004139279,52.8720170958258,63.0,53.0,36.166975746125,193.8347383,5.430432761933993,3.5881464302516943
GAB,Gabon,2021,Upper middle income,SSF,Africa,2376722.0,18523.5798032193,228.46922302,87.9954718713657,54.3351602742865,75.0,64.0,35.124026252625,249.4844045,5.435768916019772,3.558885404924443
GAB,Gabon,2022,Upper middle income,SSF,Africa,2430747.0,19992.5570643468,243.09941101,88.2419436860256,55.8117052668054,60.0,52.0,34.110131207,215.844637,5.497575564491456,3.5295944430077357
GBR,United Kingdom,2000,High income,ECS,Europe,58892514.0,26535.5018554582,2020.96813965,100.0,99.129987387211,91.0,88.0,6.535184753666666,12.03831828,7.611826642606623,1.877200618086911
GBR,United Kingdom,2001,High income,ECS,Europe,59119673.0,27912.5562179151,2074.59936523,99.9999980893085,99.1295456734681,91.0,85.0,6.433736103666667,12.53767978,7.638005241668716,1.861555412070572
GBR,United Kingdom,2002,High income,ECS,Europe,59370479.0,29089.0536770407,2364.04736328,100.0,99.1282510737863,91.0,85.0,6.337325466,13.20042656,7.768553327482372,1.8464568286564154
GBR,United Kingdom,2003,High income,ECS,Europe,59647577.0,30313.6906668382,2773.99414063,100.0,99.1269711322852,91.0,82.0,6.2407951766666665,13.55563603,7.928403914693621,1.8311076064206682
GBR,United Kingdom,2004,High income,ECS,Europe,59987905.0,32051.1847283895,3361.65625,100.0,99.1256998824208,92.0,81.0,6.1397895123333335,13.10259954,8.12048649123196,1.8147904601924953
GBR,United Kingdom,2005,High income,ECS,Europe,60401206.0,32726.1331883772,3528.16162109,99.9999990459371,99.1244438943876,91.0,82.0,6.026753173,12.29701766,8.16881562061184,1.7962084201198953
GBR,United Kingdom,2006,High income,ECS,Europe,60846820.0,34727.4366712141,3802.56347656,99.9999963913423,99.1231962812761,92.0,85.0,5.896810402,11.74696301,8.243693663284557,1.7744115948989834
GBR,United Kingdom,2007,High income,ECS,Europe,61322463.0,35522.0090884345,4415.51220703,99.9999991747697,99.1219715621849,92.0,86.0,5.744000087666667,11.1353414,8.393105570141516,1.7481558470082257
GBR,United Kingdom,2008,High income,ECS,Europe,61806995.0,36744.7913584035,4280.36083984,100.0,99.120754731585,92.0,86.0,5.5656833390000005,11.09100705,8.36202619127307,1.7166197694622898
GBR,United Kingdom,2009,High income,ECS,Europe,62276270.0,35041.5416305812,3813.02758789,100.0,99.1195549793574,93.0,86.0,5.367102746666667,10.56366186,8.246441019456176,1.680288237163982
GBR,United Kingdom,2010,High income,ECS,Europe,62766365.0,36483.5682802621,3876.33911133,100.0,99.1183667076519,94.0,89.0,5.160453377666666,10.21533483,8.26290440130267,1.6410244395225548
GBR,United Kingdom,2011,High income,ECS,Europe,63258810.0,37224.3787645256,4123.70019531,100.0,99.1171899348744,95.0,90.0,4.959528219333333,9.673907153,8.32474861620262,1.6013106191430282
GBR,United Kingdom,2012,High income,ECS,Europe,63711000.0,38336.5961844419,4204.08300781,99.9999990594779,99.1160182938712,95.0,92.0,4.779855664,8.926204058,8.344049312476184,1.5644103502315623
GBR,United Kingdom,2013,High income,ECS,Europe,64139000.0,39947.5369562562,4340.16992188,100.0,99.1148585484301,95.0,93.0,4.635651432333333,8.708592581,8.375899158021182,1.533776735492339
GBR,United Kingdom,2014,High income,ECS,Europe,64620000.0,41266.8197795309,4733.37060547,100.0,99.1137061018797,95.0,93.0,4.527358547666666,8.981877455,8.462604072913846,1.5101386673644823
GBR,United Kingdom,2015,High income,ECS,Europe,65088000.0,42515.278865824,4470.09228516,100.0,99.1125609623652,95.0,93.0,4.452013279666667,9.151726202,8.40538801685299,1.4933564162629978
GBR,United Kingdom,2016,High income,ECS,Europe,65607000.0,44085.2025586772,4043.35253906,99.9999991226354,99.1114197755495,94.0,92.0,4.405512839,9.414300429,8.305076752171631,1.4828566746320566
GBR,United Kingdom,2017,High income,ECS,Europe,65966000.0,46113.0211677324,3938.65234375,99.9999980808565,99.1102920996894,94.0,92.0,4.379318205666666,9.146048479,8.278847760771907,1.4768930514652567
GBR,United Kingdom,2018,High income,ECS,Europe,66289000.0,47212.2045190522,4233.62988281,99.9999994148157,99.1091755535877,94.0,92.0,4.368016243333334,9.360103011,8.351051208416944,1.4743089571475334
GBR,United Kingdom,2019,High income,ECS,Europe,66631000.0,50064.9605582187,4260.03222656,100.0,99.1080626668205,93.0,91.0,4.370808101,9.085220819,8.357266716616113,1.4749479121491773
GBR,United Kingdom,2020,High income,ECS,Europe,66744000.0,48230.0477027461,4865.97802734,100.0,99.1069628063769,93.0,91.0,4.3928389433333335,13.53945982,8.490228495202347,1.4799757022076017
GBR,United Kingdom,2021,High income,ECS,Europe,66984000.0,51004.4271714238,5645.40136719,100.0,99.105873619579,93.0,91.0,4.428423213,12.91921733,8.638773695055788,1.488043586837508
GBR,United Kingdom,2022,High income,ECS,Europe,67604000.0,59021.5721805914,5111.81738281,100.0,99.1047944059839,92.0,90.0,4.453935294,15.17273749,8.539505878191425,1.4937880411140225
GEO,Georgia,2000,Upper middle income,ECS,Europe,4077131.0,3161.19582490118,52.25807953,94.0602241234961,76.0390884292644,80.0,73.0,36.25917940225,42.58235094,3.975149521342877,3.590692574134328
GEO,Georgia,2001,Upper middle income,ECS,Europe,4014373.0,3440.72817931982,56.36803818,94.1619919143867,76.3455620066701,87.0,74.0,33.8358572595,44.61956926,4.049487322107873,3.521521105834336
GEO,Georgia,2002,Upper middle income,ECS,Europe,3978515.0,3718.68693255545,66.08916473,94.2915348792621,76.7308281538671,84.0,75.0,31.285583253625,45.84682355,4.206022551504748,3.44315739251212
GEO,Georgia,2003,Upper middle income,ECS,Europe,3951736.0,4239.93841372799,80.6542511,94.4532594161548,77.2078100471997,75.0,76.0,28.645181679125,41.68641428,4.40249388297235,3.354985250278026
GEO,Georgia,2004,Upper middle income,ECS,Europe,3927340.0,4634.77757594477,105.09565735,94.5980809160506,77.8624268677017,78.0,86.0,26.02649919025,42.77224211,4.664341114999068,3.259115218615179
GEO,Georgia,2005,Upper middle income,ECS,Europe,3902469.0,5271.95095261655,132.22496033,94.7414845988638,78.5154686105649,82.0,90.0,23.50462098425,53.46321963,4.892039130415866,3.1571970394471287
GEO,Georgia,2006,Upper middle income,ECS,Europe,3880347.0,5980.44390488226,152.0617218,94.8835839201569,79.1671925516486,88.0,96.0,21.15719120825,44.9453901,5.030841250501831,3.051979857548374
GEO,Georgia,2007,Upper middle income,ECS,Europe,3860158.0,6951.08584266081,195.9908905,95.0243626038677,79.817561698029,98.0,97.0,19.029427637875,51.54719554,5.283157486552084,2.9459866040231084
GEO,Georgia,2008,Upper middle income,ECS,Europe,3848449.0,7278.66312193993,281.84671021,95.1637450762018,80.4663116596926,92.0,97.0,17.148253864375,54.00804934,5.64490509085711,2.8418963529400623
GEO,Georgia,2009,Upper middle income,ECS,Europe,3814419.0,7119.14279081978,270.2170105,95.3017390158594,81.1134334337122,88.0,83.0,15.515080523625,55.82011792,5.602919277181826,2.741812487936827
GEO,Georgia,2010,Upper middle income,ECS,Europe,3786695.0,7711.80683889487,287.75900269,95.4384260318316,81.7591448045186,92.0,94.0,14.13594884375,40.55389197,5.6655924394971615,2.648721116147661
GEO,Georgia,2011,Upper middle income,ECS,Europe,3756441.0,8563.83554915647,315.29684448,95.5737249468986,82.4031867443918,94.0,91.0,13.01045038325,37.03695247,5.756681153910274,2.565752910161189
GEO,Georgia,2012,Upper middle income,ECS,Europe,3728874.0,10059.9820603954,349.90432739,95.7077336027359,83.0457915125519,92.0,93.0,12.1086988865,34.87829971,5.860513614773031,2.493924110545873
GEO,Georgia,2013,Upper middle income,ECS,Europe,3717668.0,10797.3423273476,368.16253662,95.8402895547886,83.6864716943759,93.0,97.0,11.414094030875,33.7315319,5.911237025703273,2.4348489102858566
GEO,Georgia,2014,Upper middle income,ECS,Europe,3719414.0,11770.6989360253,392.86099243,95.9715499431682,84.3256691388097,91.0,92.0,10.8884066115,31.82240603,5.975998035954087,2.3876986095728747
GEO,Georgia,2015,Upper middle income,ECS,Europe,3725276.0,12269.6528932768,347.71783447,96.1014497266011,84.963148689816,94.0,96.0,10.50431274875,29.60027751,5.854263097971649,2.3517859108099164
GEO,Georgia,2016,Upper middle income,ECS,Europe,3727505.0,13065.294157468,369.51849365,96.2306438542473,85.6008234007507,92.0,93.0,10.215993952625,27.94437525,5.9149033588750255,2.3239545267787123
GEO,Georgia,2017,Upper middle income,ECS,Europe,3728004.0,13718.9378669764,377.92520142,96.3588824042299,86.2379416213095,91.0,95.0,10.007605213125,26.86178653,5.937338827873956,2.3033453252567555
GEO,Georgia,2018,Upper middle income,ECS,Europe,3726549.0,15021.9057577433,365.91583252,96.4862775476087,86.8748222310992,93.0,98.0,9.835976430625,24.35444787,5.905132482569757,2.2860467281153083
GEO,Georgia,2019,Upper middle income,ECS,Europe,3720161.0,16770.1333771469,339.86679077,96.6127357061039,87.5111601190334,94.0,99.0,9.687216179,22.25717497,5.831491758059475,2.2708070965986678
GEO,Georgia,2020,Upper middle income,ECS,Europe,3722716.0,16791.2598654465,389.42260742,96.7382823190877,88.1470373073336,88.0,91.0,9.564970966625,29.7216264,5.967229761212724,2.258107567511237
GEO,Georgia,2021,Upper middle income,ECS,Europe,3708610.0,18915.6534005263,524.32415771,96.877911792559,88.7819724294363,85.0,90.0,9.457189566875,59.87913878,6.264015515309106,2.2467752529709957
GEO,Georgia,2022,Upper middle income,ECS,Europe,3712502.0,22461.3326414547,546.22503662,97.016455433381,89.416046138405,85.0,90.0,9.327319808,21.92826493,6.304860119318673,2.232947707566885
GHA,Ghana,2000,Lower middle income,SSF,Africa,19637087.0,2315.17803047482,10.46035767,65.517218378745,5.7234427408028,88.0,90.0,100.121199909125,472.498091,2.4388939210962466,4.606381451201356
GHA,Ghana,2001,Lower middle income,SSF,Africa,20167069.0,2397.30067037823,12.15051079,66.2724810777251,5.81107386081924,79.0,78.0,96.013985237875,459.95847,2.576460601215398,4.564493860418797
GHA,Ghana,2002,Lower middle income,SSF,Africa,20729388.0,2475.09635357919,14.30371571,67.2870236576029,6.75045552246998,78.0,78.0,92.097342546,434.2489282,2.7280956557761806,4.522846088838461
GHA,Ghana,2003,Lower middle income,SSF,Africa,21296705.0,2584.47723729151,18.96423721,68.3036435747065,7.7086235468762,80.0,80.0,88.461093664625,409.5523617,2.993942533424171,4.482562835744096
GHA,Ghana,2004,Lower middle income,SSF,Africa,21868298.0,2729.34450244911,23.57214928,69.3225909029972,8.68540857696259,80.0,83.0,85.161619928875,402.6476409,3.20161365849078,4.444550862024667
GHA,Ghana,2005,Lower middle income,SSF,Africa,22449438.0,2903.83429043881,38.51657486,70.3428380680709,9.68014854216275,84.0,83.0,82.168415799375,389.5229629,3.6767202006014665,4.408770992207225
GHA,Ghana,2006,Lower middle income,SSF,Africa,23040702.0,3103.22625820374,49.34616852,71.3651562013802,10.6928566524772,84.0,85.0,79.25476290575,384.5181789,3.918922519347504,4.3726675107085695
GHA,Ghana,2007,Lower middle income,SSF,Africa,23642279.0,3241.22081107324,57.34096527,72.3892820833539,11.7231535267872,94.0,95.0,76.24519365649999,377.2134523,4.066304509897488,4.333954379487679
GHA,Ghana,2008,Lower middle income,SSF,Africa,24249946.0,3515.58923520243,63.45487595,73.4152138090769,12.7707576406742,93.0,86.0,73.099752470875,380.1049317,4.165965381294659,4.291824980578659
GHA,Ghana,2009,Lower middle income,SSF,Africa,24862664.0,3617.23944435035,62.44382095,74.4422077321147,13.8350497335121,94.0,93.0,69.8363182725,369.004258,4.150154804863446,4.246154193539544
GHA,Ghana,2010,Lower middle income,SSF,Africa,25474995.0,3855.46891716757,80.6833725,75.471267939183,14.9161840108112,94.0,93.0,66.49733832125,363.0517314,4.402850462181313,4.197161921616416
GHA,Ghana,2011,Lower middle income,SSF,Africa,26095088.0,4381.12535523694,91.70959473,76.5016404793149,16.0135300837222,91.0,91.0,63.241820894625,356.3732265,4.529471970236238,4.146965805326891
GHA,Ghana,2012,Lower middle income,SSF,Africa,26734268.0,4933.65254349093,81.96895599,77.5330954898138,17.126673080362,92.0,89.0,60.188084227625,350.7025413,4.418466513615227,4.097474396304587
GHA,Ghana,2013,Lower middle income,SSF,Africa,27386193.0,5214.56935848794,105.34784698,78.565152693679,18.2550635017005,90.0,89.0,57.360628984875,338.4238733,4.6667152967774745,4.049358161797405
GHA,Ghana,2014,Lower middle income,SSF,Africa,28041592.0,5517.13178763566,78.46701813,79.5978353673804,19.3983890713711,98.0,92.0,54.8096576725,316.8116894,4.37534206929015,4.003866413326059
GHA,Ghana,2015,Lower middle income,SSF,Africa,28696068.0,5191.37053389659,78.21643066,80.631160872114,20.556338766229,89.0,89.0,52.46309352,310.3363159,4.372183735132263,3.9601099418194465
GHA,Ghana,2016,Lower middle income,SSF,Africa,29356742.0,5011.07931572904,64.86400604,81.6651456164371,21.7286047018582,93.0,89.0,50.197245643,296.1044052,4.187592101700238,3.915960157523075
GHA,Ghana,2017,Lower middle income,SSF,Africa,30008354.0,5170.96094857439,54.10602188,82.6995725023601,22.9147548943672,99.0,95.0,48.053635465125,286.919174,4.009259000205299,3.8723177925984493
GHA,Ghana,2018,Lower middle income,SSF,Africa,30637585.0,5536.49795400218,53.37788773,83.7344677926836,24.1144852694417,97.0,92.0,45.95714174612501,275.5612721,3.9959575956768463,3.827709261014582
GHA,Ghana,2019,Lower middle income,SSF,Africa,31258945.0,6002.55044678386,71.14958191,84.7696150287459,25.327363008811,97.0,92.0,43.900057736375,259.7348837,4.278741490469896,3.781915635259646
GHA,Ghana,2020,Lower middle income,SSF,Africa,31887809.0,6047.30111673554,97.37677765,85.8052795210658,26.5532224510153,94.0,88.0,41.966788390875,252.7843634,4.588804776714076,3.736878552875404
GHA,Ghana,2021,Lower middle income,SSF,Africa,32518665.0,6607.50297378321,94.40388489,86.841252750433,27.7916388048117,98.0,94.0,40.17788662575,263.9393737,4.558119299742518,3.693316760336733
GHA,Ghana,2022,Lower middle income,SSF,Africa,33149152.0,7208.15798982723,82.32108307,87.8775520835237,29.0423190138112,99.0,95.0,38.52225843375,239.0838812,4.422701615228113,3.6512362153709015
GIB,Gibraltar,2000,High income,ECS,Europe,27709.0,10929.3002607587,1610.73034668,100.0,100.0,96.0,95.0,20.469548690625,10.015977665,7.385063630339435,3.018938352074265
GIB,Gibraltar,2001,High income,ECS,Europe,27657.0,10929.3002607587,1610.73034668,100.0,100.0,96.0,95.0,20.469548690625,10.015977665,7.385063630339435,3.018938352074265
GIB,Gibraltar,2002,High income,ECS,Europe,27831.0,10929.3002607587,1610.73034668,100.0,100.0,96.0,95.0,20.469548690625,10.015977665,7.385063630339435,3.018938352074265
GIB,Gibraltar,2003,High income,ECS,Europe,28274.0,10929.3002607587,1610.73034668,100.0,100.0,96.0,95.0,20.469548690625,10.015977665,7.385063630339435,3.018938352074265
GIB,Gibraltar,2004,High income,ECS,Europe,28715.0,10929.3002607587,1610.73034668,100.0,100.0,96.0,95.0,20.469548690625,10.015977665,7.385063630339435,3.018938352074265
GIB,Gibraltar,2005,High income,ECS,Europe,29163.0,10929.3002607587,1610.73034668,100.0,100.0,96.0,95.0,20.469548690625,10.015977665,7.385063630339435,3.018938352074265
GIB,Gibraltar,2006,High income,ECS,Europe,29594.0,10929.3002607587,1610.73034668,100.0,100.0,96.0,95.0,20.469548690625,10.015977665,7.385063630339435,3.018938352074265
GIB,Gibraltar,2007,High income,ECS,Europe,30006.0,10929.3002607587,1610.73034668,100.0,100.0,96.0,95.0,20.469548690625,10.015977665,7.385063630339435,3.018938352074265
GIB,Gibraltar,2008,High income,ECS,Europe,30413.0,10929.3002607587,1610.73034668,100.0,100.0,96.0,95.0,20.469548690625,10.015977665,7.385063630339435,3.018938352074265
GIB,Gibraltar,2009,High income,ECS,Europe,30823.0,10929.3002607587,1610.73034668,100.0,100.0,96.0,95.0,20.469548690625,10.015977665,7.385063630339435,3.018938352074265
GIB,Gibraltar,2010,High income,ECS,Europe,31248.0,10929.3002607587,1610.73034668,100.0,100.0,96.0,95.0,20.469548690625,10.015977665,7.385063630339435,3.018938352074265
GIB,Gibraltar,2011,High income,ECS,Europe,31660.0,10929.3002607587,1610.73034668,100.0,100.0,96.0,95.0,20.469548690625,10.015977665,7.385063630339435,3.018938352074265
GIB,Gibraltar,2012,High income,ECS,Europe,32029.0,10929.3002607587,1610.73034668,100.0,100.0,96.0,95.0,20.469548690625,10.015977665,7.385063630339435,3.018938352074265
GIB,Gibraltar,2013,High income,ECS,Europe,32407.0,10929.3002607587,1610.73034668,100.0,100.0,96.0,95.0,20.469548690625,10.015977665,7.385063630339435,3.018938352074265
GIB,Gibraltar,2014,High income,ECS,Europe,32813.0,10929.3002607587,1610.73034668,100.0,100.0,96.0,95.0,20.469548690625,10.015977665,7.385063630339435,3.018938352074265
GIB,Gibraltar,2015,High income,ECS,Europe,33193.0,10929.3002607587,1610.73034668,100.0,100.0,96.0,95.0,20.469548690625,10.015977665,7.385063630339435,3.018938352074265
GIB,Gibraltar,2016,High income,ECS,Europe,33658.0,10929.3002607587,1610.73034668,100.0,100.0,96.0,95.0,20.469548690625,10.015977665,7.385063630339435,3.018938352074265
GIB,Gibraltar,2017,High income,ECS,Europe,34245.0,10929.3002607587,1610.73034668,100.0,100.0,96.0,95.0,20.469548690625,10.015977665,7.385063630339435,3.018938352074265
GIB,Gibraltar,2018,High income,ECS,Europe,34854.0,10929.3002607587,1610.73034668,100.0,100.0,96.0,95.0,20.469548690625,10.015977665,7.385063630339435,3.018938352074265
GIB,Gibraltar,2019,High income,ECS,Europe,35494.0,10929.3002607587,1610.73034668,100.0,100.0,96.0,95.0,20.469548690625,10.015977665,7.385063630339435,3.018938352074265
GIB,Gibraltar,2020,High income,ECS,Europe,36173.0,10929.3002607587,1610.73034668,100.0,100.0,96.0,95.0,20.469548690625,10.015977665,7.385063630339435,3.018938352074265
GIB,Gibraltar,2021,High income,ECS,Europe,36858.0,10929.3002607587,1610.73034668,100.0,100.0,96.0,95.0,20.469548690625,10.015977665,7.385063630339435,3.018938352074265
GIB,Gibraltar,2022,High income,ECS,Europe,37609.0,10929.3002607587,1610.73034668,100.0,100.0,96.0,95.0,20.469548690625,10.015977665,7.385063630339435,3.018938352074265
GIN,Guinea,2000,Lower middle income,SSF,Africa,8428832.0,1195.80611453345,22.71741867,49.7532822926472,9.16230658478803,46.0,42.0,165.3125202715,951.4228087,3.166209743165492,5.1078377446779415
GIN,Guinea,2001,Lower middle income,SSF,Africa,8539960.0,1250.97059720231,21.76875114,50.503637310744,9.88629196850462,50.0,44.0,158.5194672515,945.5908251,3.12538903184336,5.065877407551384
GIN,Guinea,2002,Lower middle income,SSF,Africa,8674066.0,1315.36669371684,24.83917809,51.2523026990112,10.6114415301292,53.0,46.0,152.146429822375,916.1456523,3.251891870745988,5.024843411213092
GIN,Guinea,2003,Lower middle income,SSF,Africa,8870781.0,1327.96776541054,25.60194969,51.9996253196521,11.3379449716538,57.0,48.0,146.36135622437502,892.3033747,3.280984509718129,4.986078606467564
GIN,Guinea,2004,Lower middle income,SSF,Africa,9062726.0,1366.03160239235,26.41420937,52.7452281197482,12.2068746539465,60.0,50.0,141.18011713875,868.6950101,3.311061469118611,4.950036501679052
GIN,Guinea,2005,Lower middle income,SSF,Africa,9245844.0,1422.35088198922,19.66388702,53.4890999882019,13.0950354311112,59.0,51.0,136.59455755287502,842.8623367,3.028387588298918,4.9170171041238975
GIN,Guinea,2006,Lower middle income,SSF,Africa,9441171.0,1452.96083164187,16.15967941,54.2315783654935,14.0026334670864,57.0,51.0,132.63690102375,824.8724677,2.8425624114843657,4.88761532730034
GIN,Guinea,2007,Lower middle income,SSF,Africa,9662281.0,1557.58584868863,22.64143372,54.972295205421,14.9294878110963,63.0,57.0,129.34660963325,801.7892381,3.163000838753024,4.862495697490307
GIN,Guinea,2008,Lower middle income,SSF,Africa,9898870.0,1613.69884518936,22.97397041,55.7112370863101,15.8756067639013,60.0,55.0,126.530396396,772.4042149,3.176968675530372,4.840482567018521
GIN,Guinea,2009,Lower middle income,SSF,Africa,10143534.0,1566.70089247765,23.71565628,56.4483990709895,16.8410008400224,57.0,53.0,124.094067807125,766.2596129,3.2074369003210004,4.821039889352672
GIN,Guinea,2010,Lower middle income,SSF,Africa,10396086.0,1621.69161141242,22.59741783,57.184097462228,17.8258882415396,64.0,58.0,121.995655799125,749.5302244,3.1611372920623677,4.803985435895376
GIN,Guinea,2011,Lower middle income,SSF,Africa,10656810.0,1705.27110438049,24.12806129,58.360314361898,18.8300745161128,63.0,62.0,120.075004804125,727.5559695,3.2239852013451187,4.788116587560256
GIN,Guinea,2012,Lower middle income,SSF,Africa,10921581.0,1789.97473033561,23.70012856,59.5458989237514,19.8535699723585,59.0,58.0,118.338876461625,703.0267042,3.206808448478686,4.773552343047867
GIN,Guinea,2013,Lower middle income,SSF,Africa,11191873.0,1842.00227737409,25.90467834,60.7407932771769,20.8963805102335,56.0,55.0,116.67488522425,682.4268587,3.292300187471292,4.759391308113519
GIN,Guinea,2014,Lower middle income,SSF,Africa,11472924.0,1873.21413058957,36.63517761,61.9449533966477,21.958517184142,52.0,51.0,115.58775565675,663.8561727,3.627939187752628,4.750030030704058
GIN,Guinea,2015,Lower middle income,SSF,Africa,11767070.0,1929.68091332187,43.41540527,63.1625705426145,23.0429534538905,48.0,47.0,114.02194087175,641.7042428,3.793586374800096,4.736390893662998
GIN,Guinea,2016,Lower middle income,SSF,Africa,12073030.0,2255.32617992615,38.42609406,64.3935453016882,24.1498387012441,47.0,48.0,111.65956326075,606.0211282,3.6744278828762416,4.7154546285432914
GIN,Guinea,2017,Lower middle income,SSF,Africa,12385659.0,2687.09504827171,32.63646317,65.6377593870016,25.2793165342665,49.0,48.0,109.8861104285,582.1026793,3.5156106919436296,4.699444469696365
GIN,Guinea,2018,Lower middle income,SSF,Africa,12704774.0,2844.46427670549,34.88978195,66.8950995450723,26.4315341873572,51.0,49.0,107.968071641,560.3764259,3.580452629632562,4.68183555046248
GIN,Guinea,2019,Lower middle income,SSF,Africa,13034346.0,3105.82789015443,42.16910172,68.1651301407792,27.6063983510435,53.0,50.0,105.68754425125,548.1233101,3.7651250013824007,4.660487045357706
GIN,Guinea,2020,Lower middle income,SSF,Africa,13371183.0,3331.85663003801,41.1027565,69.4483664321703,28.8045342946628,54.0,50.0,103.1218272275,528.2047586,3.74011321360432,4.635911077902765
GIN,Guinea,2021,Lower middle income,SSF,Africa,13710513.0,3738.8051255133,44.10476303,70.7443560609114,30.0258495167405,56.0,51.0,100.471187368375,533.2656028,3.808987851353531,4.609870993542888
GIN,Guinea,2022,Lower middle income,SSF,Africa,14055137.0,4062.36136437922,53.2922287,72.0532813701912,31.2707423118105,58.0,51.0,97.734140070125,500.4062525,3.994381098833831,4.582250935779538
GMB,"Gambia, The",2000,Low income,SSF,Africa,1455084.0,1731.3384764555,74.83678436,71.751986616962,51.0627069646761,80.0,89.0,113.02589023675,810.370337,4.328583456731391,4.727616909608398
GMB,"Gambia, The",2001,Low income,SSF,Africa,1495011.0,1822.9796510577,55.65046692,72.4709852394757,49.9139746844975,87.0,89.0,108.397531470125,793.7375013,4.036900229628928,4.68580531633043
GMB,"Gambia, The",2002,Low income,SSF,Africa,1535691.0,1743.69432511929,35.99459839,73.1874046745589,48.7879556235198,87.0,90.0,103.85377562175,772.16036,3.6107719125272655,4.642983906153777
GMB,"Gambia, The",2003,Low income,SSF,Africa,1577611.0,1849.78337005418,28.3001461,73.894195620681,47.7243148779708,87.0,90.0,99.433484446125,748.7616277,3.377592502358713,4.599488922591213
GMB,"Gambia, The",2004,Low income,SSF,Africa,1621312.0,1978.63262689984,32.15613174,74.5723410425054,46.6954252889106,87.0,92.0,95.17745072,718.7293721,3.501227669059545,4.555743051556168
GMB,"Gambia, The",2005,Low income,SSF,Africa,1667037.0,1938.02362742194,33.2039566,75.2482865822258,46.5783414763304,95.0,91.0,91.053309154125,707.2765264,3.5323413274354603,4.511445149874791
GMB,"Gambia, The",2006,Low income,SSF,Africa,1715275.0,1930.81888537674,33.41355896,75.9220098738399,46.4862604097152,95.0,89.0,87.06002623075,682.2724698,3.5384506425343094,4.46659783741919
GMB,"Gambia, The",2007,Low income,SSF,Africa,1765774.0,1985.040252425,35.91078568,76.5934928458813,46.4185276331036,95.0,88.0,83.29866336725,674.6237019,3.608503803187612,4.4224325030326535
GMB,"Gambia, The",2008,Low income,SSF,Africa,1817852.0,2088.27166129033,40.0297699,77.2629006181607,46.3744960730948,96.0,92.0,79.725726930375,652.9136692,3.714297898346729,4.378592330827272
GMB,"Gambia, The",2009,Low income,SSF,Africa,1871422.0,2177.05344695607,34.59326172,77.9295055109151,46.3534874804285,98.0,96.0,76.3466656515,634.1394101,3.572156342414643,4.3352843588249454
GMB,"Gambia, The",2010,Low income,SSF,Africa,1926630.0,2266.82898238442,32.99832535,78.5938369652341,46.3547731022519,97.0,92.0,73.09100995612499,631.6814043,3.5263112689913583,4.291705376376378
GMB,"Gambia, The",2011,Low income,SSF,Africa,1983784.0,2064.253852883,31.05148888,79.2555392487377,46.3775424677641,96.0,91.0,70.07762424075,634.3975094,3.4673436372018798,4.249603545379266
GMB,"Gambia, The",2012,Low income,SSF,Africa,2043094.0,2064.81438121612,29.56409264,79.9149385065975,46.4212058311807,98.0,95.0,67.2117735415,628.0187267,3.419825876797609,4.2078484336935285
GMB,"Gambia, The",2013,Low income,SSF,Africa,2103820.0,2006.74081646788,25.59075928,80.571196875671,46.4844347761008,97.0,96.0,64.426178977375,606.2810989,3.2805637599431403,4.165520056369045
GMB,"Gambia, The",2014,Low income,SSF,Africa,2164528.0,1933.70329718446,17.33743477,81.2241792597438,46.5660263360159,96.0,96.0,61.8015384,560.7181007,2.908944586271226,4.123928257357698
GMB,"Gambia, The",2015,Low income,SSF,Africa,2224529.0,1990.31625750973,19.67725563,81.8737511504613,46.6646737011035,97.0,97.0,59.29737387725,526.684524,3.029034334354254,4.082565019647843
GMB,"Gambia, The",2016,Low income,SSF,Africa,2283769.0,2012.67648180251,20.77086067,82.5196405722502,46.7787647028692,95.0,97.0,56.922450359875,489.510535,3.0805724091457347,4.041689821484714
GMB,"Gambia, The",2017,Low income,SSF,Africa,2342189.0,2038.95429850128,21.55331612,83.1620559265773,46.9072182092037,92.0,90.0,54.707780411875,468.6497271,3.115882111456257,4.002005937190145
GMB,"Gambia, The",2018,Low income,SSF,Africa,2399632.0,2277.44236224191,22.17474365,83.8008881364874,47.0485303132535,93.0,91.0,52.665294302125,450.4107205,3.143063049902067,3.9639566864647646
GMB,"Gambia, The",2019,Low income,SSF,Africa,2456844.0,2421.72318070615,23.21861267,84.4361946965619,47.2014093425827,88.0,85.0,50.707898935875,422.0870413,3.187121456137544,3.9260816960137346
GMB,"Gambia, The",2020,Low income,SSF,Africa,2515733.0,2530.80414937307,28.9169693,85.0680326919843,47.3645750957407,85.0,82.0,48.89852101325,400.1448083,3.398425854526551,3.889747150895621
GMB,"Gambia, The",2021,Low income,SSF,Africa,2576010.0,2777.79620978324,29.77283478,85.696311673001,47.5364188505618,82.0,79.0,47.17297829262501,420.0762931,3.4266323131372216,3.8538212348540446
GMB,"Gambia, The",2022,Low income,SSF,Africa,2636470.0,3067.31040374628,29.57811737,86.3212416883552,47.7159912011406,79.0,74.0,45.54938803475,365.0213741,3.4202846345115905,3.818797188593763
GNB,Guinea-Bissau,2000,Low income,SSF,Africa,1234741.0,1013.97349183331,13.2785511,55.1797262603998,4.53445720097512,49.0,71.0,173.751617496125,1295.440942,2.6587584881782265,5.157626793731786
GNB,Guinea-Bissau,2001,Low income,SSF,Africa,1261273.0,1063.57228308529,13.50725842,55.6355112802185,5.01574870772438,53.0,72.0,168.329227647375,1222.138042,2.6746491048674668,5.12592175009619
GNB,Guinea-Bissau,2002,Low income,SSF,Africa,1289307.0,1095.22305833488,14.02086544,56.0766781223188,5.72910394514667,57.0,73.0,162.73082872675,1141.168856,2.7094402638505017,5.092097478308422
GNB,Guinea-Bissau,2003,Low income,SSF,Africa,1318806.0,1088.74265675319,14.70093441,56.5025111199122,6.75416506576179,60.0,74.0,156.95480015524998,1069.161573,2.753720227143732,5.055957866797663
GNB,Guinea-Bissau,2004,Low income,SSF,Africa,1349563.0,1105.34322841441,18.42279816,56.9133054099117,7.78216486739306,64.0,75.0,150.988145464125,979.5117951,2.9664475389924685,5.017201326873
GNB,Guinea-Bissau,2005,Low income,SSF,Africa,1381585.0,1186.62631354737,20.99864388,57.3083913147458,8.8783527585904,68.0,76.0,144.818105591875,956.301796,3.090980809640199,4.975478510752861
GNB,Guinea-Bissau,2006,Low income,SSF,Africa,1415303.0,1225.91824576792,22.77665329,57.6886837795946,9.9897316228944,71.0,74.0,138.4854781325,831.461996,3.168704145025296,4.930765469101259
GNB,Guinea-Bissau,2007,Low income,SSF,Africa,1450986.0,1259.6056068922,25.56799126,58.0535126816811,11.1161885061566,74.0,73.0,132.155526254,791.6082766,3.279707155107213,4.8839794582160545
GNB,Guinea-Bissau,2008,Low income,SSF,Africa,1488054.0,1308.53556699717,34.26661301,58.4031554952598,12.2580921089513,77.0,71.0,126.050711478125,801.9769586,3.562936709299356,4.8366842980299385
GNB,Guinea-Bissau,2009,Low income,SSF,Africa,1526377.0,1314.97078661955,26.88874054,58.7369930495235,13.4152955008386,80.0,69.0,119.9574489945,752.9262617,3.3282230424985486,4.787137088187039
GNB,Guinea-Bissau,2010,Low income,SSF,Africa,1566347.0,1369.68917066121,29.23748016,59.0561288356576,14.5887141664203,83.0,76.0,114.13852546975,698.1827218,3.40908221979703,4.7374128464142
GNB,Guinea-Bissau,2011,Low income,SSF,Africa,1608076.0,1471.76279879072,44.72909927,59.3599409743787,15.7782187068147,86.0,83.0,108.60126945725,678.2832784,3.8227348407779713,4.687683096724794
GNB,Guinea-Bissau,2012,Low income,SSF,Africa,1651417.0,1401.84994044148,37.75499725,59.6486446194462,16.9842205721111,87.0,81.0,103.617147656125,703.6950582,3.657259708774886,4.640702834045068
GNB,Guinea-Bissau,2013,Low income,SSF,Africa,1695973.0,1415.82511935379,46.05934143,59.9219185208316,18.2067554736928,87.0,81.0,99.28690821925,707.1943256,3.851409388938652,4.598013721667033
GNB,Guinea-Bissau,2014,Low income,SSF,Africa,1741122.0,1455.90813665193,64.99989319,60.179969051587,19.4462525723006,86.0,81.0,95.278807938,662.4370859,4.189653123691783,4.556807413822684
GNB,Guinea-Bissau,2015,Low income,SSF,Africa,1786457.0,1729.94260310123,52.45866776,60.4227287706109,20.7029543822311,86.0,80.0,91.738004546125,631.1541595,3.978908790086003,4.518936737745688
GNB,Guinea-Bissau,2016,Low income,SSF,Africa,1831893.0,1824.3730977071,56.60805511,60.6498938301808,21.9768833616634,85.0,80.0,88.349719546125,616.9496574,4.053662403584075,4.481303024410073
GNB,Guinea-Bissau,2017,Low income,SSF,Africa,1877072.0,2081.81287227685,54.8225174,60.8614249962045,23.2682682564985,79.0,66.0,85.1967044325,596.9358502,4.022177325622261,4.444962752717447
GNB,Guinea-Bissau,2018,Low income,SSF,Africa,1922168.0,2057.96969129146,58.87445068,61.0574978262041,24.5775735612132,82.0,79.0,82.05707751725,584.736376,4.09224988124223,4.407415072405317
GNB,Guinea-Bissau,2019,Low income,SSF,Africa,1967696.0,2247.31303739185,53.98390961,61.2378280860905,25.9048078160921,78.0,79.0,79.05930000575,597.5212748,4.007040589885173,4.3701982038671625
GNB,Guinea-Bissau,2020,Low income,SSF,Africa,2013255.0,2339.79326967821,67.88795471,61.4023709076856,27.2502045881432,74.0,72.0,76.518454569125,602.8120993,4.232481339949681,4.33753194793743
GNB,Guinea-Bissau,2021,Low income,SSF,Africa,2058841.0,2522.76764302521,70.21189117,61.5510835646003,28.6139998460415,67.0,63.0,74.100785341375,617.1863047,4.265659815287783,4.305426130645001
GNB,Guinea-Bissau,2022,Low income,SSF,Africa,2105529.0,2788.83773937954,68.01049042,61.6363537721631,28.7228575496477,74.0,75.0,71.60130239325,539.2345092,4.234258528113563,4.271113263651027
GNQ,Equatorial Guinea,2000,Upper middle income,SSF,Africa,703279.0,7420.39310111594,20.14153671,51.0981400291321,54.790530594174,35.0,50.0,155.859265304125,405.6240963,3.0512396698531323,5.048953454585011
GNQ,Equatorial Guinea,2001,Upper middle income,SSF,Africa,749836.0,11626.7231171673,29.59247589,51.7904438770813,55.776966411997,37.0,50.0,151.487648181125,388.027341,3.4207540927757165,5.020504091468069
GNQ,Equatorial Guinea,2002,Upper middle income,SSF,Africa,797957.0,13254.823622224,74.93979645,52.54199672143,56.7470042992933,39.0,49.0,147.01918812475,364.3690624,4.329940874394481,4.990563109721131
GNQ,Equatorial Guinea,2003,Upper middle income,SSF,Africa,847862.0,14496.1744119688,86.82926178,53.3504174439606,57.6992350383254,41.0,48.0,142.480114824,342.8950891,4.47539472279294,4.959202444876646
GNQ,Equatorial Guinea,2004,Upper middle income,SSF,Africa,899917.0,19354.2120821557,104.54925537,54.2150297528476,58.6335894811516,43.0,48.0,137.736845025125,322.8042049,4.659177719508667,4.925344944562549
GNQ,Equatorial Guinea,2005,Upper middle income,SSF,Africa,947367.0,22137.0497795007,122.75533295,55.1317186570274,59.5483734842498,44.0,47.0,133.126893675125,312.1375059,4.818306495065711,4.89130276115219
GNQ,Equatorial Guinea,2006,Upper middle income,SSF,Africa,990343.0,23511.39865709,143.95661926,56.1005801258044,60.4443395996533,46.0,47.0,128.53659760225,298.900018,4.976434520140812,4.856213670028866
GNQ,Equatorial Guinea,2007,Upper middle income,SSF,Africa,1036044.0,26610.7691219619,179.49963379,57.1185705825994,61.3207811186255,48.0,46.0,123.941218893875,288.9155838,5.195728748906611,4.819807412033569
GNQ,Equatorial Guinea,2008,Upper middle income,SSF,Africa,1084530.0,30522.7787142774,225.50572205,58.1837958068374,62.1777142751886,50.0,45.0,119.368828234375,275.7745083,5.422770207517894,4.7822180968099195
GNQ,Equatorial Guinea,2009,Upper middle income,SSF,Africa,1135673.0,29722.0005631066,248.9617157,59.2917944417375,63.0143173257129,52.0,45.0,115.095651759625,266.8786983,5.521307768935548,4.745763537078742
GNQ,Equatorial Guinea,2010,Upper middle income,SSF,Africa,1189085.0,26167.8268525276,237.85783386,60.441364332898,63.831192420274,54.0,44.0,110.969977911,259.360087,5.475868537539695,4.7092596954586545
GNQ,Equatorial Guinea,2011,Upper middle income,SSF,Africa,1241835.0,27241.6000370603,265.38485718,61.629611207728,64.6283695926991,54.0,46.0,107.062288258,253.7983761,5.5849420946332256,4.673410798340409
GNQ,Equatorial Guinea,2012,Upper middle income,SSF,Africa,1293483.0,30011.9274409625,280.90136719,62.8538908142975,65.4060732402599,54.0,49.0,103.35260110025,244.7133898,5.641557248019622,4.6381464536896395
GNQ,Equatorial Guinea,2013,Upper middle income,SSF,Africa,1346218.0,27909.5175876754,286.33657837,63.6715161073668,66.0469451872043,53.0,51.0,99.84422716175,235.7469643,5.6606542755629015,4.603611243085309
GNQ,Equatorial Guinea,2014,Upper middle income,SSF,Africa,1399828.0,27177.271665026,290.53604126,63.9264757487076,66.1151129596268,53.0,53.0,96.498533628625,227.1471875,5.675163638833774,4.569527812671196
GNQ,Equatorial Guinea,2015,Upper middle income,SSF,Africa,1453923.0,19478.7010123338,222.81713867,64.1785994681849,66.1825230692518,40.0,50.0,93.174955150375,222.2084289,5.41082937324061,4.5344789640169365
GNQ,Equatorial Guinea,2016,Upper middle income,SSF,Africa,1508186.0,16649.4757672359,221.49227905,64.4255163889263,66.2485390317556,53.0,53.0,89.895998964625,216.2861384,5.404892400105329,4.4986534350881255
GNQ,Equatorial Guinea,2017,Upper middle income,SSF,Africa,1562396.0,18434.7708571004,223.4354248,64.6658128879178,66.3127866671561,56.0,52.0,86.970304584,211.6428807,5.413588025716877,4.465566733768704
GNQ,Equatorial Guinea,2018,Upper middle income,SSF,Africa,1616422.0,18413.1294204577,240.49389648,95.08595516798411,86.4725409994878,59.0,52.0,84.1359950415,204.0132509,5.486844199398509,4.4324344782833816
GNQ,Equatorial Guinea,2019,Upper middle income,SSF,Africa,1670177.0,16451.3641478324,223.14128113,95.08595516798411,86.4725409994878,62.0,51.0,81.630111850625,198.0048415,5.412276572365555,4.402198211677014
GNQ,Equatorial Guinea,2020,Upper middle income,SSF,Africa,1716468.0,13677.110587517,213.59317017,95.08595516798411,86.4725409994878,64.0,50.0,78.77930120775,195.6072387,5.368744003828076,4.3666502873301525
GNQ,Equatorial Guinea,2021,Upper middle income,SSF,Africa,1758786.0,16821.4486470413,243.81242371,95.08595516798411,86.4725409994878,67.0,50.0,76.083665865125,201.7265491,5.500492299799757,4.331833601423376
GNQ,Equatorial Guinea,2022,Upper middle income,SSF,Africa,1803545.0,18139.989326627,215.32841492,95.08595516798411,86.4725409994878,70.0,49.0,73.356254468125,183.1032543,5.376797692430841,4.295327769776238
GRC,Greece,2000,High income,ECS,Europe,10805808.0,18819.8544320117,885.41052246,99.7578133347086,97.8758799190344,89.0,89.0,6.399296359666667,3.550956743,6.787180186928877,1.85618804051928
GRC,Greece,2001,High income,ECS,Europe,10862132.0,20303.9312433429,1004.81542969,99.7743844570764,97.9452945342735,91.0,91.0,5.970065367,3.290640007,6.913553864334056,1.7867578765907994
GRC,Greece,2002,High income,ECS,Europe,10902022.0,21985.2345411071,1168.82409668,99.7919945033005,98.0197252313027,92.0,92.0,5.561970671333333,3.210713947,7.064608671770953,1.7159524827546007
GRC,Greece,2003,High income,ECS,Europe,10928070.0,23252.6111362028,1566.40979004,99.8092301885099,98.0930878671239,94.0,94.0,5.190157165,3.187381306,7.357179720637283,1.6467639789929014
GRC,Greece,2004,High income,ECS,Europe,10955141.0,24825.5735347512,1782.69592285,99.8260994402101,98.1654410547609,95.0,95.0,4.856935050333333,3.07592233,7.486442851779283,1.5804075908906952
GRC,Greece,2005,High income,ECS,Europe,10987314.0,25003.8297466933,1935.26757813,99.8425963346564,98.2367240021803,96.0,96.0,4.562738287999999,2.980808545,7.568517470130153,1.5179229450516503
GRC,Greece,2006,High income,ECS,Europe,11020362.0,28076.1241416392,2052.87548828,99.8587352408423,98.3069816511148,98.0,98.0,4.316219587666667,3.086818521,7.627483769507954,1.4623799236889399
GRC,Greece,2007,High income,ECS,Europe,11048473.0,28895.874926558,2426.75952148,99.8745141024935,98.37623995926,99.0,99.0,4.128509786,3.229238248,7.7947241034027215,1.4179165152249653
GRC,Greece,2008,High income,ECS,Europe,11077841.0,30440.9709059081,2840.50854492,99.8899457131774,98.444518449364,99.0,99.0,4.008757927333334,3.243182651,7.952090367919,1.388481449530808
GRC,Greece,2009,High income,ECS,Europe,11107017.0,29963.3968875108,2809.05957031,99.9050216033919,98.5117822479045,99.0,99.0,3.950801465333333,3.302383898,7.940960961501664,1.3739184609471125
GRC,Greece,2010,High income,ECS,Europe,11121341.0,27838.73639086,2564.36987305,99.9197604571835,98.5780776451811,99.0,99.0,3.940628041,3.509013667,7.849857947228539,1.3713401118758457
GRC,Greece,2011,High income,ECS,Europe,11104899.0,25692.5740851321,2338.91577148,99.9341628584541,98.6434297836442,99.0,99.0,3.969832763333334,3.629538879,7.757870212609891,1.3787239687068582
GRC,Greece,2012,High income,ECS,Europe,11045011.0,24582.9741957507,1948.24816895,99.948239360805,98.7078706841622,99.0,99.0,4.034364542666666,3.989456603,7.575199022827975,1.3948488029916746
GRC,Greece,2013,High income,ECS,Europe,10965211.0,25730.8809006664,1832.02954102,99.9619883950245,98.7713762312749,99.0,99.0,4.1302309290000006,3.950593866,7.513725363923697,1.418333320421862
GRC,Greece,2014,High income,ECS,Europe,10892413.0,26450.181326726,1700.4942627,99.97541718672,98.8339628930007,99.0,97.0,4.232312243333333,4.250092215,7.4392621220281345,1.442748473340263
GRC,Greece,2015,High income,ECS,Europe,10820883.0,26607.7256796976,1481.41967773,99.988523105293,98.8956496305224,99.0,97.0,4.298474342666666,4.770334547,7.301430949120771,1.4582601557106665
GRC,Greece,2016,High income,ECS,Europe,10775971.0,27504.5497984948,1513.25939941,99.9999968642708,98.9564489293753,99.0,97.0,4.307156235,4.920995243,7.322681753145737,1.4602778800832068
GRC,Greece,2017,High income,ECS,Europe,10754679.0,28681.6815585005,1509.78442383,99.9999973482552,98.9831881851134,99.0,97.0,4.265844223333334,5.235466186,7.320384280902973,1.4506401035205851
GRC,Greece,2018,High income,ECS,Europe,10732882.0,29792.0592519585,1603.07788086,100.0,98.9867526034177,99.0,97.0,4.193250346,5.057689933,7.380304341399865,1.4334761721062874
GRC,Greece,2019,High income,ECS,Europe,10721582.0,31927.3792151369,1569.02844238,99.999997048057,98.9902600193741,99.0,97.0,4.102706562666667,5.216193523,7.358849014343863,1.4116468931512938
GRC,Greece,2020,High income,ECS,Europe,10698599.0,29533.087740299,1674.78417969,99.9999990325072,98.9937448356397,99.0,97.0,4.008933589333334,7.197333397,7.424036501682304,1.3885252681286335
GRC,Greece,2021,High income,ECS,Europe,10569207.0,33531.15511226,1846.37304688,100.0,98.9971863349773,99.0,97.0,3.9201434393333336,8.664902567,7.521519934293498,1.3661282447995793
GRC,Greece,2022,High income,ECS,Europe,10436882.0,39612.4406377916,1768.11071777,99.9999998124246,99.0005834270921,98.0,94.0,3.832723137,9.88699353,7.478232279974005,1.343575552378177
GRD,Grenada,2000,Upper middle income,LCN,Americas,107451.0,7305.72456197879,259.33764648,93.3076378093218,88.5722720006749,97.0,92.0,15.486286861666668,45.52809878,5.561979428819223,2.7399549137285635
GRD,Grenada,2001,Upper middle income,LCN,Americas,107987.0,7282.70841986036,271.03814697,93.5399527788903,89.0844419136279,96.0,99.0,15.219486627333334,44.96925944,5.605942302675652,2.7225766217288796
GRD,Grenada,2002,Upper middle income,LCN,Americas,108404.0,7620.673877466,307.84365845,93.7722677484587,89.5954337141359,98.0,96.0,15.026968611666668,42.32387708,5.7328351891482034,2.7098464942456846
GRD,Grenada,2003,Upper middle income,LCN,Americas,108884.0,8469.08752658602,286.90512085,94.0045827180272,90.1052474021992,97.0,99.0,14.897937032666666,42.1330053,5.66263098436512,2.701222749182303
GRD,Grenada,2004,Upper middle income,LCN,Americas,109323.0,8605.82398540487,294.12390137,94.2368976875956,90.6138829778177,83.0,74.0,14.826669587666666,48.47068889,5.687395272806626,2.69642755828409
GRD,Grenada,2005,Upper middle income,LCN,Americas,109734.0,10016.3479735194,326.09225464,94.4692126571641,91.1213404409914,99.0,99.0,14.809657469333333,40.34660506,5.790242255389027,2.695279499675534
GRD,Grenada,2006,Upper middle income,LCN,Americas,110135.0,9876.6166955998,324.32067871,94.7015276267326,91.6276197917204,91.0,98.0,14.847918506,38.86186334,5.784811399580672,2.697859687478136
GRD,Grenada,2007,Upper middle income,LCN,Americas,110522.0,10727.6792054748,359.53503418,94.9338425963011,92.1327210300046,96.0,98.0,14.943886246,39.84306558,5.8875891341945215,2.704302269439314
GRD,Grenada,2008,Upper middle income,LCN,Americas,110896.0,11000.7523577301,401.15072632,95.1661575658695,92.6366441558442,99.0,99.0,15.102259788,41.26666354,5.9968269594407015,2.714844387458148
GRD,Grenada,2009,Upper middle income,LCN,Americas,111254.0,10303.3432602774,376.68447876,95.398472535438,93.1393891692389,99.0,98.0,15.339334471333332,40.80389146,5.934059134778183,2.7304204098175897
GRD,Grenada,2010,Upper middle income,LCN,Americas,111586.0,10344.3839189192,374.46508789,95.6307875050065,93.6409560701888,97.0,95.0,15.642595012333336,43.01116431,5.928165491888405,2.7499976428584034
GRD,Grenada,2011,Upper middle income,LCN,Americas,112079.0,10591.7475649916,403.17129517,95.8631024745749,93.5480727629389,95.0,95.0,16.002008453333335,43.92505056,6.001838786044965,2.7727142426950926
GRD,Grenada,2012,Upper middle income,LCN,Americas,112775.0,10575.1056268616,413.02658081,95.9713888869245,93.4551894556889,97.0,94.0,16.388591276333333,43.65259308,6.025930176619343,2.7965854388686013
GRD,Grenada,2013,Upper middle income,LCN,Americas,113487.0,11199.4040197944,417.74581909,95.6286504435547,93.362306148439,97.0,94.0,16.784902326,44.34522602,6.037264098826746,2.820479811290849
GRD,Grenada,2014,Upper middle income,LCN,Americas,114132.0,12228.6481055395,381.22598267,95.6286504435547,93.269422841189,97.0,94.0,17.169053372666667,44.87656159,5.946012011363642,2.8431085407550847
GRD,Grenada,2015,Upper middle income,LCN,Americas,114676.0,13214.4096644941,404.00680542,95.6286504435547,93.176539533939,92.0,99.0,17.522120342333334,46.2051598,6.003903870471534,2.863464102291203
GRD,Grenada,2016,Upper middle income,LCN,Americas,115130.0,13977.5055879135,409.27841187,95.6286504435547,93.0836562266891,96.0,95.0,17.828840613,44.03691407,6.016835982587417,2.88081740525161
GRD,Grenada,2017,Upper middle income,LCN,Americas,115438.0,15041.4525712067,454.07266235,95.6286504435547,92.9907729194391,96.0,85.0,18.09099184433333,44.92742163,6.120457103673194,2.895414126225542
GRD,Grenada,2018,Upper middle income,LCN,Americas,115691.0,15974.8591933124,462.2394104,95.08595516798411,92.8978896121892,95.0,84.0,18.30331800133333,46.42027041,6.138244005540996,2.9070823549606923
GRD,Grenada,2019,Upper middle income,LCN,Americas,115981.0,16446.1138871871,515.94726563,95.08595516798411,92.8050063049392,94.0,94.0,18.499433476000004,48.399628,6.247940868590335,2.9177401086964694
GRD,Grenada,2020,Upper middle income,LCN,Americas,116341.0,14361.1267154452,475.83853149,95.08595516798411,92.7121229976892,72.0,83.0,18.631723254666667,50.5574205,6.1671779251747285,2.924865679244307
GRD,Grenada,2021,Upper middle income,LCN,Americas,116688.0,15290.250903138,508.09500122,95.08595516798411,92.6192396904393,77.0,70.0,18.632766978,52.00748943,6.232634642003279,2.924921696290406
GRD,Grenada,2022,Upper middle income,LCN,Americas,116913.0,17543.9815596266,526.35113525,95.08595516798411,92.6192396904393,77.0,76.0,18.477593191666667,49.93910289,6.267866617465162,2.9165588191855862
GRL,Greenland,2000,High income,ECS,Europe,56185.0,29616.1597427886,1610.73034668,100.0,98.89632012252255,96.0,95.0,20.469548690625,10.015977665,7.385063630339435,3.018938352074265
GRL,Greenland,2001,High income,ECS,Europe,56379.0,30561.7998286959,1610.73034668,100.0,98.89632012252255,96.0,95.0,20.469548690625,10.015977665,7.385063630339435,3.018938352074265
GRL,Greenland,2002,High income,ECS,Europe,56595.0,30618.0027855733,1610.73034668,100.0,98.89632012252255,96.0,95.0,20.469548690625,10.015977665,7.385063630339435,3.018938352074265
GRL,Greenland,2003,High income,ECS,Europe,56751.0,32516.0413742949,1610.73034668,100.0,98.89632012252255,96.0,95.0,20.469548690625,10.015977665,7.385063630339435,3.018938352074265
GRL,Greenland,2004,High income,ECS,Europe,56898.0,35604.3390646877,1610.73034668,100.0,98.89632012252255,96.0,95.0,20.469548690625,10.015977665,7.385063630339435,3.018938352074265
GRL,Greenland,2005,High income,ECS,Europe,56935.0,38527.0850327204,1610.73034668,100.0,98.89632012252255,96.0,95.0,20.469548690625,10.015977665,7.385063630339435,3.018938352074265
GRL,Greenland,2006,High income,ECS,Europe,56775.0,42039.7937935486,1610.73034668,100.0,98.89632012252255,96.0,95.0,20.469548690625,10.015977665,7.385063630339435,3.018938352074265
GRL,Greenland,2007,High income,ECS,Europe,56555.0,44366.4315156047,1610.73034668,100.0,98.89632012252255,96.0,95.0,20.469548690625,10.015977665,7.385063630339435,3.018938352074265
GRL,Greenland,2008,High income,ECS,Europe,56328.0,48203.123064415,1610.73034668,100.0,98.89632012252255,96.0,95.0,20.469548690625,10.015977665,7.385063630339435,3.018938352074265
GRL,Greenland,2009,High income,ECS,Europe,56323.0,48924.7640849636,1610.73034668,100.0,98.89632012252255,96.0,95.0,20.469548690625,10.015977665,7.385063630339435,3.018938352074265
GRL,Greenland,2010,High income,ECS,Europe,56534.0,50190.8817880429,1610.73034668,100.0,98.89632012252255,96.0,95.0,20.469548690625,10.015977665,7.385063630339435,3.018938352074265
GRL,Greenland,2011,High income,ECS,Europe,56890.0,50653.0585916924,1610.73034668,100.0,98.89632012252255,96.0,95.0,20.469548690625,10.015977665,7.385063630339435,3.018938352074265
GRL,Greenland,2012,High income,ECS,Europe,56810.0,52389.325351824,1610.73034668,100.0,98.89632012252255,96.0,95.0,20.469548690625,10.015977665,7.385063630339435,3.018938352074265
GRL,Greenland,2013,High income,ECS,Europe,56483.0,52893.6503558212,1610.73034668,100.0,98.89632012252255,96.0,95.0,20.469548690625,10.015977665,7.385063630339435,3.018938352074265
GRL,Greenland,2014,High income,ECS,Europe,56295.0,56555.0690671219,1610.73034668,100.0,62.5,96.0,95.0,20.469548690625,10.015977665,7.385063630339435,3.018938352074265
GRL,Greenland,2015,High income,ECS,Europe,56114.0,55815.6502883612,1610.73034668,100.0,62.5,96.0,95.0,20.469548690625,10.015977665,7.385063630339435,3.018938352074265
GRL,Greenland,2016,High income,ECS,Europe,56186.0,58908.5907729314,1610.73034668,100.0,62.5,96.0,95.0,20.469548690625,10.015977665,7.385063630339435,3.018938352074265
GRL,Greenland,2017,High income,ECS,Europe,56172.0,60010.0982907298,1610.73034668,100.0,62.5,96.0,95.0,20.469548690625,10.015977665,7.385063630339435,3.018938352074265
GRL,Greenland,2018,High income,ECS,Europe,56023.0,61806.8271308174,1610.73034668,100.0,62.5,96.0,95.0,20.469548690625,10.015977665,7.385063630339435,3.018938352074265
GRL,Greenland,2019,High income,ECS,Europe,56225.0,64264.0564607393,1610.73034668,100.0,62.5,96.0,95.0,20.469548690625,10.015977665,7.385063630339435,3.018938352074265
GRL,Greenland,2020,High income,ECS,Europe,56367.0,64999.4435683064,1610.73034668,100.0,62.5,96.0,95.0,20.469548690625,10.015977665,7.385063630339435,3.018938352074265
GRL,Greenland,2021,High income,ECS,Europe,56653.0,69302.0088788237,1610.73034668,100.0,62.5,96.0,95.0,20.469548690625,10.015977665,7.385063630339435,3.018938352074265
GRL,Greenland,2022,High income,ECS,Europe,56661.0,75720.4298219323,1610.73034668,100.0,62.5,96.0,95.0,20.469548690625,10.015977665,7.385063630339435,3.018938352074265
GTM,Guatemala,2000,Upper middle income,LCN,Americas,11697592.0,4714.96666200848,83.61930084,87.5089539389725,61.0672448487816,81.0,86.0,52.029373585625,165.8101244,4.4381623829084615,3.951808435745305
GTM,Guatemala,2001,Upper middle income,LCN,Americas,11969422.0,4821.54598486775,100.02039337,87.7752601776246,61.5616929942508,77.0,91.0,49.977957437125,162.1381473,4.6153224110137145,3.9115820569671613
GTM,Guatemala,2002,Upper middle income,LCN,Americas,12246915.0,4969.25744944448,107.62042236,88.0390155719247,62.0451166230721,82.0,92.0,48.0023407575,153.3886125,4.687859441017479,3.8712497755001287
GTM,Guatemala,2003,Upper middle income,LCN,Americas,12525842.0,5081.38005585657,113.38285065,88.2966588690078,62.5094447172638,84.0,94.0,46.12396043275,149.6091265,4.73955116080294,3.8313325640633455
GTM,Guatemala,2004,Upper middle income,LCN,Americas,12807402.0,5263.446549119,122.16271973,88.5496740208144,62.9581205196871,87.0,95.0,44.32956699125,148.0470644,4.8135064057127686,3.79165188086017
GTM,Guatemala,2005,Upper middle income,LCN,Americas,13087629.0,5486.27776986281,132.41906738,88.8001402609139,63.3959543094237,87.0,93.0,42.605990482875,152.8518229,4.893495057150508,3.7519948650527577
GTM,Guatemala,2006,Upper middle income,LCN,Americas,13367459.0,5833.3869180176,149.04266357,89.0482040016156,63.8233780145297,89.0,95.0,40.93450008775,141.7435046,5.010919677455475,3.7119732304111017
GTM,Guatemala,2007,Upper middle income,LCN,Americas,13652040.0,6238.33976946504,158.89395142,89.294002198525,64.2408036159459,85.0,86.0,39.307485753875,135.0158609,5.0745107918573975,3.6714149779345746
GTM,Guatemala,2008,Upper middle income,LCN,Americas,13935174.0,6434.50703746094,175.67254639,89.5375290731545,64.6483174313352,95.0,96.0,37.737259071,133.3875375,5.174297998777073,3.630647910673392
GTM,Guatemala,2009,Upper middle income,LCN,Americas,14215611.0,6376.74106297933,169.37559509,89.7784165579284,65.0451401830532,92.0,92.0,36.192313480375,130.4730468,5.1380053828352485,3.58884676148923
GTM,Guatemala,2010,Upper middle income,LCN,Americas,14500112.0,6510.09980949963,175.31318665,90.0171691678666,65.4325572317079,94.0,93.0,34.73260022125,126.9909555,5.172261883260126,3.547678733554603
GTM,Guatemala,2011,Upper middle income,LCN,Americas,14792126.0,6784.44712953621,191.24732971,90.2534246699844,65.8097996494068,88.0,89.0,33.30669343475,120.0270361,5.2587827186143885,3.505758380834338
GTM,Guatemala,2012,Upper middle income,LCN,Americas,15089647.0,7258.31667467883,200.84880066,90.4874258264266,66.1775447968584,96.0,93.0,31.941631665875,114.712971,5.307518905542382,3.463910226825668
GTM,Guatemala,2013,Upper middle income,LCN,Americas,15387337.0,7699.94541247252,198.79296875,90.7203833166752,66.5388660847847,96.0,91.0,30.652790965,111.2299675,5.297281674153778,3.422723717453547
GTM,Guatemala,2014,Upper middle income,LCN,Americas,15681725.0,8236.65929901849,217.23764038,90.9521869085608,66.8936926813794,74.0,68.0,29.410458985875003,110.5808892,5.3855845625548575,3.381350358900262
GTM,Guatemala,2015,Upper middle income,LCN,Americas,15971743.0,8934.00261178396,233.8447876,91.1829418884206,67.2424899275787,70.0,79.0,28.257621623125,111.9959,5.458924817634408,3.341363213174168
GTM,Guatemala,2016,Upper middle income,LCN,Americas,16268760.0,9201.42836046353,246.4538269,91.4122081124135,67.5843983621211,83.0,89.0,27.216954850875,110.1090281,5.511224006624842,3.3038401192119022
GTM,Guatemala,2017,Upper middle income,LCN,Americas,16567357.0,9560.17783462724,265.36593628,91.6400944159348,67.9199018955355,91.0,94.0,26.2485528885,106.9378272,5.584871063673759,3.267610859460883
GTM,Guatemala,2018,Upper middle income,LCN,Americas,16845685.0,9946.80252245268,265.81820679,91.8664742343096,68.2489426363097,85.0,89.0,25.3414695255,107.1139025,5.586567553054963,3.2324421655358915
GTM,Guatemala,2019,Upper middle income,LCN,Americas,17103803.0,10755.8801029589,278.59024048,92.0910526006257,68.5709973645284,88.0,90.0,24.494472425125,106.1547783,5.633325104457176,3.1984474767947
GTM,Guatemala,2020,Upper middle income,LCN,Americas,17357325.0,10947.3711292197,289.21640015,92.3138179561227,68.8862996420965,90.0,89.0,23.656099022125,102.4683003,5.670626852119986,3.163620968461478
GTM,Guatemala,2021,Upper middle income,LCN,Americas,17598650.0,11825.141273764,361.51858521,92.5346655416111,69.4621730094076,80.0,88.0,22.8299117145,125.2700841,5.893075742525319,3.128071593451441
GTM,Guatemala,2022,Upper middle income,LCN,Americas,17847877.0,13014.0153809826,384.06158447,92.7535006676254,70.0349423501554,81.0,86.0,22.077196304875,96.56929742,5.953403281157939,3.094545234400507
GUM,Guam,2000,High income,EAS,Western Pacific,160065.0,10929.3002607587,1610.73034668,99.4735533221536,88.9735320691109,96.0,95.0,20.469548690625,10.015977665,7.385063630339435,3.018938352074265
GUM,Guam,2001,High income,EAS,Western Pacific,161329.0,10929.3002607587,1610.73034668,99.4760873255075,89.0373069363675,96.0,95.0,20.469548690625,10.015977665,7.385063630339435,3.018938352074265
GUM,Guam,2002,High income,EAS,Western Pacific,162315.0,10929.3002607587,1610.73034668,99.4786213288614,89.1010818036241,96.0,95.0,20.469548690625,10.015977665,7.385063630339435,3.018938352074265
GUM,Guam,2003,High income,EAS,Western Pacific,163137.0,10929.3002607587,1610.73034668,99.4811553322154,89.1648566708808,96.0,95.0,20.469548690625,10.015977665,7.385063630339435,3.018938352074265
GUM,Guam,2004,High income,EAS,Western Pacific,163810.0,10929.3002607587,1610.73034668,99.4836893355693,89.2286315381374,96.0,95.0,20.469548690625,10.015977665,7.385063630339435,3.018938352074265
GUM,Guam,2005,High income,EAS,Western Pacific,164365.0,10929.3002607587,1610.73034668,99.4862233389232,89.292406405394,96.0,95.0,20.469548690625,10.015977665,7.385063630339435,3.018938352074265
GUM,Guam,2006,High income,EAS,Western Pacific,164839.0,10929.3002607587,1610.73034668,99.4887573422771,89.3561812726507,96.0,95.0,20.469548690625,10.015977665,7.385063630339435,3.018938352074265
GUM,Guam,2007,High income,EAS,Western Pacific,165267.0,10929.3002607587,1610.73034668,99.4912913456311,89.4199561399073,96.0,95.0,20.469548690625,10.015977665,7.385063630339435,3.018938352074265
GUM,Guam,2008,High income,EAS,Western Pacific,165693.0,10929.3002607587,1610.73034668,99.493825348985,89.483731007164,96.0,95.0,20.469548690625,10.015977665,7.385063630339435,3.018938352074265
GUM,Guam,2009,High income,EAS,Western Pacific,166173.0,10929.3002607587,1610.73034668,99.4963593523389,89.5475058744206,96.0,95.0,20.469548690625,10.015977665,7.385063630339435,3.018938352074265
GUM,Guam,2010,High income,EAS,Western Pacific,166522.0,10929.3002607587,1610.73034668,99.4988933556928,89.6112807416772,96.0,95.0,20.469548690625,10.015977665,7.385063630339435,3.018938352074265
GUM,Guam,2011,High income,EAS,Western Pacific,166543.0,10929.3002607587,1610.73034668,99.5014273590467,89.6750556089339,96.0,95.0,20.469548690625,10.015977665,7.385063630339435,3.018938352074265
GUM,Guam,2012,High income,EAS,Western Pacific,166331.0,10929.3002607587,1610.73034668,99.5039613624007,89.7388304761905,96.0,95.0,20.469548690625,10.015977665,7.385063630339435,3.018938352074265
GUM,Guam,2013,High income,EAS,Western Pacific,165966.0,10929.3002607587,1610.73034668,99.5064953657546,89.8026053434471,96.0,95.0,20.469548690625,10.015977665,7.385063630339435,3.018938352074265
GUM,Guam,2014,High income,EAS,Western Pacific,165486.0,10929.3002607587,1610.73034668,99.5090293691085,89.8663802107038,96.0,95.0,20.469548690625,10.015977665,7.385063630339435,3.018938352074265
GUM,Guam,2015,High income,EAS,Western Pacific,164905.0,10929.3002607587,1610.73034668,99.5115633724624,89.9301550779604,96.0,95.0,20.469548690625,10.015977665,7.385063630339435,3.018938352074265
GUM,Guam,2016,High income,EAS,Western Pacific,164233.0,10929.3002607587,1610.73034668,99.5140973758164,89.993929945217,96.0,95.0,20.469548690625,10.015977665,7.385063630339435,3.018938352074265
GUM,Guam,2017,High income,EAS,Western Pacific,163490.0,10929.3002607587,1610.73034668,99.5166313791703,90.0577048124737,96.0,95.0,20.469548690625,10.015977665,7.385063630339435,3.018938352074265
GUM,Guam,2018,High income,EAS,Western Pacific,162679.0,10929.3002607587,1610.73034668,99.5191653825242,90.1214796797303,96.0,95.0,20.469548690625,10.015977665,7.385063630339435,3.018938352074265
GUM,Guam,2019,High income,EAS,Western Pacific,161808.0,10929.3002607587,1610.73034668,99.5216993858781,90.1852545469869,96.0,95.0,20.469548690625,10.015977665,7.385063630339435,3.018938352074265
GUM,Guam,2020,High income,EAS,Western Pacific,162158.0,10929.3002607587,1610.73034668,99.5242333892321,90.2490294142436,96.0,95.0,20.469548690625,10.015977665,7.385063630339435,3.018938352074265
GUM,Guam,2021,High income,EAS,Western Pacific,163730.0,10929.3002607587,1610.73034668,99.526767392586,90.3128042815002,96.0,95.0,20.469548690625,10.015977665,7.385063630339435,3.018938352074265
GUM,Guam,2022,High income,EAS,Western Pacific,165180.0,10929.3002607587,1610.73034668,99.5293013959399,90.3765791487569,96.0,95.0,20.469548690625,10.015977665,7.385063630339435,3.018938352074265
GUY,Guyana,2000,High income,LCN,Americas,764832.0,5859.91791902933,62.37635422,89.3211330907679,77.3735224791758,88.0,86.0,46.400112892,170.5512314,4.149090830045966,3.8373018922464914
GUY,Guyana,2001,High income,LCN,Americas,764477.0,6131.2968302103,60.09927368,89.5993039165579,77.9231007582273,85.0,92.0,45.24457475666667,162.7784293,4.112499978709185,3.812082768077675
GUY,Guyana,2002,High income,LCN,Americas,763652.0,6303.90372199923,65.04125214,89.8783543179936,78.4735839467328,91.0,93.0,44.157760999,164.2643875,4.190279579199257,3.7877686986680508
GUY,Guyana,2003,High income,LCN,Americas,763101.0,6392.33315799222,68.19880676,90.1473891418165,79.0141225779314,90.0,89.0,43.12794729466666,163.6638122,4.236983619122355,3.7641712160809773
GUY,Guyana,2004,High income,LCN,Americas,762418.0,6672.82299438544,74.69225311,90.4157865218795,79.6382981091298,91.0,88.0,42.178526350666665,162.3117948,4.326675818482733,3.741911237282101
GUY,Guyana,2005,High income,LCN,Americas,760914.0,6761.1179841322,85.35713959,90.6866289837536,80.2648830646045,93.0,92.0,41.28713280033333,166.4021452,4.458491483166614,3.720550896952462
GUY,Guyana,2006,High income,LCN,Americas,758966.0,7345.94028212224,98.34314728,90.9599679575981,80.8939339660195,93.0,90.0,40.42670210866667,166.5012941,4.598579991077887,3.699490509924116
GUY,Guyana,2007,High income,LCN,Americas,756861.0,8110.02999896567,125.79258728,91.2357144942571,81.525359867427,94.0,96.0,39.573736913,157.522497,4.842552580357369,3.6781656889722063
GUY,Guyana,2008,High income,LCN,Americas,754606.0,8436.51438442543,138.70043945,91.5138620553584,82.1591535902208,93.0,95.0,38.770032702,152.9340683,4.93950041192726,3.6576475951697143
GUY,Guyana,2009,High income,LCN,Americas,752094.0,8824.48960162477,150.21723938,91.7944367446406,82.7953517398292,98.0,97.0,38.02648815366667,146.3150294,5.018717474309473,3.638282973570658
GUY,Guyana,2010,High income,LCN,Americas,749256.0,9336.59830212594,162.70393372,92.0773787759255,83.4338869756963,95.0,95.0,37.244094915666665,140.9824493,5.098059514143351,3.617493406505118
GUY,Guyana,2011,High income,LCN,Americas,746153.0,10066.0729753598,186.11392212,92.362661216299,84.0747338507827,93.0,98.0,36.48764968966667,135.1640516,5.231717640559856,3.596973838663539
GUY,Guyana,2012,High income,LCN,Americas,746288.0,10626.8256674463,201.88832092,92.6609284046395,84.731495888913,97.0,99.0,35.71542153433333,132.9805374,5.3126556844062325,3.575582571262563
GUY,Guyana,2013,High income,LCN,Americas,750021.0,11199.8874744089,211.2910614,92.959244646232,85.3889557997963,98.0,99.0,34.85129388266667,128.1659439,5.357958264195885,3.5510902637100665
GUY,Guyana,2014,High income,LCN,Americas,754229.0,11145.0291198724,216.03759766,93.2581213076168,86.0478440775297,98.0,99.0,33.922710642,120.5850946,5.380070599638478,3.5240847205256562
GUY,Guyana,2015,High income,LCN,Americas,758781.0,11408.473901349,226.89404297,93.5573147268912,86.7079635217248,95.0,99.0,32.962807061333336,117.1701444,5.428880797121072,3.495379867110672
GUY,Guyana,2016,High income,LCN,Americas,763548.0,11516.3798289577,235.91662598,93.8566725487211,87.3692388758564,97.0,99.0,32.003690553333335,114.1220489,5.467708290128901,3.465851225941424
GUY,Guyana,2017,High income,LCN,Americas,768479.0,12243.2225968541,266.86364746,94.1560114941811,88.0315709882197,97.0,99.0,31.066306936,109.8679321,5.590478072905016,3.4361238536430903
GUY,Guyana,2018,High income,LCN,Americas,791556.0,12442.5087185876,296.66903687,94.4550659757955,88.6946981126402,95.0,98.0,30.11827332633333,105.1236936,5.695982254785871,3.40513207480551
GUY,Guyana,2019,High income,LCN,Americas,807665.0,13240.9713761155,314.0977478,94.7537064552483,89.3586157172433,99.0,98.0,29.214174850000003,106.9432745,5.752882901165486,3.374654031554817
GUY,Guyana,2020,High income,LCN,Americas,807481.0,16819.4228714695,364.20135498,95.0516966520853,90.0231335168154,99.0,98.0,28.304223264666664,108.5603897,5.900448858954895,3.3430110254822294
GUY,Guyana,2021,High income,LCN,Americas,815482.0,22865.9270968882,457.86633301,95.3488391542383,90.6881198033659,98.0,95.0,27.398205625666662,188.9982857,6.128758954163826,3.310477523135229
GUY,Guyana,2022,High income,LCN,Americas,821637.0,39710.9695607531,452.23754883,95.6449359016068,91.3010008247863,98.0,97.0,26.53338386433333,82.96077088,6.116416378391661,3.2784037086150875
HKG,"Hong Kong SAR, China",2000,High income,EAS,Europe,6665000.0,28224.5090219727,1610.73034668,98.9070064531479,97.3886755292959,96.0,95.0,20.469548690625,10.015977665,7.385063630339435,3.018938352074265
HKG,"Hong Kong SAR, China",2001,High income,EAS,Europe,6714300.0,28808.8079174675,1610.73034668,98.9655415410239,97.3886755292959,96.0,95.0,20.469548690625,10.015977665,7.385063630339435,3.018938352074265
HKG,"Hong Kong SAR, China",2002,High income,EAS,Europe,6744100.0,29609.7666883704,1610.73034668,99.0240766288998,97.3886755292959,96.0,95.0,20.469548690625,10.015977665,7.385063630339435,3.018938352074265
HKG,"Hong Kong SAR, China",2003,High income,EAS,Europe,6730800.0,31178.6830095146,1610.73034668,99.0826117167757,97.3886755292959,96.0,95.0,20.469548690625,10.015977665,7.385063630339435,3.018938352074265
HKG,"Hong Kong SAR, China",2004,High income,EAS,Europe,6783500.0,34532.2491577194,1610.73034668,99.1411468046516,97.2670420974889,96.0,95.0,20.469548690625,10.015977665,7.385063630339435,3.018938352074265
HKG,"Hong Kong SAR, China",2005,High income,EAS,Europe,6813200.0,38079.5726781956,1610.73034668,99.1996818925276,97.1454086656819,96.0,95.0,20.469548690625,10.015977665,7.385063630339435,3.018938352074265
HKG,"Hong Kong SAR, China",2006,High income,EAS,Europe,6857100.0,41745.5016249309,1610.73034668,99.2582169804035,97.0237752338749,96.0,95.0,20.469548690625,10.015977665,7.385063630339435,3.018938352074265
HKG,"Hong Kong SAR, China",2007,High income,EAS,Europe,6916300.0,45257.6516105824,1610.73034668,99.3167520682794,96.9021418020679,96.0,95.0,20.469548690625,10.015977665,7.385063630339435,3.018938352074265
HKG,"Hong Kong SAR, China",2008,High income,EAS,Europe,6957800.0,46830.2384798239,1610.73034668,99.3752871561554,96.7805083702609,96.0,95.0,20.469548690625,10.015977665,7.385063630339435,3.018938352074265
HKG,"Hong Kong SAR, China",2009,High income,EAS,Europe,6972800.0,45861.4775210139,1610.73034668,99.4338222440313,96.6588749384539,96.0,95.0,20.469548690625,10.015977665,7.385063630339435,3.018938352074265
HKG,"Hong Kong SAR, China",2010,High income,EAS,Europe,7024200.0,49197.6469338098,1610.73034668,99.4923573319072,96.5372415066469,96.0,95.0,20.469548690625,10.015977665,7.385063630339435,3.018938352074265
HKG,"Hong Kong SAR, China",2011,High income,EAS,Europe,7071600.0,52277.4664432843,1610.73034668,99.5508924197831,96.4156080748399,96.0,95.0,20.469548690625,10.015977665,7.385063630339435,3.018938352074265
HKG,"Hong Kong SAR, China",2012,High income,EAS,Europe,7150100.0,52149.6812694206,1610.73034668,99.609427507659,96.293974643033,96.0,95.0,20.469548690625,10.015977665,7.385063630339435,3.018938352074265
HKG,"Hong Kong SAR, China",2013,High income,EAS,Europe,7178900.0,53517.419549888,1610.73034668,99.667962595535,96.172341211226,96.0,95.0,20.469548690625,10.015977665,7.385063630339435,3.018938352074265
HKG,"Hong Kong SAR, China",2014,High income,EAS,Europe,7229500.0,54514.9268059819,1610.73034668,99.7264976834109,96.050707779419,96.0,95.0,20.469548690625,10.015977665,7.385063630339435,3.018938352074265
HKG,"Hong Kong SAR, China",2015,High income,EAS,Europe,7291300.0,56043.042695697,1610.73034668,99.7850327712868,95.929074347612,96.0,95.0,20.469548690625,10.015977665,7.385063630339435,3.018938352074265
HKG,"Hong Kong SAR, China",2016,High income,EAS,Europe,7336600.0,56761.4824132224,1610.73034668,99.8435678591627,95.807440915805,96.0,95.0,20.469548690625,10.015977665,7.385063630339435,3.018938352074265
HKG,"Hong Kong SAR, China",2017,High income,EAS,Europe,7393200.0,59260.9131761938,1610.73034668,99.9021029470387,95.685807483998,96.0,95.0,20.469548690625,10.015977665,7.385063630339435,3.018938352074265
HKG,"Hong Kong SAR, China",2018,High income,EAS,Europe,7452600.0,60900.2752924537,1610.73034668,99.9606380349146,95.564174052191,96.0,95.0,20.469548690625,10.015977665,7.385063630339435,3.018938352074265
HKG,"Hong Kong SAR, China",2019,High income,EAS,Europe,7507900.0,61221.4195400701,1610.73034668,100.0,95.442540620384,96.0,95.0,20.469548690625,10.015977665,7.385063630339435,3.018938352074265
HKG,"Hong Kong SAR, China",2020,High income,EAS,Europe,7481000.0,58187.4764072535,1610.73034668,100.0,95.320907188577,96.0,95.0,20.469548690625,10.015977665,7.385063630339435,3.018938352074265
HKG,"Hong Kong SAR, China",2021,High income,EAS,Europe,7413100.0,65884.9376260603,1610.73034668,100.0,95.19927375677,96.0,95.0,20.469548690625,10.015977665,7.385063630339435,3.018938352074265
HKG,"Hong Kong SAR, China",2022,High income,EAS,Europe,7346100.0,68602.1257900473,1610.73034668,100.0,95.077640324963,96.0,95.0,20.469548690625,10.015977665,7.385063630339435,3.018938352074265
HND,Honduras,2000,Lower middle income,LCN,Americas,6577773.0,2587.42253930427,68.48374939,85.7009621339026,64.5085971386328,94.0,98.0,37.27916741425,81.6586904,4.241092903503566,3.6184346562592538
HND,Honduras,2001,Lower middle income,LCN,Americas,6757993.0,2645.25477555617,67.13735199,86.2042781519171,65.5099238868381,96.0,99.0,35.634935583375004,77.71595433,4.22152555016276,3.5733264932736537
HND,Honduras,2002,Lower middle income,LCN,Americas,6938859.0,2714.5663201945,70.72001648,86.7288882403504,66.5348518759434,95.0,97.0,34.043428223125,75.36672388,4.2727698785193935,3.5276370102417673
HND,Honduras,2003,Lower middle income,LCN,Americas,7119213.0,2820.71404423524,79.65468597,87.2031545778508,67.5560751753573,92.0,95.0,32.538190832875,75.22646705,4.390176905425178,3.4824145019931003
HND,Honduras,2004,Lower middle income,LCN,Americas,7298994.0,3001.29671320439,83.29620361,87.6718091532633,68.5719444585829,94.0,92.0,31.131735294625003,74.29204147,4.434336829711411,3.4382277263828813
HND,Honduras,2005,Lower middle income,LCN,Americas,7478355.0,3203.95918990724,97.86359406,88.133961090874,69.5815268362271,98.0,96.0,29.821859219375,73.47600319,4.593741062265527,3.3952416554606044
HND,Honduras,2006,Lower middle income,LCN,Americas,7656832.0,3437.62296344903,112.11707306,88.5903297607965,70.5856087424602,95.0,95.0,28.607677443625,72.25393341,4.728423327167115,3.3536751238864673
HND,Honduras,2007,Lower middle income,LCN,Americas,7834798.0,3664.0882849454,127.55919647,89.0405738660816,71.583847847539,94.0,94.0,27.47923329825,72.10543553,4.85638947117637,3.313430566610123
HND,Honduras,2008,Lower middle income,LCN,Americas,8012587.0,3806.34706373843,149.05706787,89.4848766199091,72.5764555085287,93.0,93.0,26.43618643975,71.75467517,5.011015674209234,3.2747337700780417
HND,Honduras,2009,Lower middle income,LCN,Americas,8189899.0,3655.79701383106,160.23144531,89.922767090749,73.5629624673739,97.0,98.0,25.466350724375,70.89230606,5.0828408812101085,3.2373580013164793
HND,Honduras,2010,Lower middle income,LCN,Americas,8365878.0,3757.5464206245,165.19970703,90.3547424812176,74.5439099298489,97.0,98.0,24.539424998375,71.62102965,5.113190119664078,3.200281007809188
HND,Honduras,2011,Lower middle income,LCN,Americas,8540583.0,3900.71136173338,182.3137207,90.7803603583435,75.5188630035409,97.0,97.0,23.666418471375,67.5381676,5.211199005835852,3.1640571011932153
HND,Honduras,2012,Lower middle income,LCN,Americas,8715076.0,4016.34609101801,184.04154968,91.2001031419735,76.4883396029045,98.0,97.0,22.823683245625,64.36368046,5.220580392725988,3.127798735687706
HND,Honduras,2013,Lower middle income,LCN,Americas,8889278.0,4137.3268237781,176.421875,91.6134052389382,77.4517887754502,99.0,97.0,22.015539803,61.85652144,5.178530371179987,3.091748558689079
HND,Honduras,2014,Lower middle income,LCN,Americas,9063122.0,4460.05742833175,172.52818298,92.0207347407906,78.409710520334,99.0,97.0,21.233111696125,59.71336596,5.156340024120374,3.055561835682453
HND,Honduras,2015,Lower middle income,LCN,Americas,9237305.0,4845.59566521125,169.97198486,92.421451159935,79.3614899844159,98.0,98.0,20.47968142325,57.10411542,5.141499711852788,3.0194332445449477
HND,Honduras,2016,Lower middle income,LCN,Americas,9412380.0,5186.15897417161,177.8835144,92.8158871236421,80.3074947960451,95.0,98.0,19.742015168375,54.65124383,5.186734836464259,2.982749114325611
HND,Honduras,2017,Lower middle income,LCN,Americas,9588137.0,5620.65455247733,169.07194519,93.203968706641,81.2476858869062,90.0,98.0,19.0369584795,52.96214035,5.136221554523438,2.946382272879092
HND,Honduras,2018,Lower middle income,LCN,Americas,9765210.0,5633.3832384519,178.1494751,93.5856465079255,82.1820517802878,91.0,91.0,18.37280102525,51.75144136,5.188220513799699,2.9108713658423855
HND,Honduras,2019,Lower middle income,LCN,Americas,9943633.0,5784.93081057111,183.75006104,93.9610018338129,83.1107110257034,88.0,89.0,17.74913364375,51.12075399,5.219003890220678,2.8763367059274194
HND,Honduras,2020,Lower middle income,LCN,Americas,10119640.0,5384.69831983038,212.7419281,94.3301083793908,84.0337747326909,80.0,82.0,17.158940108625,57.15551802,5.364769343828965,2.8425193269206224
HND,Honduras,2021,Lower middle income,LCN,Americas,10289877.0,6202.98078812037,253.63349915,94.6929450618276,84.9512648992071,77.0,81.0,16.58240607975,88.24589946,5.539825253076793,2.8083422585842572
HND,Honduras,2022,Lower middle income,LCN,Americas,10463872.0,6805.49358294554,244.90408325,95.0903952846631,85.8633965875938,78.0,77.0,16.0149474945,48.0866681,5.504941554411649,2.7735225045356096
HRV,Croatia,2000,High income,ECS,Europe,4468302.0,10674.5257032509,385.78341675,98.6451317481292,98.451172519388,93.0,93.0,8.326105068333334,7.56470165,5.957864889728321,2.1193957679981494
HRV,Croatia,2001,High income,ECS,Europe,4299642.0,11652.9401300524,387.8130188,98.6513600849869,98.4543940798405,94.0,94.0,8.018372707666666,7.445577996,5.963098556593589,2.0817354970096003
HRV,Croatia,2002,High income,ECS,Europe,4302174.0,12774.6276276714,386.41821289,98.7625377853519,98.2933337796124,95.0,95.0,7.701021286666666,7.341824976,5.959504763006687,2.0413529546964777
HRV,Croatia,2003,High income,ECS,Europe,4303399.0,13691.5569233489,511.99743652,98.8729620215358,98.0735685776892,94.0,94.0,8.140994259333333,7.6935402,6.240270848121248,2.0969123174366153
HRV,Croatia,2004,High income,ECS,Europe,4304600.0,14686.110676691,633.98242188,98.9792715341788,97.8545220724704,96.0,96.0,7.047594145666667,7.079728947,6.453597316430796,1.9526863026493146
HRV,Croatia,2005,High income,ECS,Europe,4310145.0,15450.8118988907,726.6114502,99.0847905577496,97.6362088912943,96.0,96.0,6.729909679333333,6.840055485,6.589767183463518,1.9065617229623197
HRV,Croatia,2006,High income,ECS,Europe,4311159.0,17628.7006021513,815.39093018,99.1895126647337,97.4186224972522,96.0,95.0,6.424749853333334,6.446404302,6.704893321344336,1.8601576966900284
HRV,Croatia,2007,High income,ECS,Europe,4310217.0,19567.5566152741,1040.44995117,99.2934392263667,97.201764016731,96.0,96.0,6.14134357,6.261743102,6.948369204980839,1.8150435406964753
HRV,Croatia,2008,High income,ECS,Europe,4309705.0,21017.9485954363,1258.09594727,99.3965737483077,96.9856368305825,96.0,96.0,5.881308870666667,6.103225793,7.138149240250986,1.771779334191642
HRV,Croatia,2009,High income,ECS,Europe,4305181.0,20358.3147167823,1187.34326172,99.4989155320278,96.7702400027243,96.0,95.0,5.651421713333334,5.860010253,7.080315399028975,1.7319071441831264
HRV,Croatia,2010,High income,ECS,Europe,4295427.0,20139.2955371548,1126.81970215,99.6004621496266,96.555570839204,97.0,96.0,5.449736229,5.554882988,7.028041580762963,1.695567209155291
HRV,Croatia,2011,High income,ECS,Europe,4280622.0,21190.7130553097,1134.88916016,99.7012086254188,96.3415946710198,96.0,96.0,5.280222155666666,5.218373856,7.035171024239117,1.6639681717699135
HRV,Croatia,2012,High income,ECS,Europe,4260368.0,21618.825625842,1034.02124023,99.8012216684385,96.1289814804925,96.0,95.0,5.145822148,4.967401252,6.94217722745025,1.6381851520497075
HRV,Croatia,2013,High income,ECS,Europe,4233922.0,22429.8502256715,894.07080078,99.9003820151375,95.9178030204647,96.0,94.0,5.043468436666667,4.572931983,6.79690282216282,1.618094027273019
HRV,Croatia,2014,High income,ECS,Europe,4201598.0,22706.1799469484,915.2689209,99.9005681639486,95.7081981742449,95.0,94.0,4.966393121333334,4.388233666,6.820309903355994,1.6026938465249412
HRV,Croatia,2015,High income,ECS,Europe,4151725.0,23749.636747943,803.41619873,99.9007659561635,95.7190097005678,94.0,93.0,4.904211927,3.944803262,6.690116795351132,1.5900944128306693
HRV,Croatia,2016,High income,ECS,Europe,4106867.0,25802.6823323622,851.92492676,99.9009796453255,95.7305312019132,93.0,90.0,4.852178254,3.71811679,6.748671532786142,1.5794277286592378
HRV,Croatia,2017,High income,ECS,Europe,4041407.0,27887.7588440919,919.22418213,99.9012135113564,95.7427708106791,92.0,89.0,4.803983116333334,3.584092271,6.824617316587117,1.5694453897097573
HRV,Croatia,2018,High income,ECS,Europe,3988775.0,29789.1305400916,1045.14904785,99.9014519632488,95.7545423447665,93.0,93.0,4.759879008333333,3.316537819,6.952871127638118,1.560222249502908
HRV,Croatia,2019,High income,ECS,Europe,3949390.0,33063.9101734438,1063.54443359,99.9017118309549,95.7669528953151,94.0,93.0,4.717271401333334,3.514088393,6.970302224739986,1.5512305394994628
HRV,Croatia,2020,High income,ECS,Europe,3914206.0,31594.0111922141,1123.37963867,99.9019753269295,95.7800263365526,94.0,91.0,4.676433493,5.204592663,7.024986730250484,1.5425357452581439
HRV,Croatia,2021,High income,ECS,Europe,3878981.0,36930.2841941405,1423.52905273,99.9022621135501,95.7936994032533,92.0,89.0,4.6378162283333335,12.31916311,7.261596548766843,1.5342436150067855
HRV,Croatia,2022,High income,ECS,Europe,3855641.0,42125.0726930931,1328.80371094,99.9025569316728,98.89632012252255,92.0,90.0,4.601269708666667,5.537338771,7.192786624564551,1.526332289030726
HTI,Haiti,2000,Lower middle income,LCN,Americas,8303151.0,2228.50133637731,30.35855865,54.3912791265866,19.4402337637977,44.0,54.0,103.425533752125,439.6234273,3.4454872330101325,4.638851873099206
HTI,Haiti,2001,Lower middle income,LCN,Americas,8455918.0,2229.84396723075,27.39323044,55.6370732142044,20.1252072093036,47.0,54.0,99.9334363025,428.1749605,3.3461507519650264,4.604504327378443
HTI,Haiti,2002,Lower middle income,LCN,Americas,8607641.0,2247.97896614654,22.36586189,56.8689780584715,20.802648871567,51.0,53.0,96.74672679675,410.3823591,3.1512760635525034,4.572096499779452
HTI,Haiti,2003,Lower middle income,LCN,Americas,8759912.0,2330.91873933383,18.60943604,58.0834240924689,21.4706205681824,54.0,53.0,93.922802070625,384.7108467,2.97601088099818,4.542473190287904
HTI,Haiti,2004,Lower middle income,LCN,Americas,8910263.0,2322.19786798691,24.0406456,58.9700056214304,21.9995783229731,57.0,53.0,91.365376547625,427.2679615,3.2205003286471325,4.514866594303343
HTI,Haiti,2005,Lower middle income,LCN,Americas,9061273.0,2427.44808551393,25.25854683,59.8048339456041,22.5049412936123,60.0,53.0,89.052429415375,355.0723614,3.267991529567374,4.489225290838832
HTI,Haiti,2006,Lower middle income,LCN,Americas,9216562.0,2503.65932681978,29.11877251,60.624746654321,23.0018363162708,61.0,55.0,86.896826913625,367.6344653,3.4051486487812004,4.464721517377125
HTI,Haiti,2007,Lower middle income,LCN,Americas,9373296.0,2647.4953861343,37.59618378,61.4285173392054,23.4895119944276,63.0,57.0,84.86285133475,382.5966124,3.6531534057801305,4.44103643966633
HTI,Haiti,2008,Lower middle income,LCN,Americas,9530774.0,2724.45922826633,40.445961,62.2174731426429,23.9682677015387,64.0,59.0,82.9129064305,394.0857087,3.7243904341314047,4.4177907367603595
HTI,Haiti,2009,Lower middle income,LCN,Americas,9689581.0,2855.15971385494,41.39894867,62.9888052938028,24.4367113848506,65.0,62.0,81.048238123,396.6896752,3.7471235664116302,4.395044509796118
HTI,Haiti,2010,Lower middle income,LCN,Americas,9803294.0,2694.91104137315,55.73518753,63.7442876328599,24.8953249600046,67.0,63.0,136.629547528625,396.4023241,4.038394609604548,4.917273230690261
HTI,Haiti,2011,Lower middle income,LCN,Americas,9914904.0,2858.19645979435,77.12206268,64.4832332548174,25.3435874681096,68.0,65.0,77.3758641715,409.2769668,4.358272509653754,4.348674899556285
HTI,Haiti,2012,Lower middle income,LCN,Americas,10069771.0,2830.19080559709,75.08546448,65.2057837814604,25.7813149858061,66.0,66.0,75.521080554625,385.2959963,4.331857241104709,4.324411829926423
HTI,Haiti,2013,Lower middle income,LCN,Americas,10222362.0,3042.4970687871,59.38277435,65.9105551526185,26.2077250672239,65.0,68.0,73.70517668125001,380.3609216,4.100703871384751,4.300073036636997
HTI,Haiti,2014,Lower middle income,LCN,Americas,10373235.0,3075.73843837062,65.10858917,66.5988959372951,26.6231188972666,63.0,69.0,71.8661885185,372.7467022,4.191298680473391,4.274805897076974
HTI,Haiti,2015,Lower middle income,LCN,Americas,10523242.0,3025.83461728258,68.50547791,67.2702221922087,27.0270378862153,64.0,69.0,69.8973651015,363.7478263,4.241405568313625,4.24702795327177
HTI,Haiti,2016,Lower middle income,LCN,Americas,10671457.0,3253.47178641614,60.06819153,67.9200663191655,27.4175706296699,59.0,67.0,67.91201485475,356.1367594,4.111991133729595,4.218212968170918
HTI,Haiti,2017,Lower middle income,LCN,Americas,10817754.0,3339.38884653446,53.80579758,68.5471165461434,27.7940822522494,60.0,65.0,66.044241693125,350.6207314,4.003795983613521,4.190324846140217
HTI,Haiti,2018,Lower middle income,LCN,Americas,10962362.0,3196.97386370614,62.30102539,69.1522570020031,28.1567904087872,57.0,70.0,64.140239703375,358.4647528,4.147901527913085,4.161071931448157
HTI,Haiti,2019,Lower middle income,LCN,Americas,11105163.0,3236.97492504607,49.32995987,69.7360086923955,28.5057820115222,54.0,74.0,62.278799098625,350.6243203,3.9186005234503782,4.131621064484211
HTI,Haiti,2020,Lower middle income,LCN,Americas,11243848.0,3103.18066312462,52.2158699,70.4880763209359,28.6576196940519,58.0,74.0,60.37183573525,346.2572748,3.974356658254071,4.100522700417081
HTI,Haiti,2021,Lower middle income,LCN,Americas,11374586.0,3145.00681057269,59.89406204,71.2216853162772,28.793303113228,48.0,63.0,58.51399897675,384.6512029,4.109135666513805,4.069266024358296
HTI,Haiti,2022,Lower middle income,LCN,Americas,11503606.0,3275.40718126345,52.28417587,71.9372349296848,28.9133013445226,48.0,66.0,56.83140379625,330.8486443,3.9756393990993386,4.04008905668
HUN,Hungary,2000,High income,ECS,Europe,10210971.0,11871.6712053699,313.10858154,93.8958473145808,98.0437275919474,99.0,99.0,10.099642774,13.82028085,5.749738727215641,2.312500054310828
HUN,Hungary,2001,High income,ECS,Europe,10187576.0,13222.7298612624,359.69750977,94.1936032568207,98.0429567293229,99.0,99.0,9.522405037666667,12.99142553,5.88803968400432,2.25364744690469
HUN,Hungary,2002,High income,ECS,Europe,10158608.0,14532.3075182088,473.12783813,94.5133631793189,98.0396092982152,99.0,99.0,8.948597089333333,13.08633644,6.1614769860285845,2.1914967702050725
HUN,Hungary,2003,High income,ECS,Europe,10129552.0,15459.9630651172,682.86566162,94.8298573084003,98.0362810525522,99.0,99.0,8.41641359,12.70732348,6.52776149719297,2.1301837980863407
HUN,Hungary,2004,High income,ECS,Europe,10107146.0,16250.6523854316,798.45361328,95.1432578822385,98.0329662219326,99.0,99.0,7.939481518333333,12.29206209,6.6839285109285145,2.071847973168891
HUN,Hungary,2005,High income,ECS,Europe,10087065.0,17091.2761318193,895.20330811,95.4573933854111,98.029143037033,99.0,99.0,7.532395050333334,12.69445739,6.798167293608341,2.0192130590123227
HUN,Hungary,2006,High income,ECS,Europe,10071370.0,18361.9963871537,893.20300293,95.7715235232241,98.0248277713699,99.0,99.0,7.172546622333333,12.41964831,6.795932822025062,1.9702607690032967
HUN,Hungary,2007,High income,ECS,Europe,10055780.0,19089.2936988152,1003.25805664,96.0814951789226,98.0205413460237,99.0,99.0,6.832131816,13.43133956,6.912004295751398,1.9216367502111507
HUN,Hungary,2008,High income,ECS,Europe,10038188.0,20708.7615120316,1117.20227051,96.3873549222455,98.0162854643745,99.0,99.0,6.5071521846666665,13.13201069,7.019477559094866,1.8729019080780935
HUN,Hungary,2009,High income,ECS,Europe,10022650.0,20691.4485224486,943.68774414,96.6891082048051,98.0120750590408,99.0,99.0,6.231179121333334,13.2932269,6.850854443408411,1.82956557995252
HUN,Hungary,2010,High income,ECS,Europe,10000023.0,21690.9866477738,983.11083984,96.9842340521877,98.0084003041022,99.0,99.0,6.026059626333333,12.83221693,6.891738532822428,1.7960933355037183
HUN,Hungary,2011,High income,ECS,Europe,9971727.0,22992.2184657584,1063.43237305,97.2758562444965,98.0047619310782,99.0,99.0,5.873096405999999,13.51042887,6.970196953005927,1.7703819915256966
HUN,Hungary,2012,High income,ECS,Europe,9920362.0,23205.310668404,961.1383667,97.5597402653732,98.0021500731039,99.0,99.0,5.729113505333333,13.2153741,6.869158272651311,1.7455608076465385
HUN,Hungary,2013,High income,ECS,Europe,9872734.0,24591.6380503055,991.98742676,97.8398540702921,97.9999085136149,99.0,99.0,5.559072549666666,13.24234662,6.900718002091899,1.7154312867346448
HUN,Hungary,2014,High income,ECS,Europe,9833038.0,25796.2100959256,1008.92950439,98.1178998940875,97.9976794505183,99.0,99.0,5.337308867333333,13.43353596,6.917635809765674,1.674721568514664
HUN,Hungary,2015,High income,ECS,Europe,9797755.0,26937.7320818864,874.04138184,98.3938802461663,97.9954541400148,99.0,99.0,5.045549738333333,13.49472223,6.774271178770739,1.6185066148330947
HUN,Hungary,2016,High income,ECS,Europe,9759755.0,28178.9450366919,918.94506836,98.6679484290121,97.9931789584607,99.0,99.0,4.733382896333333,13.31010783,6.824313959956126,1.5546401469406221
HUN,Hungary,2017,High income,ECS,Europe,9726756.0,29728.0121568801,990.90808105,98.9400107789492,97.9908758837113,99.0,99.0,4.464345758333334,13.70126493,6.899630442759793,1.4961226769033154
HUN,Hungary,2018,High income,ECS,Europe,9706964.0,32258.2577892511,1087.64611816,99.2100381980227,97.9885191913956,99.0,99.0,4.266848975666667,13.70038752,6.99269010975459,1.4508756100164932
HUN,Hungary,2019,High income,ECS,Europe,9694824.0,35627.2315520858,1062.15869141,99.4779522735121,97.9861309569959,99.0,99.0,4.12933646,13.10517965,6.968999653568615,1.418116730626932
HUN,Hungary,2020,High income,ECS,Europe,9670419.0,35583.5855675637,1182.54138184,99.7437164369776,97.9837062795673,99.0,99.0,4.0313503693333335,18.49569119,7.07626639398703,1.3941013990711215
HUN,Hungary,2021,High income,ECS,Europe,9630932.0,38887.1909527154,1392.97460938,99.9722511315841,97.9812382429156,99.0,99.0,3.957662974,29.67370586,7.239914376936511,1.3756536929737557
HUN,Hungary,2022,High income,ECS,Europe,9605074.0,44365.9108128343,1228.00231934,99.9999990521068,97.9787350415865,99.0,99.0,3.883213819666667,13.52024533,7.113957996740821,1.3566631148185053
IDN,Indonesia,2000,Upper middle income,EAS,Western Pacific,216077790.0,4639.03942639464,15.39148712,75.7755519212516,41.5831787269392,75.0,76.0,51.897323992625005,311.2423413,2.7967621220137238,3.9492672280067955
IDN,Indonesia,2001,Upper middle income,EAS,Western Pacific,219097902.0,4848.55580110852,16.8734417,76.7750513576089,43.534313765172,76.0,76.0,49.52612337675,300.1962727,2.883315907157504,3.902500275351084
IDN,Indonesia,2002,Upper middle income,EAS,Western Pacific,222088495.0,5076.16438159536,18.97848511,77.764828826511,45.5010531020753,70.0,72.0,47.286603163875,283.4772492,2.9946559500255816,3.856227024172637
IDN,Indonesia,2003,Upper middle income,EAS,Western Pacific,225048008.0,5352.50750391531,25.51065636,78.7445787552337,47.4821079251045,71.0,74.0,45.171301895,278.8895439,3.27754677895332,3.8104619713676127
IDN,Indonesia,2004,Upper middle income,EAS,Western Pacific,227926649.0,5700.04949535761,25.98270035,79.7146661275456,49.4772142680194,71.0,76.0,49.10618809775,283.3133149,3.2951959328727867,3.8939850573633716
IDN,Indonesia,2005,Upper middle income,EAS,Western Pacific,230871650.0,6134.1667301082,34.09753036,80.6739527502828,51.4837806650068,72.0,77.0,41.33040825375,268.0731401,3.558130767882471,3.721598506378315
IDN,Indonesia,2006,Upper middle income,EAS,Western Pacific,233951652.0,6583.35112358046,44.3965683,81.6230405666446,53.5018961119134,72.0,79.0,39.5779097715,264.1546264,3.8154365140846505,3.678271128560103
IDN,Indonesia,2007,Upper middle income,EAS,Western Pacific,237062337.0,7096.38768916734,55.99677658,82.5614830626383,55.5300293728108,73.0,76.0,37.93521111525,256.653307,4.042994715007399,3.63587973395842
IDN,Indonesia,2008,Upper middle income,EAS,Western Pacific,240157903.0,7569.25304691272,59.24273682,83.4896329573105,57.5678736084239,77.0,76.0,36.40338680275,250.9030307,4.09838201439855,3.5946618143459608
IDN,Indonesia,2009,Upper middle income,EAS,Western Pacific,243220028.0,7868.14818333554,62.4021759,84.3913253324257,59.6133891473514,78.0,74.0,34.94381565675,245.5681924,4.149498181043531,3.5537415047179
IDN,Indonesia,2010,Upper middle income,EAS,Western Pacific,246305322.0,8353.45684733249,85.55950165,85.1661850718562,61.6611213279716,81.0,78.0,33.552048477375,241.8579638,4.46083205780341,3.5130979190016
IDN,Indonesia,2011,Upper middle income,EAS,Western Pacific,249470032.0,8936.99215549454,107.00540161,85.6378136701144,63.6913657210041,81.0,80.0,32.21889460925,230.4643653,4.682181240780923,3.472553069564096
IDN,Indonesia,2012,Upper middle income,EAS,Western Pacific,252698525.0,9530.29071136718,105.85425568,86.0745858271754,65.7302519834107,87.0,82.0,30.940026485125,220.2818086,4.67146580951671,3.4320507011602293
IDN,Indonesia,2013,Upper middle income,EAS,Western Pacific,255852467.0,9866.01699250847,102.33824921,86.4972383225177,67.7766235595933,92.0,87.0,29.71598467075,208.4726027,4.638007580679523,3.3916851054309665
IDN,Indonesia,2014,Upper middle income,EAS,Western Pacific,258877399.0,10064.677127417,102.00482178,86.9065589204206,69.8304612551161,88.0,86.0,28.54103993,198.4176163,4.6347758005319815,3.3513430490162506
IDN,Indonesia,2015,Upper middle income,EAS,Western Pacific,261799249.0,10027.5372996025,96.15701294,87.3023728948535,71.8904398574445,84.0,87.0,27.421775453625003,190.1884546,4.576328359939677,3.311337422352509
IDN,Indonesia,2016,Upper middle income,EAS,Western Pacific,264627418.0,10262.5951651871,106.40021515,87.6849895715078,73.9559310852412,84.0,88.0,26.35893136825,181.753252,4.676562185331603,3.2718071689130737
IDN,Indonesia,2017,Upper middle income,EAS,Western Pacific,267346658.0,10687.6409218443,110.32610321,88.0541295680055,76.0256805835892,85.0,90.0,25.363308243125,173.117205,4.712463760972273,3.2333035722883303
IDN,Indonesia,2018,Upper middle income,EAS,Western Pacific,269951846.0,11372.0971987612,110.71585846,88.410420237217,78.0995418857349,85.0,89.0,24.4375017835,168.1071681,4.715958669677344,3.196118910727679
IDN,Indonesia,2019,Upper middle income,EAS,Western Pacific,272489381.0,11986.4701508376,118.22380829,88.7538936468124,80.1767467592482,85.0,88.0,23.595733523125,161.194391,4.781002468663584,3.1610659127699305
IDN,Indonesia,2020,Upper middle income,EAS,Western Pacific,274814866.0,11729.3674458448,131.8225708,89.0851606060889,82.2571090356155,77.0,76.0,22.775399514,184.4357347,4.889014183443999,3.1256809847704323
IDN,Indonesia,2021,Upper middle income,EAS,Western Pacific,276758053.0,12757.0746440204,158.89761353,89.4041137814594,84.339850898343,67.0,72.0,22.007402633875,226.4617341,5.074533694963055,3.091378880118441
IDN,Indonesia,2022,Upper middle income,EAS,Western Pacific,278830529.0,14284.929293133,127.44384766,89.7113532580834,85.6486611717997,91.0,92.0,21.28106723275,148.2435072,4.855491825639635,3.057817815130822
IMN,Isle of Man,2000,High income,ECS,Europe,75659.0,10929.3002607587,1610.73034668,95.08595516798411,100.0,96.0,95.0,20.469548690625,10.015977665,7.385063630339435,3.018938352074265
IMN,Isle of Man,2001,High income,ECS,Europe,76476.0,10929.3002607587,1610.73034668,95.08595516798411,100.0,96.0,95.0,20.469548690625,10.015977665,7.385063630339435,3.018938352074265
IMN,Isle of Man,2002,High income,ECS,Europe,77275.0,10929.3002607587,1610.73034668,95.08595516798411,100.0,96.0,95.0,20.469548690625,10.015977665,7.385063630339435,3.018938352074265
IMN,Isle of Man,2003,High income,ECS,Europe,78049.0,10929.3002607587,1610.73034668,95.08595516798411,100.0,96.0,95.0,20.469548690625,10.015977665,7.385063630339435,3.018938352074265
IMN,Isle of Man,2004,High income,ECS,Europe,78792.0,10929.3002607587,1610.73034668,95.08595516798411,100.0,96.0,95.0,20.469548690625,10.015977665,7.385063630339435,3.018938352074265
IMN,Isle of Man,2005,High income,ECS,Europe,79516.0,10929.3002607587,1610.73034668,95.08595516798411,100.0,96.0,95.0,20.469548690625,10.015977665,7.385063630339435,3.018938352074265
IMN,Isle of Man,2006,High income,ECS,Europe,80294.0,10929.3002607587,1610.73034668,95.08595516798411,100.0,96.0,95.0,20.469548690625,10.015977665,7.385063630339435,3.018938352074265
IMN,Isle of Man,2007,High income,ECS,Europe,81147.0,10929.3002607587,1610.73034668,95.08595516798411,100.0,96.0,95.0,20.469548690625,10.015977665,7.385063630339435,3.018938352074265
IMN,Isle of Man,2008,High income,ECS,Europe,82029.0,10929.3002607587,1610.73034668,95.08595516798411,100.0,96.0,95.0,20.469548690625,10.015977665,7.385063630339435,3.018938352074265
IMN,Isle of Man,2009,High income,ECS,Europe,82939.0,10929.3002607587,1610.73034668,98.6560556451613,100.0,96.0,95.0,20.469548690625,10.015977665,7.385063630339435,3.018938352074265
IMN,Isle of Man,2010,High income,ECS,Europe,83873.0,10929.3002607587,1610.73034668,98.6560556451613,100.0,96.0,95.0,20.469548690625,10.015977665,7.385063630339435,3.018938352074265
IMN,Isle of Man,2011,High income,ECS,Europe,84382.0,10929.3002607587,1610.73034668,98.6560556451613,100.0,96.0,95.0,20.469548690625,10.015977665,7.385063630339435,3.018938352074265
IMN,Isle of Man,2012,High income,ECS,Europe,84335.0,10929.3002607587,1610.73034668,98.6560556451613,100.0,96.0,95.0,20.469548690625,10.015977665,7.385063630339435,3.018938352074265
IMN,Isle of Man,2013,High income,ECS,Europe,84141.0,10929.3002607587,1610.73034668,98.6560556451613,100.0,96.0,95.0,20.469548690625,10.015977665,7.385063630339435,3.018938352074265
IMN,Isle of Man,2014,High income,ECS,Europe,83892.0,10929.3002607587,1610.73034668,98.7924774193548,100.0,96.0,95.0,20.469548690625,10.015977665,7.385063630339435,3.018938352074265
IMN,Isle of Man,2015,High income,ECS,Europe,83593.0,10929.3002607587,1610.73034668,98.9288991935484,100.0,96.0,95.0,20.469548690625,10.015977665,7.385063630339435,3.018938352074265
IMN,Isle of Man,2016,High income,ECS,Europe,83466.0,10929.3002607587,1610.73034668,99.0653209677419,100.0,96.0,95.0,20.469548690625,10.015977665,7.385063630339435,3.018938352074265
IMN,Isle of Man,2017,High income,ECS,Europe,83609.0,10929.3002607587,1610.73034668,99.2017427419355,100.0,96.0,95.0,20.469548690625,10.015977665,7.385063630339435,3.018938352074265
IMN,Isle of Man,2018,High income,ECS,Europe,83805.0,10929.3002607587,1610.73034668,99.338164516129,100.0,96.0,95.0,20.469548690625,10.015977665,7.385063630339435,3.018938352074265
IMN,Isle of Man,2019,High income,ECS,Europe,83957.0,10929.3002607587,1610.73034668,99.4745862903226,100.0,96.0,95.0,20.469548690625,10.015977665,7.385063630339435,3.018938352074265
IMN,Isle of Man,2020,High income,ECS,Europe,84064.0,10929.3002607587,1610.73034668,99.6110080645161,100.0,96.0,95.0,20.469548690625,10.015977665,7.385063630339435,3.018938352074265
IMN,Isle of Man,2021,High income,ECS,Europe,84106.0,10929.3002607587,1610.73034668,99.7474298387097,100.0,96.0,95.0,20.469548690625,10.015977665,7.385063630339435,3.018938352074265
IMN,Isle of Man,2022,High income,ECS,Europe,84132.0,10929.3002607587,1610.73034668,99.8838516129032,100.0,96.0,95.0,20.469548690625,10.015977665,7.385063630339435,3.018938352074265
IND,India,2000,Lower middle income,SAS,South-East Asia,1057922733.0,2090.85806894486,18.47883415,79.4918924474821,14.6638821125248,58.0,56.0,91.666409019,362.2967683,2.969328447860764,4.518155998292693
IND,India,2001,Lower middle income,SAS,South-East Asia,1077898575.0,2199.53910446478,19.74444199,80.0659857611388,17.2206798996747,59.0,57.0,88.06437895637501,349.1435332,3.032278354893293,4.4780681260544135
IND,India,2002,Lower middle income,SAS,South-East Asia,1097600380.0,2277.06974775051,20.15651703,80.7684916224213,19.9645829063411,59.0,56.0,84.550257132625,330.1164081,3.051947991834962,4.437346116530089
IND,India,2003,Lower middle income,SAS,South-East Asia,1116803006.0,2461.48251610861,21.89380074,81.4693446422868,22.7256519741888,61.0,60.0,81.105455032,312.9910189,3.130866163867948,4.3957502218926034
IND,India,2004,Lower middle income,SAS,South-East Asia,1135991513.0,2681.86116841254,24.9240799,82.1686302902513,25.504088846955,63.0,64.0,77.7397313055,296.3672521,3.2551722626468176,4.353366469095747
IND,India,2005,Lower middle income,SAS,South-East Asia,1154676322.0,2936.80322011933,27.49770737,82.8660018054267,28.2988919138167,65.0,68.0,74.431462009625,276.5314878,3.349823640880986,4.309878728925443
IND,India,2006,Lower middle income,SAS,South-East Asia,1172878890.0,3220.62692939401,29.37600899,83.5615500374212,31.1102746501892,65.0,69.0,71.152575212625,258.3269913,3.413653118886792,4.2648265180147416
IND,India,2007,Lower middle income,SAS,South-East Asia,1190676021.0,3508.06183171605,35.63138962,84.2553439378038,33.9383850862219,64.0,70.0,67.87627718675,240.2857908,3.600905512735083,4.217686594824765
IND,India,2008,Lower middle income,SAS,South-East Asia,1207930964.0,3633.36783240716,37.65440369,84.9473094624581,36.7829765979312,70.0,72.0,64.618111422125,222.7045931,3.654660706188568,4.168494734065909
IND,India,2009,Lower middle income,SAS,South-East Asia,1225524753.0,3886.58197693247,38.05965042,85.6371461321776,39.6431708126058,74.0,78.0,61.396803002375,205.049556,3.6650899755876942,4.117357765432264
IND,India,2010,Lower middle income,SAS,South-East Asia,1243481564.0,4206.45986002117,44.79586029,86.3249166723471,42.5191116694177,79.0,82.0,58.20511748425,188.3309128,3.824193700353794,4.063973280154485
IND,India,2011,Lower middle income,SAS,South-East Asia,1261224954.0,4454.70153200513,48.18242264,87.0106732998892,45.4108795020998,82.0,84.0,55.051073213625,173.3934629,3.8955362962498494,4.008261358230703
IND,India,2012,Lower middle income,SAS,South-East Asia,1278674502.0,4819.64288218731,48.45263672,87.6951918936397,48.3205923569019,82.0,83.0,52.007521785875,160.0675755,3.901015377577443,3.9513883578490296
IND,India,2013,Lower middle income,SAS,South-East Asia,1295829511.0,5014.3505659078,55.46933746,88.3781430142448,51.2472926178236,83.0,83.0,49.072798130875,148.1465251,4.033697791014537,3.8933048717259973
IND,India,2014,Lower middle income,SAS,South-East Asia,1312277191.0,5191.59149903249,56.3490181,89.0593975763785,54.1905506719672,85.0,85.0,46.271899813625,136.9139035,4.049155722243109,3.8345348613719783
IND,India,2015,Lower middle income,SAS,South-East Asia,1328024498.0,5425.03599091046,58.12401581,89.7387066732488,57.1496392627885,87.0,87.0,43.60489331775,128.5131552,4.079637200753891,3.7751693761159286
IND,India,2016,Lower middle income,SAS,South-East Asia,1343944296.0,5800.48149366552,59.72652817,90.4158282525921,60.1238284933312,88.0,88.0,41.08161190425,120.7544123,4.10638063998946,3.7155606224660715
IND,India,2017,Lower middle income,SAS,South-East Asia,1359657400.0,6144.71714444938,56.66844559,91.0905825625786,63.1125583715917,89.0,90.0,38.678676442875,113.0118619,4.05471015373537,3.6552884518733477
IND,India,2018,Lower middle income,SAS,South-East Asia,1374659064.0,6714.96639877754,57.46551132,91.7626505318817,66.1148742165368,90.0,93.0,36.43826221325,107.0050258,4.068437030299355,3.595619382265853
IND,India,2019,Lower middle income,SAS,South-East Asia,1389030312.0,7150.92423452926,60.6913681,92.4317828217009,69.1300220717047,91.0,95.0,34.3206729745,101.0540697,4.122144019989744,3.535747883241614
IND,India,2020,Lower middle income,SAS,South-East Asia,1402617695.0,6966.27542785911,63.83099747,93.0977309081783,72.0482326780192,85.0,89.0,32.3575304295,100.5309048,4.171783845000981,3.4768467737496827
IND,India,2021,Lower middle income,SAS,South-East Asia,1414203896.0,8050.01857452664,75.54971313,93.760281159736,74.9328568041953,85.0,89.0,30.601648924625,154.7977765,4.337940374611367,3.4210538939321675
IND,India,2022,Lower middle income,SAS,South-East Asia,1425423212.0,9207.12743040145,81.50888824,94.4191311935781,77.8161883735175,93.0,95.0,29.07876302425,89.64524763,4.412906023779928,3.3700081147678165
IRL,Ireland,2000,High income,ECS,Europe,3805174.0,30215.9324896691,1564.83764648,96.6432181326014,90.0039815195189,86.0,79.0,7.1489872236666665,8.043108635,7.356176197153237,1.9669706996333998
IRL,Ireland,2001,High income,ECS,Europe,3866243.0,32573.4634024331,1823.73474121,96.6636726128136,89.9934206605421,84.0,73.0,6.881606536333333,7.371575599,7.50918990817046,1.9288521328744432
IRL,Ireland,2002,High income,ECS,Europe,3931947.0,35222.028724352,2200.35742188,96.6839393286038,89.9824305641103,83.0,73.0,6.489993562666666,6.756031711,7.696829459019488,1.8702615388305555
IRL,Ireland,2003,High income,ECS,Europe,3996521.0,36280.4827472575,2910.93212891,96.7038676944039,89.9700431850216,86.0,78.0,6.034636391333334,5.959148712,7.976572101665147,1.7975156027482
IRL,Ireland,2004,High income,ECS,Europe,4070262.0,38729.2468204554,3483.16064453,96.7236314451944,89.9574538006016,89.0,81.0,5.580770827333333,6.195511912,8.155982446131555,1.7193269079517801
IRL,Ireland,2005,High income,ECS,Europe,4159914.0,40466.2343515711,3938.19116211,96.743244411118,89.944799688173,90.0,84.0,5.172080870333333,6.334764706,8.27873069241278,1.6432750969693728
IRL,Ireland,2006,High income,ECS,Europe,4273591.0,44222.6536034198,4147.1328125,96.7628104274409,89.9326745170445,91.0,86.0,4.846067155666667,5.98256871,8.33041358727946,1.5781674802567671
IRL,Ireland,2007,High income,ECS,Europe,4398942.0,46782.3762067243,4858.64501953,96.7827341812859,89.923319628906,92.0,87.0,4.606928019333334,5.639613541,8.488720672977927,1.5275612616366556
IRL,Ireland,2008,High income,ECS,Europe,4489544.0,44169.0943411644,5638.77929688,96.8025424077574,89.9138931088148,93.0,89.0,4.428102393,6.338801665,8.637600211967571,1.487971138562775
IRL,Ireland,2009,High income,ECS,Europe,4535375.0,41491.4741532831,5502.88769531,96.822240012762,89.9043585226446,94.0,90.0,4.285001010999999,6.064947724,8.61320997520988,1.4551207879890384
IRL,Ireland,2010,High income,ECS,Europe,4560155.0,43212.2040003212,5133.45507813,96.8418255162662,89.8947557932751,94.0,90.0,4.163343753666667,5.509487791,8.543728997574854,1.4263185383485504
IRL,Ireland,2011,High income,ECS,Europe,4580084.0,45525.7181239042,5538.00195313,96.8612904708571,89.8850354586049,95.0,92.0,4.056649364,6.219100944,8.619569610647233,1.4003573530798306
IRL,Ireland,2012,High income,ECS,Europe,4599533.0,46726.2157665366,5187.27197266,96.8806445019551,89.8752066389218,95.0,92.0,3.960127857333333,5.712291828,8.554155967473994,1.3762763119505557
IRL,Ireland,2013,High income,ECS,Europe,4623816.0,48838.7719825525,5295.52050781,96.8998874189889,89.8653106033212,96.0,93.0,3.863232688,5.024028894,8.57480537598412,1.3515043169205654
IRL,Ireland,2014,High income,ECS,Europe,4657740.0,52640.7843918553,5309.90380859,96.9190141649512,89.8553013523079,96.0,93.0,3.761012734,4.738110199,8.577517308526126,1.324688265284116
IRL,Ireland,2015,High income,ECS,Europe,4701957.0,71588.2656638378,4575.84912109,96.9380364717099,89.8452309062707,95.0,93.0,3.656637660333333,4.718839837,8.428766075524324,1.2965440531354249
IRL,Ireland,2016,High income,ECS,Europe,4762722.0,73012.8198720374,4746.93701172,96.9569278147002,89.8349918949082,95.0,92.0,3.5568640593333334,4.355410016,8.465465489365235,1.2688792744494757
IRL,Ireland,2017,High income,ECS,Europe,4827445.0,80450.3529336506,5023.51123047,96.9755821286774,89.8240697617023,95.0,92.0,3.472666543666667,4.242223218,8.52208346062832,1.2449227552354232
IRL,Ireland,2018,High income,ECS,Europe,4898022.0,86299.3420216976,5494.98632813,96.9939522473037,89.812337262782,94.0,92.0,3.4236829783333333,4.712083134,8.61177334629538,1.2307168658893701
IRL,Ireland,2019,High income,ECS,Europe,4976456.0,92022.59879983,5454.31152344,97.0120539231566,89.7998496161213,94.0,91.0,3.430857126,4.279051976,8.604345004508255,1.2328101209224016
IRL,Ireland,2020,High income,ECS,Europe,5039747.0,97799.9225748607,6073.10546875,97.0298506240387,89.7865313699403,94.0,92.0,3.4873091373333334,5.589512374,8.71179000942432,1.2491304180035157
IRL,Ireland,2021,High income,ECS,Europe,5110585.0,116903.61243517,6754.07519531,97.0473662537478,89.7724871048145,94.0,90.0,3.5806081426666663,5.747948547,8.81804938213249,1.2755326582392101
IRL,Ireland,2022,High income,ECS,Europe,5212836.0,138522.517800204,6407.92333984,97.0645722234347,89.757648052779,93.0,90.0,3.696180393,6.80064523,8.76544657010331,1.3072999602182542
IRN,"Iran, Islamic Rep.",2000,Upper middle income,MEA,Eastern Mediterranean,66418659.0,11186.8999218792,79.89089203,94.2087234514971,78.218293196505,99.0,99.0,36.23500279466666,43.02161416,4.393101234660984,3.590025579687409
IRN,"Iran, Islamic Rep.",2001,Upper middle income,MEA,Eastern Mediterranean,67452005.0,11532.9987571459,93.23036957,94.4127376646145,78.9731471753929,96.0,96.0,34.23100716333334,40.24383637,4.545742524210337,3.533131875519498
IRN,"Iran, Islamic Rep.",2002,Upper middle income,MEA,Eastern Mediterranean,68011317.0,12554.3307701588,104.64128113,94.612110469542,79.7155487867345,99.0,99.0,32.212455371,38.36797633,4.6600492146745935,3.472353190521567
IRN,"Iran, Islamic Rep.",2003,Upper middle income,MEA,Eastern Mediterranean,68769340.0,13754.9065131458,115.51907349,94.806889129544,80.4456337712598,99.0,99.0,30.19935170933333,37.13383803,4.75805498054915,3.407820457572047
IRN,"Iran, Islamic Rep.",2004,Upper middle income,MEA,Eastern Mediterranean,70256316.0,14425.4169992792,139.75932312,94.9970316924209,81.1633098268727,99.0,96.0,28.265168777,34.30775215,4.947051503689336,3.341630261345938
IRN,"Iran, Islamic Rep.",2005,Upper middle income,MEA,Eastern Mediterranean,71828455.0,15016.2676076876,169.8145752,95.18249701116,81.8685049537412,95.0,94.0,26.438261557666664,33.02413108,5.140578612608268,3.274812262355364
IRN,"Iran, Islamic Rep.",2006,Upper middle income,MEA,Eastern Mediterranean,73392747.0,15906.858138036,192.07597351,95.3633556923125,82.5614052358839,98.0,99.0,24.744754255,31.69237589,5.263083756576502,3.2086135172573442
IRN,"Iran, Islamic Rep.",2007,Upper middle income,MEA,Eastern Mediterranean,74602648.0,17383.7156564162,237.51042175,95.5354863995331,83.2321134946783,99.0,97.0,23.147878816666665,30.6797789,5.474413006438697,3.141903148544384
IRN,"Iran, Islamic Rep.",2008,Upper middle income,MEA,Eastern Mediterranean,75514204.0,17548.6737761348,288.85775757,95.7014734925872,83.8869750183033,99.0,98.0,21.700196852,29.53869365,5.669390311512462,3.0773213320260053
IRN,"Iran, Islamic Rep.",2009,Upper middle income,MEA,Eastern Mediterranean,76457825.0,17614.6718696057,354.25738525,95.8635415645059,84.5313775424274,99.0,99.0,20.40688691233333,28.36872618,5.872842555642194,3.015872437620055
IRN,"Iran, Islamic Rep.",2010,Upper middle income,MEA,Eastern Mediterranean,77420842.0,18627.815202271,424.60494995,96.0218281862273,85.16566965163,99.0,99.0,19.300970953333334,27.2387787,6.053511568481417,2.9601554031082786
IRN,"Iran, Islamic Rep.",2011,Upper middle income,MEA,Eastern Mediterranean,78383598.0,19275.4376880063,505.33276367,96.1763033647874,85.7898043501208,99.0,99.0,18.357416543666663,26.18534671,6.227194088851323,2.910033664162338
IRN,"Iran, Islamic Rep.",2012,Upper middle income,MEA,Eastern Mediterranean,79370580.0,17021.3716792921,500.21826172,96.3261590816988,86.4018915038268,99.0,98.0,17.535464772333334,25.15006654,6.217041658351754,2.8642253886491105
IRN,"Iran, Islamic Rep.",2013,Upper middle income,MEA,Eastern Mediterranean,80414686.0,16215.2119014642,412.02786255,96.4718242177424,87.0030127281938,98.0,98.0,16.780106543,24.09731705,6.023515054486905,2.820194050422955
IRN,"Iran, Islamic Rep.",2014,Upper middle income,MEA,Eastern Mediterranean,81502045.0,16065.158186028,395.027771,96.6141058316375,87.5950808163193,99.0,99.0,16.106754744333333,23.16295525,5.981484337583451,2.779238733341677
IRN,"Iran, Islamic Rep.",2015,Upper middle income,MEA,Eastern Mediterranean,82619362.0,14273.5499061586,423.28967285,96.7529192600073,88.1779155269033,98.0,99.0,15.521263949666666,22.19644727,6.050416412647404,2.742210951494853
IRN,"Iran, Islamic Rep.",2016,Upper middle income,MEA,Eastern Mediterranean,83812228.0,15194.7855803519,433.9196167,96.8883841344681,88.7518172769829,99.0,99.0,14.966858922,21.30416867,6.075161224817655,2.705838351565524
IRN,"Iran, Islamic Rep.",2017,Upper middle income,MEA,Eastern Mediterranean,85026754.0,15719.416701551,457.22549438,97.0204377787878,89.3166613162414,99.0,99.0,14.437994579333331,20.47724101,6.127361408759615,2.6698632442724697
IRN,"Iran, Islamic Rep.",2018,Upper middle income,MEA,Eastern Mediterranean,86117998.0,15324.0674634637,244.21661377,97.1490246044491,89.6988576017474,99.0,99.0,13.939003369333337,19.43184675,5.502141957761829,2.634690908467595
IRN,"Iran, Islamic Rep.",2019,Upper middle income,MEA,Eastern Mediterranean,87051648.0,13927.5128074328,223.64257813,97.2741844991019,90.0210887632991,99.0,99.0,13.453545528333336,18.4996326,5.414510597489894,2.599242679363873
IRN,"Iran, Islamic Rep.",2020,Upper middle income,MEA,Eastern Mediterranean,87723443.0,15119.3058859964,184.90914917,97.3960598410528,90.2667726388145,99.0,99.0,13.012114645,34.34379569,5.225258109062346,2.565880819285479
IRN,"Iran, Islamic Rep.",2021,Upper middle income,MEA,Eastern Mediterranean,88455488.0,15884.4276775963,196.66934204,97.5146314590197,90.3162236149744,98.0,99.0,12.573948363,50.79510391,5.286595645010365,2.531627083303797
IRN,"Iran, Islamic Rep.",2022,Upper middle income,MEA,Eastern Mediterranean,89524246.0,17545.6246629429,250.23272705,97.6301442880843,90.3647309306855,99.0,99.0,12.163030606,21.22288854,5.526379708950328,2.4984010729531203
IRQ,Iraq,2000,Upper middle income,MEA,Eastern Mediterranean,24424056.0,10627.9400727491,284.005233765,80.8465210339668,70.5047677877262,80.0,86.0,44.252131591125,145.622262,5.652507541478123,3.789903541844574
IRQ,Iraq,2001,Upper middle income,MEA,Eastern Mediterranean,25197840.0,10719.6194208455,284.005233765,81.7364082372658,71.075866107073,78.0,82.0,43.3190931345,137.4258952,5.652507541478123,3.76859348780702
IRQ,Iraq,2002,Upper middle income,MEA,Eastern Mediterranean,26006559.0,9682.37619485733,284.005233765,82.6260373037079,71.6455694675998,77.0,77.0,42.415879032875,127.8114833,5.652507541478123,3.7475227976205687
IRQ,Iraq,2003,Upper middle income,MEA,Eastern Mediterranean,26802659.0,6068.45161808346,26.98275757,83.5154009333644,72.2138771289347,75.0,73.0,41.53011024875,125.1965399,3.33158851942042,3.7264187123164803
IRQ,Iraq,2004,Upper middle income,MEA,Eastern Mediterranean,27577878.0,9289.7422464959,51.81518173,84.4044866614588,72.7807850256075,74.0,69.0,40.642092368375,121.6163375,3.966798682147744,3.7048042873871947
IRQ,Iraq,2005,Upper middle income,MEA,Eastern Mediterranean,28407448.0,9457.04454256902,53.0551796,85.293291593962,74.4450745683206,65.0,69.0,39.71127986625,117.6868054,3.990005369281071,3.6816352749498886
IRQ,Iraq,2006,Upper middle income,MEA,Eastern Mediterranean,28616515.0,10223.1065322558,56.76464462,86.1815126073683,76.1219593481463,59.0,62.0,38.744115367125,120.0096586,4.056376903747789,3.6569788827736835
IRQ,Iraq,2007,Upper middle income,MEA,Eastern Mediterranean,28391607.0,10783.1236406224,100.59433746,87.0697453969481,77.8117345436879,57.0,64.0,37.73959062912501,117.2274906,4.620987799929786,3.630709692746571
IRQ,Iraq,2008,Upper middle income,MEA,Eastern Mediterranean,28971036.0,11657.3168702462,139.28845215,87.9576753839558,79.5141852850981,69.0,75.0,36.687310301875,109.0380034,4.943700675452907,3.602430926927588
IRQ,Iraq,2009,Upper middle income,MEA,Eastern Mediterranean,30058206.0,11687.0142083267,140.1234436,88.8450464865989,81.2291181152915,78.0,81.0,35.611094059125,107.0459243,4.949634993888196,3.572657220185467
IRQ,Iraq,2010,Upper middle income,MEA,Eastern Mediterranean,31045366.0,12186.1929623841,144.54083252,89.747680341053,82.9658498255287,74.0,75.0,34.539314586625,107.1386798,4.980456683116954,3.542098228474879
IRQ,Iraq,2011,Upper middle income,MEA,Eastern Mediterranean,32161424.0,12912.0299790146,161.89790344,90.6562235048523,84.7190691046442,81.0,80.0,33.469060397625,104.972583,5.093123645298044,3.5106214418571176
IRQ,Iraq,2012,Upper middle income,MEA,Eastern Mediterranean,33654842.0,14402.0340893955,174.48312378,91.5604108838011,86.4826460447995,72.0,74.0,32.4079090505,99.93954855,5.167542877484454,3.4784024995060543
IRQ,Iraq,2013,Upper middle income,MEA,Eastern Mediterranean,35281989.0,14668.5432764995,186.78742981,92.4602847156941,88.2564846708838,73.0,73.0,31.378415104125,95.83033321,5.235310630614925,3.4461202394686796
IRQ,Iraq,2014,Upper middle income,MEA,Eastern Mediterranean,36550059.0,13168.245587417,178.98071289,93.3560179358349,90.0405629244154,73.0,70.0,30.34995576,89.50652048,5.192849694538062,3.412795059843819
IRQ,Iraq,2015,Upper middle income,MEA,Eastern Mediterranean,37560535.0,9334.46604866315,149.07951355,94.2475935647608,91.8347515135487,68.0,71.0,29.360283039125,85.90805118,5.011165243981339,3.3796428439970203
IRQ,Iraq,2016,Upper middle income,MEA,Eastern Mediterranean,38469627.0,9079.13531769496,199.88560486,95.1361722839903,93.6396641233782,71.0,79.0,28.392110615375,87.08597155,5.302735615993343,3.3461113113416427
IRQ,Iraq,2017,Upper middle income,MEA,Eastern Mediterranean,39337353.0,10191.6616988639,197.23654175,96.0213104286067,95.4549205220896,81.0,81.0,27.469708733,81.35076692,5.289460972964748,3.3130838969566847
IRQ,Iraq,2018,Upper middle income,MEA,Eastern Mediterranean,40265624.0,12034.4011214944,232.86825562,96.902402599518,96.9997458760796,86.0,85.0,26.601001028875,75.57648254,5.454757946637022,3.2809488477440363
IRQ,Iraq,2019,Upper middle income,MEA,Eastern Mediterranean,41192171.0,12248.5917385964,241.73873901,97.7787837240263,97.864851810422,84.0,86.0,25.734727928625,74.26983209,5.491985716847222,3.2478413610117243
IRQ,Iraq,2020,Upper middle income,MEA,Eastern Mediterranean,42116605.0,10573.9304750715,248.04725647,98.3599044196543,98.4932660483814,74.0,93.0,24.896752333625,63.02366664,5.517642663477889,3.214737366595669
IRQ,Iraq,2021,Upper middle income,MEA,Eastern Mediterranean,43071211.0,12731.7535755129,251.59538269,98.3711569251332,98.4959720542325,78.0,84.0,24.1238711745,76.61515702,5.5317889306123496,3.1832018554360304
IRQ,Iraq,2022,Upper middle income,MEA,Eastern Mediterranean,44070551.0,14391.1292349806,283.17074585,98.3828518441967,98.4987799022337,93.0,97.0,23.327116726625,58.91685035,5.649575275283892,3.1496164918817513
ISL,Iceland,2000,High income,ECS,Europe,281205.0,29789.2463608304,2855.57470703,99.9999968536342,98.7980041291152,98.0,91.0,4.0074608713333335,6.528730444,7.957378531167527,1.388157841594474
ISL,Iceland,2001,High income,ECS,Europe,284968.0,31882.0593909097,2528.5456543,100.0,98.7971837425424,92.0,88.0,3.7910256496666666,6.402279386,7.835794982313925,1.3326366024481768
ISL,Iceland,2002,High income,ECS,Europe,287523.0,32607.1058796568,3046.81665039,100.0,98.7963729510366,95.0,91.0,3.593052743,7.181465603,8.022180760925686,1.2790021874002062
ISL,Iceland,2003,High income,ECS,Europe,289521.0,32696.8839410753,3839.6940918,100.0,98.7949491900819,97.0,93.0,3.4139485373333334,5.544546771,8.25340838232082,1.2278695502496522
ISL,Iceland,2004,High income,ECS,Europe,292074.0,35612.4400297798,4414.23339844,99.9999997493148,98.7933244677551,99.0,93.0,3.253403075,5.845505737,8.392815976519584,1.1797015485148274
ISL,Iceland,2005,High income,ECS,Europe,296734.0,37322.7399272793,5079.68945313,99.9999985914996,98.7917259201809,95.0,90.0,3.1140835486666667,5.092579658,8.5332022504836,1.1359349030668742
ISL,Iceland,2006,High income,ECS,Europe,303782.0,39691.6062749347,4918.23339844,100.0,98.7901467233098,97.0,95.0,2.995603798,4.750015626,8.500907984020994,1.0971458132517986
ISL,Iceland,2007,High income,ECS,Europe,311566.0,41471.3319195839,5803.81152344,100.0,98.7886019021965,97.0,95.0,2.8941833486666666,4.583045115,8.666442425635903,1.0627029809594326
ISL,Iceland,2008,High income,ECS,Europe,317414.0,43728.1140564123,4749.68408203,100.0,98.7870790817422,98.0,96.0,2.810430128333333,4.474043699,8.46604390392867,1.0333375422128057
ISL,Iceland,2009,High income,ECS,Europe,318499.0,41884.7731963414,3622.97827148,99.9999992481043,98.7855707233906,96.0,92.0,2.74170022,4.725592,8.195327671416418,1.0085782462063109
ISL,Iceland,2010,High income,ECS,Europe,318041.0,39763.988895791,3614.03833008,100.0,98.7847535507852,96.0,93.0,2.688835308,4.608882581,8.19285773760166,0.989108128851021
ISL,Iceland,2011,High income,ECS,Europe,319014.0,40936.867830513,3937.31591797,100.0,98.7845859292734,95.0,94.0,2.651674805666667,3.807020974,8.278508478929579,0.9751914425072506
ISL,Iceland,2012,High income,ECS,Europe,320716.0,42004.4476110597,3784.38378906,99.9999957149588,98.7844113664715,89.0,90.0,2.62799783,3.855229459,8.238902558105027,0.9662222748990399
ISL,Iceland,2013,High income,ECS,Europe,323764.0,44409.6689530904,4095.67626953,99.9999988928739,98.7839858955201,91.0,91.0,2.614768962,4.149052293,8.317931257956758,0.9611757425620768
ISL,Iceland,2014,High income,ECS,Europe,327386.0,45996.9687476901,4522.90576172,99.9999979873113,98.7835434602545,90.0,90.0,2.6109954133333333,4.196646546,8.417131006276342,0.9597315330449522
ISL,Iceland,2015,High income,ECS,Europe,330815.0,49201.0640964553,4303.84179688,100.0,98.7831179489898,92.0,93.0,2.6159214436666667,3.97697344,8.367495667494364,0.9616164039646586
ISL,Iceland,2016,High income,ECS,Europe,335439.0,53480.3971946764,5053.51757813,100.0,98.7826661232675,91.0,91.0,2.6276968773333333,3.346607436,8.52803769230693,0.9661077504893265
ISL,Iceland,2017,High income,ECS,Europe,343400.0,55638.4920591794,5992.05322266,100.0,98.7821726872398,89.0,92.0,2.644483720333333,3.105732384,8.698356281223022,0.9724758554578071
ISL,Iceland,2018,High income,ECS,Europe,352721.0,57197.7676247175,6280.03857422,99.9999967826526,98.7816461491977,91.0,93.0,2.6623384456666668,3.964647709,8.74529062384931,0.9792048515106974
ISL,Iceland,2019,High income,ECS,Europe,360563.0,60523.8179440825,5912.00976563,99.9999970387712,98.7811009775607,93.0,93.0,2.6732385073333336,4.027714248,8.684910247371977,0.983290661508881
ISL,Iceland,2020,High income,ECS,Europe,366463.0,55796.7454667632,5692.89111328,99.9999964455788,98.7805419679259,93.0,93.0,2.6735821113333333,11.75091019,8.647149144592262,0.9834191879828282
ISL,Iceland,2021,High income,ECS,Europe,372520.0,61610.2132740715,6722.421875,100.0,98.7799498182969,92.0,92.0,2.65521999,5.341550109,8.813352511504291,0.9765275100183671
ISL,Iceland,2022,High income,ECS,Europe,382003.0,75332.8528345867,6851.62939453,99.9999992337629,98.7793239094093,92.0,91.0,2.619883950333333,5.126004509,8.83238771081953,0.9631300230261043
ISR,Israel,2000,High income,MEA,Europe,6289000.0,25766.1567835118,1473.00915527,99.9999980424614,99.9999980424614,93.0,95.0,6.8776833323333335,8.663542086,7.29574128390367,1.9282818702891258
ISR,Israel,2001,High income,MEA,Europe,6439000.0,25806.3845070858,1509.44506836,99.9999999141995,99.9999999141995,92.0,95.0,6.608614014333334,7.334908477,7.320159633637808,1.8883739517465283
ISR,Israel,2002,High income,MEA,Europe,6570000.0,26101.3287841133,1355.33447266,99.9999966748332,99.9999966748332,90.0,95.0,6.343603618666666,6.500127849,7.212541099338143,1.8474470010858477
ISR,Israel,2003,High income,MEA,Europe,6689700.0,24702.2945858529,1384.18737793,99.9999972968458,99.9999972968458,93.0,96.0,6.079022685999999,5.30291465,7.233590700394635,1.8048439406234154
ISR,Israel,2004,High income,MEA,Europe,6809000.0,26077.5034831211,1438.98999023,99.9999987008863,99.9999987008863,95.0,97.0,5.818307415333333,4.653300006,7.27239144131672,1.7610093973387217
ISR,Israel,2005,High income,MEA,Europe,6930100.0,25700.9862605809,1509.10583496,99.999996277042,99.999996277042,93.0,94.0,5.5641569980000005,4.476229289,7.319935016730308,1.7163454904136508
ISR,Israel,2006,High income,MEA,Europe,7053700.0,26385.2125662841,1555.56396484,99.9999970677578,99.9999970677578,95.0,96.0,5.324514165666667,4.286994458,7.35023608434084,1.672321470938664
ISR,Israel,2007,High income,MEA,Europe,7180100.0,28307.4484607857,1769.92504883,99.9999967389264,99.9999967389264,95.0,97.0,5.102053544333333,3.765126856,7.479257315503859,1.6296431144378414
ISR,Israel,2008,High income,MEA,Europe,7308800.0,28083.8366135952,2126.11132813,99.9999990692997,99.9999990692997,94.0,98.0,4.902300218666666,3.64466659,7.662520154277162,1.5897045273486234
ISR,Israel,2009,High income,MEA,Europe,7485600.0,28086.837763597,2034.45812988,99.9999967272176,99.9999967272176,96.0,97.0,4.721095642333333,3.625909462,7.618476197787967,1.5520409002730124
ISR,Israel,2010,High income,MEA,Europe,7623600.0,29455.9546732511,2237.90795898,100.0,100.0,95.0,96.0,4.5553199336666665,3.370906051,7.713743507660896,1.5162957661524172
ISR,Israel,2011,High income,MEA,Europe,7765800.0,31313.9334997029,2442.29052734,100.0,99.9956552135569,94.0,97.0,4.402805299666666,3.376732818,7.80110098655298,1.4822419058700786
ISR,Israel,2012,High income,MEA,Europe,7910500.0,32483.7421872738,2405.1809082,100.0,99.9884608340089,94.0,96.0,4.263775327666667,3.306953005,7.78579608414853,1.4501549949656563
ISR,Israel,2013,High income,MEA,Europe,8059500.0,34827.3647351146,2673.3371582,99.9999987902256,99.9813907693021,96.0,98.0,4.136719881333334,3.112000143,7.89145683729766,1.419903174607485
ISR,Israel,2014,High income,MEA,Europe,8215700.0,34816.2422460071,2804.23144531,99.9999994311655,99.9744595332157,95.0,97.0,4.021818620666667,3.258661894,7.939241326249864,1.3917341935326408
ISR,Israel,2015,High income,MEA,Europe,8380100.0,35870.7927156301,2645.78857422,100.0,99.9676711051809,95.0,98.0,3.9190882866666654,2.90643688,7.881102325300719,1.3658590468194913
ISR,Israel,2016,High income,MEA,Europe,8546000.0,38189.1610278241,2783.82495117,100.0,99.9610220718726,94.0,97.0,3.8248458996666654,3.130923656,7.93194029622799,1.3415181787980837
ISR,Israel,2017,High income,MEA,Europe,8713300.0,39470.8681262164,3074.44604492,99.9999992350347,99.9545287961214,98.0,98.0,3.735147688333333,2.975699707,8.031205224979658,1.3177873595254725
ISR,Israel,2018,High income,MEA,Europe,8882800.0,40189.9909957069,3199.41625977,100.0,99.9481963561794,98.0,98.0,3.649537988,2.735939848,8.07103616150612,1.2946005809525123
ISR,Israel,2019,High income,MEA,Europe,9054000.0,41325.1783656756,3335.24511719,100.0,99.9420208696373,98.0,99.0,3.5726640483333334,2.758485567,8.11260123715528,1.2733115495250118
ISR,Israel,2020,High income,MEA,Europe,9215100.0,40955.2856179152,3616.50219727,99.9999976530211,99.9360127624406,98.0,99.0,3.508647873,3.189771138,8.193539065905593,1.2552307418934416
ISR,Israel,2021,High income,MEA,Europe,9371400.0,46162.0822730247,4294.18847656,100.0,99.9301799523059,98.0,99.0,3.458146397666667,3.322892987,8.365250716240167,1.240732722300952
ISR,Israel,2022,High income,MEA,Europe,9557500.0,53619.0680995095,4107.72998047,100.0,99.924519816082,98.0,98.0,3.418012414,3.153307957,8.320869252552807,1.2290592166353116
ITA,Italy,2000,High income,ECS,Europe,56942108.0,27152.1544907116,1524.23962402,99.5570595333996,99.8859327621191,87.0,74.0,5.559833881,10.62012767,7.329906807202725,1.7155682302981636
ITA,Italy,2001,High income,ECS,Europe,56976981.0,28134.0572858014,1586.67272949,99.582772000592,99.8859214415661,93.0,77.0,5.292655454999999,10.11807557,7.370024530825859,1.666320096292727
ITA,Italy,2002,High income,ECS,Europe,57089824.0,28833.0217903129,1762.359375,99.6084844677844,99.8858964413785,93.0,81.0,5.049179843,9.695995509,7.4749760045061855,1.6192258227710379
ITA,Italy,2003,High income,ECS,Europe,57399184.0,29249.1801358747,2160.91210938,99.6341969349767,99.8858746241475,96.0,84.0,4.824659235333333,8.037216785,7.678748344912135,1.5737401074955188
ITA,Italy,2004,High income,ECS,Europe,57828179.0,29580.8439042327,2560.45776367,99.6599094021691,99.8858507122837,94.0,86.0,4.628412949,8.302798312,7.848331814338375,1.5322140337432082
ITA,Italy,2005,High income,ECS,Europe,58166682.0,30137.8180374437,2669.72802734,99.6856218693615,99.8858236930033,95.0,87.0,4.466204218333334,7.971059302,7.890106383642476,1.4965388797198682
ITA,Italy,2006,High income,ECS,Europe,58399861.0,32453.6488675587,2821.77392578,99.7113343365538,99.8858036076723,96.0,88.0,4.334973360666667,7.465134378,7.945475342078204,1.4667154650386909
ITA,Italy,2007,High income,ECS,Europe,58756247.0,34107.5078152619,3077.41381836,99.7370468037462,99.8857799717069,97.0,90.0,4.2282277656666665,7.35143737,8.032169749273683,1.4417829373391005
ITA,Italy,2008,High income,ECS,Europe,59211181.0,35422.3424391113,3483.39086914,99.7627592709386,99.8857542871757,96.0,90.0,4.136390301333333,7.344499383,8.15604852144423,1.419823499613946
ITA,Italy,2009,High income,ECS,Europe,59555454.0,34501.7122743906,3314.15844727,99.788471738131,99.8857309646722,96.0,90.0,4.0501287606666665,7.743942376,8.106260698542576,1.3987486733702703
ITA,Italy,2010,High income,ECS,Europe,59819407.0,34974.1045135807,3190.72045898,99.8141842053233,99.8857106015763,96.0,91.0,3.958771793666666,7.753316713,8.068315379227222,1.3759338240444863
ITA,Italy,2011,High income,ECS,Europe,60026841.0,36392.2827759493,3358.95654297,99.8398966725157,99.8856821171754,96.0,90.0,3.863696225333333,8.05334806,8.11968331923373,1.351624296627662
ITA,Italy,2012,High income,ECS,Europe,60191247.0,36281.1014243506,3071.00048828,99.8656091397081,99.8856332979671,97.0,90.0,3.769898977333333,8.163717016,8.030084253212863,1.3270482046375809
ITA,Italy,2013,High income,ECS,Europe,60311613.0,36459.2950248716,3139.87939453,99.8913216069004,99.8855778298286,96.0,90.0,3.679608459,8.098269094,8.052258101644501,1.3028063495094067
ITA,Italy,2014,High income,ECS,Europe,60320707.0,36665.68576775,3190.46777344,99.9170340740928,99.8855182584591,95.0,87.0,3.591821391333333,7.765546816,8.068236207023324,1.2786594251873404
ITA,Italy,2015,High income,ECS,Europe,60229605.0,37384.3796455406,2707.43310547,99.9170340740928,99.8854583535856,93.0,85.0,3.5052104083333333,7.858037051,7.90412555679406,1.254250549592997
ITA,Italy,2016,High income,ECS,Europe,60115223.0,40482.562999856,2735.27783203,99.9170340740928,99.885399852308,94.0,87.0,3.4137532,7.703313897,7.914353820381505,1.2278123311909115
ITA,Italy,2017,High income,ECS,Europe,60002252.0,42142.3435406885,2851.28686523,99.9170340740928,99.8853414231028,95.0,92.0,3.309114789,7.795656718,7.955876360357454,1.19668071827433
ITA,Italy,2018,High income,ECS,Europe,60148658.0,43386.7005868803,3031.46459961,99.9170340740928,99.8852799137261,95.0,93.0,3.1915347693333334,7.476496848,8.017130967084775,1.1605019200094284
ITA,Italy,2019,High income,ECS,Europe,59729081.0,46661.9105159611,2908.83154297,99.9170340740928,99.8852225421869,96.0,94.0,3.07487244,7.251864993,7.975850469476159,1.1232634174712115
ITA,Italy,2020,High income,ECS,Europe,59438851.0,44435.6434393527,3058.90014648,99.9170340740928,99.8851578267552,94.0,92.0,2.970655395333333,7.640018849,8.026137562544715,1.0887826002995664
ITA,Italy,2021,High income,ECS,Europe,59133173.0,49825.3934111848,3414.57299805,99.9170340740928,99.8850975832792,94.0,94.0,2.882278601333333,7.360800902,8.136100546524395,1.0585811623476575
ITA,Italy,2022,High income,ECS,Europe,59013667.0,57260.8945372493,3154.57104492,99.9170340740928,99.8850325902598,95.0,94.0,2.810205156333333,9.789050678,8.05692475540244,1.0332574900518927
JAM,Jamaica,2000,Upper middle income,LCN,Americas,2607826.0,6816.410294822,206.44976807,93.044767295069,80.3897902476816,93.0,88.0,20.525224974,81.86243547,5.334889228773913,3.0216546162528424
JAM,Jamaica,2001,Upper middle income,LCN,Americas,2624403.0,7019.01755520128,180.66116333,93.2314642021095,80.4397265320862,98.0,85.0,19.997418112666665,82.32536135,5.202143211939944,2.9956031708539292
JAM,Jamaica,2002,Upper middle income,LCN,Americas,2640572.0,7225.94228628004,205.3553772,93.4126955865185,80.4900715011556,97.0,86.0,19.607055173666662,80.84112398,5.329599814497306,2.9758894593073264
JAM,Jamaica,2003,Upper middle income,LCN,Americas,2656623.0,7592.60910494511,177.21534729,93.5916605668837,80.5402961444726,94.0,78.0,19.33785946833333,78.8519818,5.182992635290094,2.9620648049097733
JAM,Jamaica,2004,Upper middle income,LCN,Americas,2672225.0,7853.86424340999,222.27250671,93.5442678161321,81.06758684543,96.0,86.0,19.203438566,77.07226288,5.408393028605797,2.9550893549778485
JAM,Jamaica,2005,Upper middle income,LCN,Americas,2687066.0,8127.37945036695,243.57797241,93.495904810275,81.5952850004995,99.0,84.0,19.135220608,80.6394203,5.499534163637729,2.9515306478417793
JAM,Jamaica,2006,Upper middle income,LCN,Americas,2700968.0,8576.5315399634,243.38668823,93.3551724042309,82.123305250613,94.0,87.0,19.106068898333334,88.85183116,5.498751758670025,2.9500060279510882
JAM,Jamaica,2007,Upper middle income,LCN,Americas,2713800.0,8892.78260659657,292.00213623,93.0501887643258,82.6517047080876,91.0,76.0,19.106146927,88.54986275,5.680179899877861,2.9500101119155997
JAM,Jamaica,2008,Upper middle income,LCN,Americas,2725635.0,8951.50600945916,334.75042725,92.7426284619668,83.180409388657,90.0,88.0,19.099117415,90.95328101,5.816368107926737,2.9496421253461884
JAM,Jamaica,2009,Upper middle income,LCN,Americas,2736995.0,8579.58979915443,282.09719849,92.4323342637375,83.7094853462441,90.0,88.0,19.081357159666663,92.72836224,5.6457902962370285,2.9487117934520897
JAM,Jamaica,2010,Upper middle income,LCN,Americas,2748568.0,8521.28876417328,309.86782837,92.1193970721849,84.2388789441069,94.0,89.0,19.042677682,94.20798214,5.739367832681758,2.94668265403393
JAM,Jamaica,2011,Upper middle income,LCN,Americas,2760494.0,8809.36100077931,341.33453369,91.8039421170674,84.768570999696,92.0,88.0,18.99002034433333,89.41778412,5.835788427651575,2.9439135961418583
JAM,Jamaica,2012,Upper middle income,LCN,Americas,2772430.0,8830.6507947905,330.38525391,91.4871976831064,85.2981420323076,96.0,93.0,18.908774061666666,88.92400353,5.803281607653648,2.9396260504083913
JAM,Jamaica,2013,Upper middle income,LCN,Americas,2783687.0,9101.41496692481,322.03283691,91.1691636119073,85.8275297136537,93.0,94.0,18.813093622333334,93.9048794,5.777753980315461,2.9345530966867823
JAM,Jamaica,2014,Upper middle income,LCN,Americas,2793749.0,9209.58586596513,312.77233887,90.8497325388071,86.3566821660583,92.0,92.0,18.707004684,99.81889012,5.748667687497081,2.9288980357542918
JAM,Jamaica,2015,Upper middle income,LCN,Americas,2802534.0,9476.14929465037,334.89901733,90.5287295922396,86.8855879242963,91.0,91.0,18.620090848333334,100.2662609,5.816810571130193,2.9242411509097
JAM,Jamaica,2016,Upper middle income,LCN,Americas,2809915.0,9948.0414677444,330.15463257,90.2061439128139,87.4141682686662,99.0,95.0,18.581845597666668,102.1373436,5.8025854341733165,2.92218506094268
JAM,Jamaica,2017,Upper middle income,LCN,Americas,2815764.0,10466.4876782146,367.35095215,89.8818112105781,87.9424102965954,93.0,95.0,18.60534799033333,105.5513139,5.909036158031142,2.92344906575338
JAM,Jamaica,2018,Upper middle income,LCN,Americas,2820097.0,10752.7406650924,381.47775269,89.5557220251637,88.4702342742167,97.0,89.0,18.685694515666665,112.2303172,5.946670488673102,2.927758231937154
JAM,Jamaica,2019,Upper middle income,LCN,Americas,2823271.0,10845.0113635875,390.79431152,89.2277179456112,88.997622645007,96.0,94.0,18.802432263,120.1150103,5.9707369865689,2.93398623715908
JAM,Jamaica,2020,Upper middle income,LCN,Americas,2830739.0,9764.3525879784,364.76513672,88.8977273219084,89.5245308476169,96.0,93.0,18.939972294,126.1942366,5.901991424471085,2.941274624926873
JAM,Jamaica,2021,Upper middle income,LCN,Americas,2837682.0,10430.6909771759,413.36227417,88.5656727695016,90.0509072917054,90.0,88.0,19.090760337666666,186.2526769,6.026740649566577,2.9492044660522336
JAM,Jamaica,2022,Upper middle income,LCN,Americas,2839144.0,11887.770369423,521.12023926,88.231486530264,90.5767034338028,98.0,91.0,19.224626862666668,137.5833037,6.25789790476763,2.9561921062393286
JOR,Jordan,2000,Lower middle income,MEA,Eastern Mediterranean,5386945.0,5640.65728199166,151.33486938,98.375425418806,99.0001342310668,91.0,94.0,25.781377350125,61.36509744,5.026081185632588,3.2496524231639663
JOR,Jordan,2001,Lower middle income,MEA,Eastern Mediterranean,5498894.0,5948.01217949518,161.33900452,98.4048334640758,98.8872678903901,99.0,99.0,24.99999602625,59.5662196,5.089686769245731,3.218875665918188
JOR,Jordan,2002,Lower middle income,MEA,Eastern Mediterranean,5616066.0,6256.49643944543,164.75001526,98.4342212914986,98.7679426094807,95.0,95.0,24.222515983625,57.82990217,5.110480721132332,3.187282613143664
JOR,Jordan,2003,Lower middle income,MEA,Eastern Mediterranean,5741828.0,6499.97887800748,161.87841797,98.4635783696491,98.6486747174721,97.0,96.0,23.46164623175,56.09960415,5.093004020458897,3.155367012619751
JOR,Jordan,2004,Lower middle income,MEA,Eastern Mediterranean,5882061.0,7073.8458160703,175.04393005,98.4929393838046,98.5294571468879,95.0,99.0,22.719172358125,54.34871297,5.170733566449434,3.1232091652900107
JOR,Jordan,2005,Lower middle income,MEA,Eastern Mediterranean,6029587.0,7696.9450167189,185.0302124,98.5494288674571,98.4169700805217,95.0,95.0,22.001644537875,52.7732104,5.225909092780575,3.091117202286136
JOR,Jordan,2006,Lower middle income,MEA,Eastern Mediterranean,6427371.0,8045.64056215005,188.72041321,98.6120434709162,98.308206099878,98.0,99.0,21.315813034125,48.79102371,5.245551479006166,3.0594491932441175
JOR,Jordan,2007,Lower middle income,MEA,Eastern Mediterranean,6827227.0,8415.71166017339,208.03627014,98.6711635910559,98.2009358550483,98.0,95.0,20.6564251985,50.46783412,5.342507778247968,3.028026418637776
JOR,Jordan,2008,Lower middle income,MEA,Eastern Mediterranean,6989866.0,8983.21332423459,275.17532349,98.7270120484555,98.09501501556,97.0,95.0,20.026006846875,49.77720522,5.621035894080184,2.9970317711848335
JOR,Jordan,2009,Lower middle income,MEA,Eastern Mediterranean,7141753.0,9290.80855352127,316.92221069,98.7796045730845,97.9902274488182,98.0,95.0,19.435661103,48.86491996,5.761806732384011,2.967109579830617
JOR,Jordan,2010,Lower middle income,MEA,Eastern Mediterranean,7297043.0,9416.64386806071,303.8081665,98.8292687560561,97.8864815715208,98.0,98.0,18.875931544,48.33119711,5.719682616432569,2.9378876472417566
JOR,Jordan,2011,Lower middle income,MEA,Eastern Mediterranean,7480424.0,9631.9289925536,321.59057617,98.8761377842126,97.7836292183144,98.0,98.0,18.3392774115,47.43049506,5.776383953144154,2.9090450664610765
JOR,Jordan,2012,Lower middle income,MEA,Eastern Mediterranean,7587127.0,9738.53746926194,325.97836304,98.9204228747465,97.6815546659463,98.0,98.0,17.839298578375,47.12727875,5.789894000634655,2.8814038090232543
JOR,Jordan,2013,Lower middle income,MEA,Eastern Mediterranean,7991809.0,9816.59855653123,308.94308472,98.9622049918779,97.5800917869947,98.0,97.0,17.36467263325,43.9375223,5.736388682945655,2.854437833916405
JOR,Jordan,2014,Lower middle income,MEA,Eastern Mediterranean,8791710.0,9144.67793204995,302.14120483,99.0017546060361,97.4791874276905,98.0,98.0,16.9051094495,42.76168947,5.714198719495843,2.8276159105251666
JOR,Jordan,2015,Lower middle income,MEA,Eastern Mediterranean,9544729.0,8967.07995837808,301.63067627,99.0291191427992,97.3716594756962,99.0,94.0,16.4570355,41.20859253,5.712513171860508,2.8007530757477
JOR,Jordan,2016,Lower middle income,MEA,Eastern Mediterranean,10006367.0,8747.87860930851,278.13378906,99.0560992908943,97.2644408764445,98.0,96.0,16.024269043625,40.37616338,5.631691197564275,2.774104388264066
JOR,Jordan,2017,Lower middle income,MEA,Eastern Mediterranean,10234226.0,9265.51536720733,289.04656982,99.0826264544025,97.1574792984054,99.0,93.0,15.60187567275,38.24158034,5.6700414956742415,2.7473911424604833
JOR,Jordan,2018,Lower middle income,MEA,Eastern Mediterranean,10462306.0,9042.39781871198,289.47106934,99.1124406003234,97.0507514777426,96.0,92.0,15.198600896125,36.2183167,5.671503982141584,2.7212033773081434
JOR,Jordan,2019,Lower middle income,MEA,Eastern Mediterranean,10671891.0,9429.07279552037,294.92785645,99.1420002561378,96.9442655127058,89.0,87.0,14.795682094875,34.73841341,5.6901156964080535,2.694335387856374
JOR,Jordan,2020,Lower middle income,MEA,Eastern Mediterranean,10865228.0,9579.20081317696,303.4822998,99.1712730302314,96.8379669917401,77.0,76.0,14.384469024875,40.84673193,5.718612956724779,2.6661490845999767
JOR,Jordan,2021,Lower middle income,MEA,Eastern Mediterranean,11066356.0,9182.496161256,322.01589966,99.200324026186,96.7318948068054,85.0,81.0,13.997355148875,78.50705321,5.777701546964709,2.638868393830517
JOR,Jordan,2022,Lower middle income,MEA,Eastern Mediterranean,11256263.0,9927.2341002506,334.387146,99.229144722644,96.6260204300308,92.0,86.0,13.59902356925,35.096142,5.815285524265921,2.6099979937858464
JPN,Japan,2000,High income,EAS,Western Pacific,126843000.0,27287.9793301608,2751.38452148,98.5196139100947,99.9977656818046,85.0,96.0,4.496885264666667,8.8145306,7.9202229136676925,1.5033849937131818
JPN,Japan,2001,High income,EAS,Western Pacific,127149000.0,27942.7419601305,2488.65185547,98.5196139100947,99.9954967125937,95.0,98.0,4.295297556333334,8.257945779,7.819898162603112,1.4575208327415743
JPN,Japan,2002,High income,EAS,Western Pacific,127445000.0,28623.5884479367,2412.35131836,98.5196139100947,99.9932277433829,96.0,98.0,4.122241501333334,7.801033955,7.788771649042999,1.416397069139549
JPN,Japan,2003,High income,EAS,Western Pacific,127718000.0,29391.7042370729,2650.23852539,98.5196139100947,99.990958774172,97.0,98.0,3.977259335333333,7.571964896,7.882782177869527,1.3805929728833937
JPN,Japan,2004,High income,EAS,Western Pacific,127761000.0,30831.5079104998,2884.67358398,98.5196139100947,99.9886898049611,99.0,98.0,3.851520766666667,7.372702692,7.967513629673126,1.348468074635025
JPN,Japan,2005,High income,EAS,Western Pacific,127773000.0,32169.867493646,2892.60473633,98.5545378078553,99.9864208357503,98.0,98.0,3.738398817,7.162243094,7.970258317466103,1.318657395958491
JPN,Japan,2006,High income,EAS,Western Pacific,127854000.0,33631.8076359161,2763.53344727,98.5894617056158,99.9841518665394,98.0,97.0,3.633493581333333,6.814175535,7.924627164554499,1.2901946045485218
JPN,Japan,2007,High income,EAS,Western Pacific,128001000.0,35015.3282881632,2781.49365234,98.6243856033764,99.9818828973285,98.0,96.0,3.5350153946666665,6.479591028,7.931102801867673,1.2627176542659746
JPN,Japan,2008,High income,EAS,Western Pacific,128063000.0,35273.791152156,3223.29101563,98.659309501137,99.9796139281177,98.0,95.0,3.441402622,6.387329407,8.078468364946763,1.2358791272358571
JPN,Japan,2009,High income,EAS,Western Pacific,128047000.0,33543.4198739871,3696.58422852,98.6942333988975,99.9773449589068,97.0,94.0,3.350461172,6.173912775,8.215434974182157,1.2090979996458369
JPN,Japan,2010,High income,EAS,Western Pacific,128070000.0,35336.0080490032,4071.80200195,98.7291572966581,99.9750759896959,97.0,94.0,3.260043169333333,5.947377215,8.312086494129451,1.1817404374177294
JPN,Japan,2011,High income,EAS,Western Pacific,127833000.0,36214.4397740241,5103.34326172,98.7640811944187,99.972807020485,97.0,94.0,3.272979941333334,5.71158724,8.537847076235,1.1857008669739375
JPN,Japan,2012,High income,EAS,Western Pacific,127629000.0,37605.9742614539,5232.36279297,98.7990050921792,99.9705380512742,97.0,96.0,3.065804018333333,5.505880409,8.562809331882383,1.1203098574455121
JPN,Japan,2013,High income,EAS,Western Pacific,127445000.0,39402.0250988025,4356.15527344,98.8339289899398,99.9682690820633,96.0,95.0,2.958592138,5.366852842,8.379574663178097,1.0847135261345375
JPN,Japan,2014,High income,EAS,Western Pacific,127276000.0,39555.4120089198,4121.21142578,98.8688528877004,99.9660001128524,96.0,98.0,2.8532154406666663,5.247706745,8.324145052172858,1.048446583108584
JPN,Japan,2015,High income,EAS,Western Pacific,127141000.0,40898.80697396,3754.18115234,98.9037767854609,99.9637311436416,96.0,96.0,2.757549642666667,5.035295697,8.230891806001292,1.0143424747637686
JPN,Japan,2016,High income,EAS,Western Pacific,127076000.0,40596.9686628995,4194.22802734,98.9387006832215,99.9614621744307,99.0,96.0,2.672065036,4.922918165,8.341702974358467,0.9828515951985499
JPN,Japan,2017,High income,EAS,Western Pacific,126972000.0,41444.2157443912,4135.24316406,98.973624580982,99.9591932052198,99.0,97.0,2.593994142,4.761009386,8.327543206544217,0.9531988276033445
JPN,Japan,2018,High income,EAS,Western Pacific,126811000.0,42141.9352987758,4265.77929688,99.0085484787426,99.9569242360089,98.0,97.0,2.523073073666667,4.734954921,8.358614558597436,0.9254776322465034
JPN,Japan,2019,High income,EAS,Western Pacific,126633000.0,42678.1511448354,4431.29980469,99.0434723765032,99.9546552667981,98.0,96.0,2.4619133693333333,4.635204413,8.396673871601815,0.9009388400324307
JPN,Japan,2020,High income,EAS,Western Pacific,126261000.0,42425.6946789651,4581.60986328,99.0783962742638,99.9523862975872,96.0,98.0,2.4119799703333333,4.285983729,8.430023953955663,0.8804479746568826
JPN,Japan,2021,High income,EAS,Western Pacific,125681593.0,44355.3487163354,4843.94433594,99.1133201720243,99.9501173283763,99.0,95.0,2.3774374456666667,4.10803812,8.485691035288795,0.8660232041203608
JPN,Japan,2022,High income,EAS,Western Pacific,125124989.0,47192.0500603372,4201.79248047,99.1482440697849,99.9478483591655,99.0,98.0,2.361568062666666,5.336611249,8.343504459641515,0.8593258317327521
KAZ,Kazakhstan,2000,Upper middle income,ECS,Europe,15501103.0,7418.19612076858,49.093647,90.0307426152469,96.845702173166,97.0,99.0,42.437535354625,57.90591621,3.913894193662984,3.7480332384172423
KAZ,Kazakhstan,2001,Upper middle income,ECS,Europe,15575550.0,8568.08719492031,49.36683273,90.4543144790286,96.8453385380879,95.0,95.0,39.893854820625,52.91963453,3.91933287769317,3.686222297513687
KAZ,Kazakhstan,2002,Upper middle income,ECS,Europe,15656677.0,9504.45082486949,56.88095856,90.8203534835021,96.8978353203907,95.0,95.0,37.53921140775,48.34695652,4.058388462787171,3.625386024218219
KAZ,Kazakhstan,2003,Upper middle income,ECS,Europe,15747380.0,10532.4466973491,72.90396881,91.1852959284243,96.9502145771284,99.0,99.0,35.34434653575,44.51426419,4.302766531654171,3.565138451285366
KAZ,Kazakhstan,2004,Upper middle income,ECS,Europe,15850159.0,11777.1119570134,108.43822479,91.5491420882344,97.0024793846235,82.0,99.0,33.219654498,41.21662963,4.695360232891073,3.5031417037096313
KAZ,Kazakhstan,2005,Upper middle income,ECS,Europe,15968117.0,13226.1466963892,139.57885742,91.9118915154506,97.0648490891514,98.0,99.0,31.13389420475,37.86806519,4.94576859410056,3.4382970715462795
KAZ,Kazakhstan,2006,Upper middle income,ECS,Europe,16103716.0,14965.7723195676,170.9365387,92.2735462006636,97.1271155183214,99.0,99.0,29.027321918,34.81531813,5.147125447684068,3.368237521559201
KAZ,Kazakhstan,2007,Upper middle income,ECS,Europe,16257214.0,16581.2240531177,174.33786011,92.6340928968716,97.1892688223895,93.0,99.0,26.87132547475,31.79221035,5.166714741854189,3.291059750578974
KAZ,Kazakhstan,2008,Upper middle income,ECS,Europe,16426525.0,17278.4721681147,245.79397583,92.9935442795373,97.2513208704644,99.0,99.0,24.665166666625,28.48642568,5.508553882616631,3.2053919918745075
KAZ,Kazakhstan,2009,Upper middle income,ECS,Europe,16619846.0,17389.0145838316,240.99569702,93.3518871209981,97.3132617625394,98.0,99.0,22.468929473125,24.80580863,5.488919945089513,3.1121334425667486
KAZ,Kazakhstan,2010,Upper middle income,ECS,Europe,16836810.0,18641.8061477073,240.6149292,93.7090293283348,97.3751082146427,99.0,99.0,20.333107584,21.60419396,5.487345257197906,3.01225047301734
KAZ,Kazakhstan,2011,Upper middle income,ECS,Europe,17066002.0,20159.9329426413,293.73300171,94.0651716304314,97.4368392211239,99.0,99.0,18.28486286975,18.80603949,5.68606986755941,2.906073551969722
KAZ,Kazakhstan,2012,Upper middle income,ECS,Europe,17306106.0,21367.2180595372,365.04208374,94.4202016510081,97.4984582188857,99.0,96.0,16.334302634125,16.52728821,5.902748309687515,2.7932673526281038
KAZ,Kazakhstan,2013,Upper middle income,ECS,Europe,17556502.0,23754.1341952117,358.91342163,94.7741258840317,97.5599727804689,98.0,99.0,14.54119787625,14.86633224,5.88586350705426,2.676985853598445
KAZ,Kazakhstan,2014,Upper middle income,ECS,Europe,17816285.0,23958.1128890603,369.68508911,95.1268706638543,97.6213968243494,95.0,99.0,13.026958135375,13.70279709,5.915352885743704,2.5670209130290624
KAZ,Kazakhstan,2015,Upper middle income,ECS,Europe,18084169.0,22484.3651382607,310.01428223,95.4785790078555,97.6826966507758,98.0,99.0,11.856354886,12.76757172,5.739838834693911,2.4728640011354366
KAZ,Kazakhstan,2016,Upper middle income,ECS,Europe,18363600.0,23023.0872293899,255.84049988,95.7465813403663,97.7438938717997,83.0,99.0,11.03495178075,12.17763548,5.548455269194005,2.4010676700344495
KAZ,Kazakhstan,2017,Upper middle income,ECS,Europe,18651931.0,23973.0602295651,272.98272705,95.9970182861121,97.8049933636929,99.0,99.0,10.538977538125,11.65053267,5.613065064437465,2.355080530639632
KAZ,Kazakhstan,2018,Upper middle income,ECS,Europe,18932727.0,25096.1285862615,266.92147827,96.3060818845049,97.8553422711483,98.0,99.0,10.307439012375,11.33807293,5.590693946050602,2.332865868761137
KAZ,Kazakhstan,2019,Upper middle income,ECS,Europe,19209555.0,28689.2710838374,263.61331177,96.6144824644743,97.9051562762041,97.0,99.0,10.207531069,10.92912859,5.5782695594479,2.3231257879493077
KAZ,Kazakhstan,2020,Upper middle income,ECS,Europe,19482117.0,29039.8229624509,329.57086182,96.9217657494766,97.9463161907176,88.0,93.0,10.111074261875,17.91109698,5.800821044237029,2.313631284744045
KAZ,Kazakhstan,2021,Upper middle income,ECS,Europe,19743603.0,32945.8515725823,391.81536865,97.2275162757939,97.9538478987078,95.0,97.0,9.98180766875,22.68461846,5.973339701605952,2.300764203054738
KAZ,Kazakhstan,2022,Upper middle income,ECS,Europe,20034609.0,35895.0839871667,421.60028076,97.531338883182,97.9526402205332,99.0,99.0,9.823405428875,14.04912956,6.046426769545199,2.284767847268169
KEN,Kenya,2000,Lower middle income,SSF,Africa,30642890.0,1906.89794095999,21.53400993,45.3600224507061,23.6473801064419,82.0,78.0,96.301664283375,445.1201549,3.115025720409313,4.56748560093278
KEN,Kenya,2001,Lower middle income,SSF,Africa,31619170.0,1961.05816869463,22.11487579,46.2300505152725,24.3164597238105,80.0,77.0,91.57758125375,433.376416,3.140476383858803,4.517186495586761
KEN,Kenya,2002,Lower middle income,SSF,Africa,32629808.0,1940.4030326056,22.28772163,47.0979850578154,25.0346081207823,84.0,78.0,86.561935402375,436.4186573,3.14792625300534,4.46086017393295
KEN,Kenya,2003,Lower middle income,SSF,Africa,33652223.0,1974.8582021244,25.64012337,47.96372108533,25.7535178867465,73.0,72.0,81.52288397075,428.7528118,3.282418476667472,4.400883765751288
KEN,Kenya,2004,Lower middle income,SSF,Africa,34713455.0,2066.31540638632,27.65002823,48.8271492189302,26.4731149422539,73.0,73.0,76.576544788625,426.0390191,3.355154428500577,4.338290826052738
KEN,Kenya,2005,Lower middle income,SSF,Africa,35796484.0,2188.6956101775,30.9943428,49.6872335728162,27.1932269454509,76.0,69.0,71.489125399125,433.5703773,3.4655590996709744,4.269545345812822
KEN,Kenya,2006,Lower middle income,SSF,Africa,36904008.0,2330.13028941165,40.3040123,50.5448296064454,27.9138955031129,80.0,77.0,67.04647041175,449.6344209,3.720959645369285,4.205385967204883
KEN,Kenya,2007,Lower middle income,SSF,Africa,38036349.0,2481.08706146996,49.44605255,51.3998249048434,28.6350439627237,81.0,80.0,63.131849067375,474.9181392,3.9209044989415056,4.145225381787044
KEN,Kenya,2008,Lower middle income,SSF,Africa,39206351.0,2459.12174524213,54.35681915,52.2521176288935,29.3565994040011,88.0,90.0,58.147303671125,483.9639573,4.013799852108088,4.062979509379303
KEN,Kenya,2009,Lower middle income,SSF,Africa,40408891.0,2480.0442906801,55.455616,53.100725539255,30.0784132028819,88.0,88.0,55.33613840825,498.3071325,4.033454771918277,4.01342619252853
KEN,Kenya,2010,Lower middle income,SSF,Africa,41598567.0,2634.89271323826,58.8164711,53.9464421270489,30.8004947681643,90.0,86.0,53.43336700725,498.3800319,4.091281059485779,3.9784354011515033
KEN,Kenya,2011,Lower middle income,SSF,Africa,42758461.0,2750.28663787693,57.02286911,54.7912792060119,31.5229174481557,96.0,87.0,52.166535936625,494.7507165,4.0608372278325735,3.95444121530177
KEN,Kenya,2012,Lower middle income,SSF,Africa,43888303.0,2847.27068286846,64.48231506,55.6346101711392,32.2455260120869,94.0,93.0,51.184367205125,496.6239733,4.181780107100922,3.935434157398468
KEN,Kenya,2013,Lower middle income,SSF,Africa,44986791.0,3106.39394464885,67.59809875,56.4770636530803,32.9682462912978,87.0,94.0,49.948504423875,485.1164733,4.228264819333194,3.910992563182344
KEN,Kenya,2014,Lower middle income,SSF,Africa,46051440.0,3359.48950665093,72.84589386,57.3176013376785,33.6908976254492,92.0,95.0,48.754745887,471.9145266,4.3019804063483145,3.8868025442337086
KEN,Kenya,2015,Lower middle income,SSF,Africa,47088526.0,3678.32614146019,70.94755554,58.1564256572864,34.4133695043635,89.0,96.0,47.38611192775,453.3893221,4.275937458329548,3.858329188464082
KEN,Kenya,2016,Lower middle income,SSF,Africa,48139687.0,3916.65315673095,73.88768005,58.9933330324144,35.1355349703251,88.0,93.0,45.9921281575,440.933975,4.31598939168023,3.8284702548343277
KEN,Kenya,2017,Lower middle income,SSF,Africa,49197766.0,4177.24993580267,66.46552277,59.82810250315,35.857250498731,81.0,84.0,45.2385674,427.5569173,4.211616693611345,3.8119499840798534
KEN,Kenya,2018,Lower middle income,SSF,Africa,50207107.0,4411.56104120886,75.27681732,60.6609028100369,36.5783889502292,91.0,92.0,44.229678527125,427.9984816,4.334369056212051,3.789396023645027
KEN,Kenya,2019,Lower middle income,SSF,Africa,51202827.0,4687.37782325306,85.64528656,61.4907638599362,37.298797647533,93.0,92.0,43.222609173125,414.8835886,4.4618226183751,3.7663637188337336
KEN,Kenya,2020,Lower middle income,SSF,Africa,52217334.0,4792.57315847182,86.5921936,62.318211896262,38.018340896347,93.0,89.0,42.75028480575,421.1587024,4.4726918798161925,3.755375857483384
KEN,Kenya,2021,Lower middle income,SSF,Africa,53219166.0,5338.85243382781,94.20249176,63.1426684243247,38.7368777065186,95.0,90.0,41.888127686125,420.8537183,4.556006115404368,3.735002437997409
KEN,Kenya,2022,Lower middle income,SSF,Africa,54252461.0,5883.22303961921,91.18416595,63.96426197234,39.454252565811,94.0,89.0,41.067537289375,388.4453994,4.523788379914033,3.7152179624348753
KGZ,Kyrgyz Republic,2000,Lower middle income,ECS,Europe,4898362.0,1861.86559711699,12.0349474,80.9425079923707,92.8282031249624,99.0,98.0,50.732177622625,71.99438168,2.5676340120877184,3.9265603763940593
KGZ,Kyrgyz Republic,2001,Lower middle income,ECS,Europe,4945073.0,1986.16135823429,12.87845421,80.94207386678,92.8282378799564,99.0,99.0,48.099745740625,72.19599885,2.6303375807211453,3.873276891040052
KGZ,Kyrgyz Republic,2002,Lower middle income,ECS,Europe,4990704.0,1998.23788061971,14.4122982,81.5848105745917,93.005572595951,98.0,98.0,45.615286768875,73.58701714,2.735165775136294,3.820242896500794
KGZ,Kyrgyz Republic,2003,Lower middle income,ECS,Europe,5043308.0,2158.19667404533,21.68980598,82.2273533172738,93.1829301574786,98.0,99.0,43.283696397375,74.68118475,3.121915747851709,3.767776037484983
KGZ,Kyrgyz Republic,2004,Lower middle income,ECS,Europe,5104713.0,2343.43044015004,26.37302399,82.870122233362,93.3602758261186,99.0,99.0,41.15336096425,74.27323899,3.309558002517647,3.7173055997112328
KGZ,Kyrgyz Republic,2005,Lower middle income,ECS,Europe,5162640.0,2385.59446517801,34.93693161,83.4769470367777,93.6560226009521,98.0,99.0,39.2947131125,74.45868167,3.581765502362929,3.6710899834262367
KGZ,Kyrgyz Republic,2006,Lower middle income,ECS,Europe,5218373.0,2508.38844842805,44.5950737,84.0832799038686,93.9520874390933,92.0,97.0,37.552205304,76.25105954,3.81979967778963,3.625732106285883
KGZ,Kyrgyz Republic,2007,Lower middle income,ECS,Europe,5268385.0,2769.89508451908,49.61043167,84.6887403319872,94.2485169694254,94.0,99.0,35.706246651375004,75.10522131,3.9241577145316393,3.5753256497080304
KGZ,Kyrgyz Republic,2008,Lower middle income,ECS,Europe,5318729.0,3031.49407050215,62.77722549,85.2935211424602,94.5452869474658,95.0,99.0,33.68186432525,73.33037283,4.155396159381393,3.5169595419172643
KGZ,Kyrgyz Republic,2009,Lower middle income,ECS,Europe,5389643.0,3096.93814114872,59.93972397,85.8977915351228,94.8423723936302,95.0,99.0,31.585925321625,70.74719294,4.109885244010055,3.4527116201578836
KGZ,Kyrgyz Republic,2010,Lower middle income,ECS,Europe,5467059.0,3075.61554332455,60.67642975,86.5050830438754,95.1391384215873,96.0,99.0,29.534643181625,70.89542134,4.121901844149154,3.3855639194817173
KGZ,Kyrgyz Republic,2011,Lower middle income,ECS,Europe,5546587.0,3278.35102220086,78.73632813,87.1151364127598,95.435495439877,96.0,97.0,27.64477235225,69.82206301,4.378725292861865,3.319436645075217
KGZ,Kyrgyz Republic,2012,Lower middle income,ECS,Europe,5652076.0,3588.67988824025,98.66984558,87.7276670753468,95.7313479681621,96.0,98.0,26.019182164625,67.20567342,4.601863179665433,3.258834041561378
KGZ,Kyrgyz Republic,2013,Lower middle income,ECS,Europe,5777150.0,4000.96295765107,103.59209442,88.3419389786488,96.0266897957502,97.0,99.0,24.665093068,63.70302268,4.650067969615874,3.2053890079605614
KGZ,Kyrgyz Republic,2014,Lower middle income,ECS,Europe,5905848.0,4228.1951482992,93.15830994,88.9576674918841,96.3214166857355,96.0,96.0,23.43658871275,61.88775463,4.544977513980404,3.1542984213853877
KGZ,Kyrgyz Republic,2015,Lower middle income,ECS,Europe,6040036.0,4153.3766990372,79.54891205,89.5744309454191,96.6154706740523,97.0,99.0,22.223018001375,57.71723118,4.388864603014079,3.101128598632527
KGZ,Kyrgyz Republic,2016,Lower middle income,ECS,Europe,6175338.0,4603.75964247878,71.52179718,90.1919244806244,96.9087481057027,96.0,97.0,21.04061460075,53.15531878,4.283887167432867,3.046454598505137
KGZ,Kyrgyz Republic,2017,Lower middle income,ECS,Europe,6306696.0,4953.71755085199,76.60479736,90.8095804433615,97.2012105005547,92.0,95.0,19.973343334,48.66456496,4.351629246927779,2.9943985512416633
KGZ,Kyrgyz Republic,2018,Lower middle income,ECS,Europe,6444079.0,4777.94175395575,65.34625244,91.4270880471421,97.4927558595168,94.0,96.0,19.066554955875,49.32973142,4.194887277495048,2.947935750742874
KGZ,Kyrgyz Republic,2019,Lower middle income,ECS,Europe,6590211.0,5304.22758314405,61.39657974,92.0438993396,97.7833519513512,95.0,96.0,18.34639351,46.97892035,4.133510462014183,2.909433016219688
KGZ,Kyrgyz Republic,2020,Lower middle income,ECS,Europe,6726596.0,5178.5619670404,61.25272751,92.5873159897583,98.017628465842,87.0,92.0,17.832985876,55.14403535,4.131202349806636,2.8810498814552585
KGZ,Kyrgyz Republic,2021,Lower middle income,ECS,Europe,6851224.0,5736.47883415154,72.58779144,93.250254637138,98.1478549913374,89.0,93.0,17.471114972875,70.21586742,4.298479134801777,2.8605489442545244
KGZ,Kyrgyz Republic,2022,Lower middle income,ECS,Europe,6975220.0,6577.51217728389,88.07954407,93.777081084542,98.278227766543,90.0,94.0,17.211099865,43.7156829,4.489529724167717,2.8455545166648277
KHM,Cambodia,2000,Lower middle income,EAS,Western Pacific,12462336.0,1255.64037842372,19.27847862,52.3082345073141,10.447277669756,59.0,65.0,105.882800894125,476.0201603,3.009560157171264,4.662332830485827
KHM,Cambodia,2001,Lower middle income,EAS,Western Pacific,12658484.0,1357.42611106265,22.18333626,53.9811685919562,10.7958282120224,60.0,59.0,96.44270252325,437.2086199,3.1434337559414494,4.568949075766149
KHM,Cambodia,2002,Lower middle income,EAS,Western Pacific,12855241.0,1442.46481429844,24.25898743,55.5106135698106,13.5213126606582,54.0,52.0,86.679453730125,398.7261818,3.229182030212312,4.462216874503918
KHM,Cambodia,2003,Lower middle income,EAS,Western Pacific,13050968.0,1597.88226446286,25.00667191,56.9174716552401,16.4957664710748,69.0,65.0,77.99514566925001,365.5351875,3.258353117025351,4.356646589743298
KHM,Cambodia,2004,Lower middle income,EAS,Western Pacific,13244731.0,1769.76235025244,28.80763817,58.3061105388914,19.4886033113327,85.0,80.0,70.750088685,343.9954379,3.394764675097957,4.259153790020794
KHM,Cambodia,2005,Lower middle income,EAS,Western Pacific,13439202.0,2038.1459862512,32.33660507,59.676559152063,22.4997083184805,82.0,79.0,64.74692547375,322.6841196,3.506656044603379,4.170486216421404
KHM,Cambodia,2006,Lower middle income,EAS,Western Pacific,13639028.0,2296.76857875274,32.84370041,61.028548229185,25.5284652809793,80.0,78.0,59.723505214375,302.5515497,3.5217528789370327,4.089725665094152
KHM,Cambodia,2007,Lower middle income,EAS,Western Pacific,13841770.0,2566.14759732553,32.39221573,62.3624172696977,28.5752843908418,82.0,79.0,55.3492300815,290.0233857,3.508322810843444,4.013662749057901
KHM,Cambodia,2008,Lower middle income,EAS,Western Pacific,14053479.0,2768.79237617675,48.62422562,63.6884209485264,31.6569911125652,91.0,89.0,51.2188778615,271.8232049,3.90447913425084,3.936108172321707
KHM,Cambodia,2009,Lower middle income,EAS,Western Pacific,14276810.0,2854.03288376549,55.25073624,65.049262160306,34.8431292661324,94.0,92.0,47.334356839,251.2029402,4.029819129709984,3.8572363920585246
KHM,Cambodia,2010,Lower middle income,EAS,Western Pacific,14500726.0,2988.50401439457,53.58575439,66.3891055650022,38.0399288332331,90.0,90.0,43.727275791125,234.1225532,3.999772940100229,3.777972067374696
KHM,Cambodia,2011,Lower middle income,EAS,Western Pacific,14722584.0,3223.10209351638,65.3871994,67.7079968252659,41.2469119068715,91.0,88.0,40.47973786175,214.2547115,4.19550425777743,3.7008015492109596
KHM,Cambodia,2012,Lower middle income,EAS,Western Pacific,14945085.0,3583.48229739437,68.90019989,69.0059822259685,44.4635910579506,90.0,84.0,37.676040222125,196.7638458,4.247068508892328,3.6290243545394945
KHM,Cambodia,2013,Lower middle income,EAS,Western Pacific,15170208.0,3890.94841205221,65.39577484,70.2828703284751,47.6891050739855,86.0,79.0,35.277347807875,181.8645322,4.19563342253008,3.563241052799023
KHM,Cambodia,2014,Lower middle income,EAS,Western Pacific,15396772.0,4117.78868309006,63.1011467,71.539204338713,50.9237116921206,90.0,83.0,33.2660655645,171.9225379,4.160462253002184,3.504537825282652
KHM,Cambodia,2015,Lower middle income,EAS,Western Pacific,15623251.0,4433.64393500572,70.23264313,72.7747960661074,54.1665197831593,91.0,85.0,31.59029652825,165.778236,4.265951184279213,3.4528500015458166
KHM,Cambodia,2016,Lower middle income,EAS,Western Pacific,15852803.0,4748.12428521528,75.22520447,73.9897142664689,57.417022532982,91.0,85.0,30.141121103125,159.1750488,4.333692175323984,3.4058903890269807
KHM,Cambodia,2017,Lower middle income,EAS,Western Pacific,16073372.0,5050.06356615113,77.97311401,75.1838204777674,60.6744151428492,90.0,85.0,28.84915113675,154.6800766,4.369107465554627,3.3620805691850117
KHM,Cambodia,2018,Lower middle income,EAS,Western Pacific,16274522.0,5616.98087023303,91.59080505,76.3583989017941,63.9398472470947,89.0,86.0,27.698965948625,151.1948181,4.52818983920561,3.3213950821219482
KHM,Cambodia,2019,Lower middle income,EAS,Western Pacific,16481304.0,6153.99439528427,112.5851059,77.5132246974306,67.2122392007629,88.0,87.0,26.628837152,148.8464661,4.732552387656168,3.2819947320305087
KHM,Cambodia,2020,Lower middle income,EAS,Western Pacific,16725474.0,5942.45380373929,106.79976654,78.6484857238686,70.4910427870757,86.0,83.0,25.6092183715,163.9764828,4.680275492795372,3.242952379304442
KHM,Cambodia,2021,Lower middle income,EAS,Western Pacific,16974305.0,6225.53265474741,137.38909912,79.7640004029773,73.7752065517154,86.0,83.0,24.703168694,188.8152528,4.93006927649774,3.2069315226123094
KHM,Cambodia,2022,Lower middle income,EAS,Western Pacific,17201724.0,6918.81626947213,103.89541626,80.8599549237853,77.0641162411033,84.0,83.0,23.794964862125,158.5692006,4.652963818165368,3.1694739978804516
KIR,Kiribati,2000,Lower middle income,EAS,Western Pacific,88613.0,1637.93601427336,65.61151886,56.1653892565175,29.4332516112154,90.0,80.0,66.330019189625,118.5042265,4.19887751844706,4.19464257284279
KIR,Kiribati,2001,Lower middle income,EAS,Western Pacific,90335.0,1591.2366300314,85.88798523,57.3246303582442,30.4939861959849,85.0,76.0,64.548841145125,113.3166125,4.464619762988769,4.167422164306168
KIR,Kiribati,2002,Lower middle income,EAS,Western Pacific,92264.0,1605.07533314676,92.96794891,58.3321099401164,31.411410840326,77.0,88.0,63.049164874125,109.4231877,4.54295375508429,4.143914816869202
KIR,Kiribati,2003,Lower middle income,EAS,Western Pacific,94175.0,1578.28790886587,102.43731689,59.3399106669223,32.3289642125859,70.0,72.0,61.951717067625005,105.4847471,4.638965795322081,4.126355324682568
KIR,Kiribati,2004,Lower middle income,EAS,Western Pacific,96085.0,1578.83869125735,132.29045105,60.3477274331315,33.2463631405513,62.0,56.0,61.217425493875,105.5659493,4.892530589584993,4.114431879282379
KIR,Kiribati,2005,Lower middle income,EAS,Western Pacific,98035.0,1616.57992111619,131.88641357,61.3552527879544,34.163338666221,79.0,85.0,60.68990504725,103.55336,4.889494730019268,4.105777375293071
KIR,Kiribati,2006,Lower middle income,EAS,Western Pacific,100017.0,1727.77052465174,126.86061859,62.5045689065929,35.2022104813693,86.0,61.0,60.242619950375,102.3306698,4.850940753352844,4.098380074417989
KIR,Kiribati,2007,Lower middle income,EAS,Western Pacific,102068.0,1792.04651189378,148.0586853,63.7644097380592,36.3306938222446,94.0,93.0,59.819084380625,100.69176,5.004340089476372,4.091324746843019
KIR,Kiribati,2008,Lower middle income,EAS,Western Pacific,104222.0,1735.4318976867,190.33927917,64.9939842741725,37.1173607941238,82.0,72.0,59.266049568,100.366032,5.254048182970008,4.082036622119016
KIR,Kiribati,2009,Lower middle income,EAS,Western Pacific,106467.0,1718.4917143995,167.97206116,66.1469251372886,37.8765617583736,86.0,82.0,58.695583779125,99.08535467,5.129733382676569,4.07236449025811
KIR,Kiribati,2010,Lower middle income,EAS,Western Pacific,108704.0,1724.46710150819,133.15927124,67.1728362624079,38.6081785659638,91.0,89.0,58.16611691725,101.8585112,4.899027685478733,4.063303001650339
KIR,Kiribati,2011,Lower middle income,EAS,Western Pacific,110647.0,1785.57208346912,141.5138092,68.18756629104,39.3118291707544,99.0,90.0,57.885000886875005,98.48148857,4.959438901680224,4.058458298979018
KIR,Kiribati,2012,Lower middle income,EAS,Western Pacific,112284.0,1896.32489937688,146.6194458,69.1908876881434,39.9871295227772,94.0,91.0,57.768363333125,97.64742316,4.994637650101016,4.056441278651415
KIR,Kiribati,2013,Lower middle income,EAS,Western Pacific,113838.0,2049.3339030677,154.34346008,70.1813879382686,40.6328916636928,95.0,91.0,57.936396351875,92.90915402,5.045638536980591,4.059345794201814
KIR,Kiribati,2014,Lower middle income,EAS,Western Pacific,115326.0,2084.13105379102,155.38656616,71.1597633531566,41.2494292871662,75.0,88.0,58.362589563125,91.39923758,5.052330930304453,4.066675094896435
KIR,Kiribati,2015,Lower middle income,EAS,Western Pacific,116815.0,2310.60312873612,118.3345871,72.1255004626904,41.8362047246118,78.0,84.0,58.88648170575,90.3856593,4.781931204101979,4.075611551679662
KIR,Kiribati,2016,Lower middle income,EAS,Western Pacific,118478.0,2462.83260410374,157.72897339,73.0741373998847,42.3903837205277,81.0,80.0,59.467789972375,88.09769982,5.067198177913767,4.085434820969375
KIR,Kiribati,2017,Lower middle income,EAS,Western Pacific,120275.0,2562.06561789397,179.57881165,74.0045165430556,42.9115121446096,90.0,81.0,59.823288346875,89.6406784,5.196167312117842,4.091395022384299
KIR,Kiribati,2018,Lower middle income,EAS,Western Pacific,122084.0,2671.76272781707,208.73831177,74.9172098884573,43.4001999878848,95.0,84.0,59.787196999,86.87804139,5.345860619217766,4.090791541027861
KIR,Kiribati,2019,Lower middle income,EAS,Western Pacific,123921.0,2762.93796874918,177.93025208,75.8122291109265,43.8567170359075,97.0,94.0,59.279592798625,89.14798668,5.1869960767218695,4.082265111845228
KIR,Kiribati,2020,Lower middle income,EAS,Western Pacific,126099.0,2710.90622817554,239.24353027,76.6890512985404,44.2810965836604,92.0,82.0,58.5457140125,88.97304096,5.481653118330677,4.06980788518669
KIR,Kiribati,2021,Lower middle income,EAS,Western Pacific,128377.0,3020.49399935695,263.09573364,77.5479842310266,44.6738091395008,90.0,80.0,57.560710976125,121.7346352,5.5763116648371245,4.052840233856104
KIR,Kiribati,2022,Lower middle income,EAS,Western Pacific,130469.0,3329.34434464861,217.68276978,78.7016541788502,45.0352022161591,91.0,85.0,56.416493625125,86.02298951,5.387622139851104,4.032761555913515
KNA,St. Kitts and Nevis,2000,High income,LCN,Americas,45248.0,15256.4305904132,446.66659546,98.4498940767374,86.4508633800915,99.0,99.0,23.82505045133333,143.3239583,6.104048748793313,3.170737567117597
KNA,St. Kitts and Nevis,2001,High income,LCN,Americas,45761.0,16235.424658459,440.21563721,98.4623525425581,87.1049196213683,99.0,90.0,22.87091796333333,131.0635782,6.089533729203681,3.1298661455471986
KNA,St. Kitts and Nevis,2002,High income,LCN,Americas,46020.0,16619.1655126465,465.07720947,98.4748110083788,87.7589758626448,97.0,99.0,21.937856088333334,114.5030562,6.144351305959249,3.0882137330411665
KNA,St. Kitts and Nevis,2003,High income,LCN,Americas,46176.0,16225.6744091063,482.87136841,98.4872694741995,88.4130321039216,99.0,98.0,21.066361924,110.5839796,6.181819103646191,3.0476775467471624
KNA,St. Kitts and Nevis,2004,High income,LCN,Americas,46315.0,17275.8639872488,491.62530518,98.4997279400202,89.0670883451984,96.0,98.0,20.304733807,104.3000174,6.199748855012565,3.01085405132566
KNA,St. Kitts and Nevis,2005,High income,LCN,Americas,46437.0,19500.3236562848,556.97229004,98.5121864058409,89.7211445864751,99.0,99.0,19.683231269,102.2693829,6.324309301721717,2.97976706864429
KNA,St. Kitts and Nevis,2006,High income,LCN,Americas,46569.0,20676.1880812828,689.44549561,98.5246448716616,90.3752008277517,99.0,99.0,19.214436919,98.99029401,6.537337035063313,2.9556619193459515
KNA,St. Kitts and Nevis,2007,High income,LCN,Americas,46706.0,21301.2400258064,707.96960449,98.5371033374823,91.0292570690285,99.0,99.0,18.894770913666665,96.27308231,6.563812654654044,2.9388852125504816
KNA,St. Kitts and Nevis,2008,High income,LCN,Americas,46835.0,24102.1993843646,881.09844971,98.549561803303,91.6833133103052,99.0,99.0,18.733413113666668,94.84777177,6.782303670764027,2.9303087269591224
KNA,St. Kitts and Nevis,2009,High income,LCN,Americas,46916.0,23384.7350983217,872.67474365,98.5620202691237,92.337369551582,98.0,99.0,18.696814943333333,93.33372986,6.772708159538164,2.928353185467863
KNA,St. Kitts and Nevis,2010,High income,LCN,Americas,46846.0,23691.4477936151,867.4453125,98.5744787349444,92.9914257928585,96.0,99.0,18.748391197,91.77565817,6.7667046159381,2.93110794590848
KNA,St. Kitts and Nevis,2011,High income,LCN,Americas,46886.0,24550.1651914562,922.20574951,98.5869372007651,93.6454820341353,98.0,99.0,18.889729689000003,89.88039858,6.827852123539902,2.9386183716704295
KNA,St. Kitts and Nevis,2012,High income,LCN,Americas,47033.0,23457.8938878076,880.91064453,98.5993956665858,94.2995382754121,98.0,95.0,19.078311649333333,88.07637273,6.782090740817892,2.9485521741244147
KNA,St. Kitts and Nevis,2013,High income,LCN,Americas,47069.0,24624.4362309063,938.89459229,98.6118541324065,94.9535945166888,97.0,99.0,19.270605676666666,82.27753335,6.845767733114652,2.9585809129996186
KNA,St. Kitts and Nevis,2014,High income,LCN,Americas,47089.0,26755.5969780771,962.25469971,98.6118541324065,94.9535945166888,98.0,93.0,19.415396451666663,81.94962021,6.87031786250812,2.966066382839514
KNA,St. Kitts and Nevis,2015,High income,LCN,Americas,47087.0,26877.4665031101,1042.15063477,98.6118541324065,94.9535945166888,94.0,95.0,19.393131558,76.39768971,6.950000869088376,2.964918959979059
KNA,St. Kitts and Nevis,2016,High income,LCN,Americas,47075.0,28214.709934443,1161.87097168,98.6118541324065,94.9535945166888,98.0,98.0,19.214898747000003,74.56874828,7.05864720197867,2.9556859545259524
KNA,St. Kitts and Nevis,2017,High income,LCN,Americas,47050.0,29578.6311625727,1186.42663574,98.6118541324065,94.9535945166888,98.0,93.0,18.92188639033333,74.00377323,7.079543753570833,2.940319262159658
KNA,St. Kitts and Nevis,2018,High income,LCN,Americas,47008.0,30794.8986482634,1121.13977051,95.08595516798411,98.89632012252255,98.0,96.0,18.573653305,77.81832968,7.022992650971172,2.9217440875717733
KNA,St. Kitts and Nevis,2019,High income,LCN,Americas,46952.0,32482.094417215,1224.18933105,95.08595516798411,98.89632012252255,97.0,97.0,18.16937045333333,74.41499613,7.11085066699547,2.8997372342202397
KNA,St. Kitts and Nevis,2020,High income,LCN,Americas,46870.0,27326.036057423,1067.84997559,95.08595516798411,98.89632012252255,99.0,95.0,17.700317362333333,79.63984912,6.97433856028766,2.873582569494371
KNA,St. Kitts and Nevis,2021,High income,LCN,Americas,46763.0,26896.6177065978,1132.58447266,95.08595516798411,98.89632012252255,96.0,96.0,17.21441609333333,110.7892662,7.033139990911455,2.845747177733298
KNA,St. Kitts and Nevis,2022,High income,LCN,Americas,46709.0,31870.8813784505,1161.22058105,95.08595516798411,98.89632012252255,96.0,95.0,16.724451707,99.28244045,7.058087748183227,2.8168718226368634
KOR,"Korea, Rep.",2000,High income,EAS,Western Pacific,47008111.0,19236.9088359303,475.2520752,95.08595516798411,100.0,97.0,95.0,7.539679877333334,15.46413608,6.165947283806745,2.0201797245314674
KOR,"Korea, Rep.",2001,High income,EAS,Western Pacific,47370164.0,20442.2142872054,503.15795898,95.08595516798411,100.0,97.0,96.0,7.1392991913333335,14.02602099,6.222889629643106,1.9656146190599006
KOR,"Korea, Rep.",2002,High income,EAS,Western Pacific,47644736.0,22173.4881729168,536.91662598,98.7656134279428,100.0,97.0,97.0,6.764747279333334,13.46689171,6.2877035778552495,1.9117249038419328
KOR,"Korea, Rep.",2003,High income,EAS,Western Pacific,47892330.0,22919.7417096314,684.79833984,98.7656134279428,100.0,97.0,96.0,6.384390193333334,13.12289656,6.530583619261819,1.853855978789333
KOR,"Korea, Rep.",2004,High income,EAS,Western Pacific,48082519.0,24658.1761189212,764.49401855,98.7656134279428,100.0,88.0,99.0,5.977001273333333,12.21845821,6.640521401285369,1.7879189828809656
KOR,"Korea, Rep.",2005,High income,EAS,Western Pacific,48184561.0,26179.3421262581,944.55078125,98.7656134279428,100.0,96.0,99.0,5.561681544333333,11.35211645,6.851767595011638,1.7159004985691084
KOR,"Korea, Rep.",2006,High income,EAS,Western Pacific,48438292.0,27972.3847629351,1130.53796387,98.7656134279428,100.0,98.0,99.0,5.169474908333333,10.46944715,7.031333016318079,1.6427711182429738
KOR,"Korea, Rep.",2007,High income,EAS,Western Pacific,48683638.0,30255.391009159,1256.36437988,98.8370462636784,100.0,91.0,92.0,4.8234003376666665,10.08498142,7.136773047155784,1.5734791435857738
KOR,"Korea, Rep.",2008,High income,EAS,Western Pacific,49054708.0,31211.0593469455,1186.375,98.9084790994141,99.9913543263754,94.0,92.0,4.533566130333333,9.208178768,7.079500267210347,1.5115088550348252
KOR,"Korea, Rep.",2009,High income,EAS,Western Pacific,49307835.0,30739.9572294348,1150.97253418,98.9799119351498,99.9749792813269,94.0,93.0,4.304091940666667,8.624100352,7.049230999113976,1.4595661843103842
KOR,"Korea, Rep.",2010,High income,EAS,Western Pacific,49554112.0,33120.351934563,1417.10913086,99.0513447708854,99.9586042362784,94.0,98.0,4.122772544333333,8.476257307,7.257079665244964,1.4165258846874165
KOR,"Korea, Rep.",2011,High income,EAS,Western Pacific,49936638.0,33944.2511879769,1570.54943848,99.1227776066211,99.9422291912298,99.0,99.0,3.972136266,8.021415508,7.35981731516372,1.3793040522409923
KOR,"Korea, Rep.",2012,High income,EAS,Western Pacific,50199853.0,35061.5531929083,1603.93432617,99.1942104423568,99.9258541461813,99.0,99.0,3.840820843333333,7.791728092,7.380838116452797,1.3456861050406694
KOR,"Korea, Rep.",2013,High income,EAS,Western Pacific,50428893.0,35844.2253782408,1738.80847168,99.2656432780924,99.9094791011328,99.0,99.0,3.721130909333333,7.147881878,7.461530312402889,1.314027629969326
KOR,"Korea, Rep.",2014,High income,EAS,Western Pacific,50746659.0,37032.1724172561,1922.98803711,99.3370761138281,99.8931040560842,99.0,99.0,3.611265330333333,6.589547019,7.562155413488027,1.2840582179490987
KOR,"Korea, Rep.",2015,High income,EAS,Western Pacific,51014947.0,39794.1961180043,1950.89575195,99.4085089495638,99.8767290110357,98.0,98.0,3.5089530616666664,6.430944003,7.57655635978358,1.2553177199560872
KOR,"Korea, Rep.",2016,High income,EAS,Western Pacific,51217803.0,41672.6278317077,2042.72949219,99.4799417852994,99.8603539659872,98.0,98.0,3.411447828,6.067678779,7.622531600192772,1.2271367841767746
KOR,"Korea, Rep.",2017,High income,EAS,Western Pacific,51361911.0,43155.9100867658,2258.15307617,99.5513746210351,99.8439789209386,97.0,97.0,3.319744608333333,5.604310688,7.722745276974333,1.1998878547686989
KOR,"Korea, Rep.",2018,High income,EAS,Western Pacific,51585058.0,45511.0803506331,2523.04003906,99.6228074567707,99.8276038758901,98.0,98.0,3.2268416196666667,5.332780047,7.833616086871257,1.1715038321215467
KOR,"Korea, Rep.",2019,High income,EAS,Western Pacific,51764822.0,46511.2196957018,2602.4831543,99.6942402925064,99.8112288308416,98.0,98.0,3.1300044756666665,4.925077315,7.864605502176797,1.141034434476492
KOR,"Korea, Rep.",2020,High income,EAS,Western Pacific,51836239.0,47881.4921344193,2699.6640625,99.7656731282421,99.7948537857931,98.0,98.0,3.0306360266666665,11.5727522,7.901252970825979,1.1087725072842791
KOR,"Korea, Rep.",2021,High income,EAS,Western Pacific,51769539.0,51718.2518656631,3125.82714844,99.8371059639777,99.7784787407445,98.0,98.0,2.934164626,5.202866463,8.047774078808162,1.0764227878944814
KOR,"Korea, Rep.",2022,High income,EAS,Western Pacific,51672569.0,55509.3368761174,3078.55151367,99.9085387997134,99.762103695696,98.0,97.0,2.843058379,6.601940111,8.032539252920294,1.044880366752796
KWT,Kuwait,2000,High income,MEA,Eastern Mediterranean,1954709.0,58702.8672675608,425.20968628,100.0,100.0,98.0,99.0,12.720012133666666,11.24363987,6.054931446482751,2.5431765118161334
KWT,Kuwait,2001,High income,MEA,Eastern Mediterranean,2008121.0,58552.7838606833,553.75134277,100.0,100.0,99.0,99.0,12.509859200666668,11.17988152,6.318519982305492,2.52651706947277
KWT,Kuwait,2002,High income,MEA,Eastern Mediterranean,2059974.0,59713.1721658956,578.41534424,100.0,100.0,99.0,97.0,12.320002754666666,10.99496052,6.3620195679669775,2.5112241816984224
KWT,Kuwait,2003,High income,MEA,Eastern Mediterranean,2109881.0,69752.3841102469,626.35095215,100.0,100.0,99.0,97.0,12.120705062333334,10.8321955,6.441506116337879,2.4949151524090043
KWT,Kuwait,2004,High income,MEA,Eastern Mediterranean,2157320.0,77226.6367623393,649.42504883,100.0,100.0,98.0,97.0,11.918308082666664,10.67486652,6.47762607045325,2.4780757121892556
KWT,Kuwait,2005,High income,MEA,Eastern Mediterranean,2236788.0,84968.0197570073,727.25366211,100.0,100.0,99.0,99.0,11.727903867,10.20420212,6.59064942447091,2.461970948231438
KWT,Kuwait,2006,High income,MEA,Eastern Mediterranean,2364733.0,89075.2245194595,782.20379639,100.0,100.0,99.0,99.0,11.554442708000002,9.827561892,6.66339293848494,2.4470700130522296
KWT,Kuwait,2007,High income,MEA,Eastern Mediterranean,2507887.0,91434.9043845313,880.71105957,100.0,100.0,99.0,99.0,11.394507859666666,9.509939249,6.781864405475807,2.4331314726176827
KWT,Kuwait,2008,High income,MEA,Eastern Mediterranean,2651421.0,90337.3567922745,1069.46472168,100.0,100.0,99.0,99.0,11.234334513,9.294535951,6.975848152493716,2.4189746705050896
KWT,Kuwait,2009,High income,MEA,Eastern Mediterranean,2795484.0,80110.0698071973,1025.90490723,100.0,100.0,99.0,99.0,11.014122087333334,9.075756341,6.934304612876248,2.3991782755194877
KWT,Kuwait,2010,High income,MEA,Eastern Mediterranean,2943372.0,75184.0865924781,1050.41589355,100.0,100.0,98.0,98.0,10.697561624333332,8.785147565,6.957893004829968,2.3700158299216727
KWT,Kuwait,2011,High income,MEA,Eastern Mediterranean,3132814.0,79036.7857441182,1147.15539551,100.0,100.0,99.0,99.0,10.312028074666664,8.466134321,7.045911929661419,2.3333109881571
KWT,Kuwait,2012,High income,MEA,Eastern Mediterranean,3337109.0,82089.726133145,1216.8684082,100.0,100.0,98.0,99.0,9.926318763,8.381727776,7.104857403188519,2.295189690592787
KWT,Kuwait,2013,High income,MEA,Eastern Mediterranean,3507844.0,76812.5387330449,1235.29321289,100.0,100.0,99.0,99.0,9.583489807333336,8.098182864,7.119872837140981,2.2600418061636933
KWT,Kuwait,2014,High income,MEA,Eastern Mediterranean,3665876.0,68336.5991533112,1293.8326416,100.0,100.0,95.0,94.0,9.301869451333332,8.069331152,7.166136731496454,2.2302153962305478
KWT,Kuwait,2015,High income,MEA,Eastern Mediterranean,3834574.0,45267.3085347452,1259.55786133,100.0,100.0,99.0,93.0,9.096374628,7.864375152,7.139309649049253,2.2078759416159452
KWT,Kuwait,2016,High income,MEA,Eastern Mediterranean,4004096.0,41862.1739255505,1292.71984863,100.0,100.0,99.0,99.0,8.959496685333333,7.776070975,7.165276951335341,2.1927140518971435
KWT,Kuwait,2017,High income,MEA,Eastern Mediterranean,4154812.0,46565.5499504554,1351.72387695,100.0,100.0,99.0,99.0,8.884609537666668,7.751411372,7.209875525266341,2.184320514401971
KWT,Kuwait,2018,High income,MEA,Eastern Mediterranean,4323515.0,51370.7320595252,1658.60375977,100.0,100.0,91.0,98.0,8.85796717,7.509217817,7.414334153923729,2.181317299239905
KWT,Kuwait,2019,High income,MEA,Eastern Mediterranean,4442316.0,50703.0001343301,1643.16491699,100.0,100.0,92.0,97.0,8.854889031333334,7.478868216,7.404987885055768,2.1809697394039684
KWT,Kuwait,2020,High income,MEA,Eastern Mediterranean,4400267.0,41461.7235642777,1542.72143555,100.0,100.0,93.0,95.0,8.854993233666667,32.91985321,7.34195129691765,2.1809815071087755
KWT,Kuwait,2021,High income,MEA,Eastern Mediterranean,4360865.0,50651.9575337091,1829.13134766,100.0,100.0,94.0,94.0,8.841192603333333,74.75770968,7.512143017937383,2.179421777429369
KWT,Kuwait,2022,High income,MEA,Eastern Mediterranean,4589643.0,55043.0022635849,1683.39929199,100.0,100.0,96.0,99.0,8.805337466666666,7.726598107,7.429164275954034,2.1753580679220295
LAO,Lao PDR,2000,Lower middle income,EAS,Western Pacific,5431212.0,1793.88582607334,14.10313892,48.3413334597011,28.5792078387046,51.0,42.0,107.441997154875,609.0945431,2.71490259771445,4.676951140602111
LAO,Lao PDR,2001,Lower middle income,EAS,Western Pacific,5521482.0,1908.06236587412,14.46665001,50.5352610633994,31.5102351712047,52.0,50.0,103.305024943875,573.60326,2.738686093623865,4.637686019123287
LAO,Lao PDR,2002,Lower middle income,EAS,Western Pacific,5610889.0,2019.69774849056,12.90540886,52.7107421470585,34.4269495344491,53.0,55.0,99.09144474275,550.3891244,2.632277891065223,4.5960431080709885
LAO,Lao PDR,2003,Lower middle income,EAS,Western Pacific,5697945.0,2151.15099595789,17.59125519,54.8653838022074,37.3258889602635,49.0,42.0,94.885977307,524.2539479,2.9226913190882167,4.552675931863316
LAO,Lao PDR,2004,Lower middle income,EAS,Western Pacific,5781626.0,2315.43379527395,16.23278809,56.9994142749096,40.206970140516,45.0,36.0,90.793949444625,492.4518499,2.846813853467611,4.508592647314554
LAO,Lao PDR,2005,Lower middle income,EAS,Western Pacific,5869523.0,2519.46135100017,17.33082581,59.0427496607497,43.0065419549901,49.0,41.0,86.720320396875,458.3534025,2.908584113209945,4.462688232297922
LAO,Lao PDR,2006,Lower middle income,EAS,Western Pacific,5963200.0,2776.69752328527,19.22654533,60.9334481098934,45.6181272062028,57.0,48.0,82.673186552375,431.7553946,3.0069958669478214,4.4148953239720115
LAO,Lao PDR,2007,Lower middle income,EAS,Western Pacific,6056236.0,3021.44173114012,24.56666374,62.8062763559799,48.2158994762992,50.0,40.0,78.775149932375,401.926919,3.241289305233125,4.36659759094048
LAO,Lao PDR,2008,Lower middle income,EAS,Western Pacific,6148969.0,3270.5575102335,26.74945259,64.6620895988517,50.8009551119223,61.0,52.0,74.97287225575,374.4275278,3.323216113511388,4.3171263448492425
LAO,Lao PDR,2009,Lower middle income,EAS,Western Pacific,6241642.0,3485.06827740268,35.71521378,66.4995750629687,53.3715578045122,67.0,59.0,71.32785652162501,336.3957537,3.6031912135748967,4.267286945671952
LAO,Lao PDR,2010,Lower middle income,EAS,Western Pacific,6334194.0,3772.26605172404,34.52460861,68.3192708714706,55.92839334626,74.0,64.0,67.91700002875,304.5790989,3.570225656610721,4.218286371839589
LAO,Lao PDR,2011,Lower middle income,EAS,Western Pacific,6426590.0,4099.78457330741,27.11878395,70.1211055659738,58.4713447138194,76.0,67.0,64.6186020455,267.3203025,3.3364378209860344,4.168502326697474
LAO,Lao PDR,2012,Lower middle income,EAS,Western Pacific,6518978.0,4780.94733000167,32.46548843,71.9052632997901,61.0006356441256,77.0,69.0,61.492200898125006,240.8182692,3.510514711694863,4.1189103521061785
LAO,Lao PDR,2013,Lower middle income,EAS,Western Pacific,6611385.0,5221.59855783339,43.49770355,73.6706450859176,63.5147843127718,83.0,78.0,58.517106779125,215.4004922,3.7954375822226014,4.069319135065157
LAO,Lao PDR,2014,Lower middle income,EAS,Western Pacific,6703172.0,5798.50436730091,45.53330612,75.4180039823174,66.0147584184353,83.0,81.0,55.7422709495,192.8140994,3.840168316846238,4.020738763052007
LAO,Lao PDR,2015,Lower middle income,EAS,Western Pacific,6801645.0,6086.0673044622,52.04236603,77.1470405122433,68.5001364815887,82.0,78.0,53.182819359125,179.6472577,3.9710909532914296,3.973735399812484
LAO,Lao PDR,2016,Lower middle income,EAS,Western Pacific,6908802.0,6743.01053953037,54.3762207,78.8579483150043,70.9711485336486,82.0,76.0,50.844445079375,164.8354447,4.0141502723661215,3.9287708752170762
LAO,Lao PDR,2017,Lower middle income,EAS,Western Pacific,7018147.0,7141.90652701767,61.42248535,80.5500537342279,73.4268509487817,78.0,78.0,48.744480982625,153.6541652,4.133925552615178,3.8865919804222306
LAO,Lao PDR,2018,Lower middle income,EAS,Western Pacific,7128045.0,7486.86452700433,57.1708374,82.2233994378671,75.8672585757636,75.0,75.0,46.80233746925,144.7913907,4.063384153555687,3.84593314760049
LAO,Lao PDR,2019,Lower middle income,EAS,Western Pacific,7237636.0,7743.21906534261,67.57865143,83.8782119453961,78.292642485837,66.0,70.0,45.0300053145,136.5427228,4.227981282653622,3.8073290523347927
LAO,Lao PDR,2020,Lower middle income,EAS,Western Pacific,7346533.0,7913.38660650276,51.96581268,85.8856322944911,80.7027420895793,61.0,63.0,43.411668714625,132.0097849,3.9696466616482953,3.770728269361087
LAO,Lao PDR,2021,Lower middle income,EAS,Western Pacific,7453194.0,8080.43553249923,68.61697388,87.5242448127318,83.0975867054683,65.0,62.0,41.857474109875,138.8521236,4.243008415193277,3.734270373818238
LAO,Lao PDR,2022,Lower middle income,EAS,Western Pacific,7559007.0,8766.44062611094,41.34779739,89.1450177580789,85.1292056400031,70.0,65.0,40.397030601875,119.9319197,3.745916410064285,3.6987562823122615
LBN,Lebanon,2000,Lower middle income,MEA,Eastern Mediterranean,4329340.0,7937.95653006732,425.70095825,84.3171788931217,76.9237295197972,83.0,71.0,19.860072754,23.62113002,6.056083435914423,2.9887113219537205
LBN,Lebanon,2001,Lower middle income,MEA,Eastern Mediterranean,4401918.0,8289.38389027926,416.57485962,84.7752376134038,76.9237295197972,80.0,65.0,18.82931010133333,22.05506005,6.034463832696825,2.9354147037256024
LBN,Lebanon,2002,Lower middle income,MEA,Eastern Mediterranean,4463504.0,8586.24040685397,391.74139404,85.233296333686,76.9237295197972,77.0,59.0,17.826518276666665,20.596176,5.973151364839643,2.880687139484615
LBN,Lebanon,2003,Lower middle income,MEA,Eastern Mediterranean,4525508.0,8914.48277917793,373.35971069,85.6913550539682,78.2329078327086,74.0,53.0,16.857379294,19.28135906,5.925217128476491,2.8247885012272436
LBN,Lebanon,2004,Lower middle income,MEA,Eastern Mediterranean,4599279.0,9609.01282633629,368.01425171,86.1494137742504,79.54208614562,75.0,60.0,15.950001776333332,18.2102946,5.910835265815022,2.7694589405997085
LBN,Lebanon,2005,Lower middle income,MEA,Eastern Mediterranean,4671102.0,10019.9941540441,347.40252686,86.6074724945326,80.8512644585314,77.0,67.0,15.135015512666667,17.28005047,5.8533584977075,2.7170109674263556
LBN,Lebanon,2006,Lower middle income,MEA,Eastern Mediterranean,4751136.0,10312.3533312551,401.43670654,87.0655312148148,82.1604427714428,78.0,75.0,14.415608313,17.21413303,5.997537833661111,2.6683115301999707
LBN,Lebanon,2007,Lower middle income,MEA,Eastern Mediterranean,4844118.0,11355.6629756249,438.71112061,87.5235899350969,83.4696210843542,80.0,82.0,13.811489286333334,15.87527316,6.086117967224688,2.625500802760515
LBN,Lebanon,2008,Lower middle income,MEA,Eastern Mediterranean,4925354.0,12415.9400064273,462.17767334,87.9816486553791,84.7787993972656,81.0,89.0,13.316830380666667,15.47578573,6.138110724190349,2.5890286773860014
LBN,Lebanon,2009,Lower middle income,MEA,Eastern Mediterranean,4992287.0,13586.1444830435,496.88284302,88.4397073756613,86.087977710177,81.0,88.0,12.931897019,15.02832636,6.21036479436794,2.5596968965620706
LBN,Lebanon,2010,Lower middle income,MEA,Eastern Mediterranean,5041288.0,14703.6153215084,567.25506592,88.8977660959435,87.3971560230884,82.0,86.0,12.659157648333334,14.78867613,6.34257037764232,2.53838087803582
LBN,Lebanon,2011,Lower middle income,MEA,Eastern Mediterranean,5096020.0,14974.553438993,640.69805908,89.3558248162257,88.7063343359999,82.0,85.0,12.478764420666666,14.53500939,6.46411788009863,2.524028353285714
LBN,Lebanon,2012,Lower middle income,MEA,Eastern Mediterranean,5235742.0,16121.335238646,588.83917236,89.8138835365079,90.0155126489113,83.0,83.0,12.392593279333331,14.2629718,6.379849910520232,2.517098977963814
LBN,Lebanon,2013,Lower middle income,MEA,Eastern Mediterranean,5743436.0,16315.6137748763,576.87176514,90.27194225679,91.3246909618227,83.0,82.0,12.411889831333331,13.46713541,6.359351984438514,2.5186548705665075
LBN,Lebanon,2014,Lower middle income,MEA,Eastern Mediterranean,6346990.0,16139.8649966955,569.97937012,90.7300009770723,92.6338692747341,83.0,82.0,12.522522572333337,14.14727958,6.347353079616288,2.527528828790101
LBN,Lebanon,2015,Lower middle income,MEA,Eastern Mediterranean,6472469.0,17045.898285301,572.07220459,91.1880596973545,93.9430475876455,83.0,82.0,12.730198045,14.86967757,6.35101172027683,2.543976969793156
LBN,Lebanon,2016,Lower middle income,MEA,Eastern Mediterranean,6323060.0,18940.5901000453,640.96563721,91.6461184176367,95.2522259005569,83.0,82.0,13.037934206666668,14.80748802,6.464534777662453,2.567863124214624
LBN,Lebanon,2017,Lower middle income,MEA,Eastern Mediterranean,6160128.0,20963.8249472533,671.77996826,92.1041771379189,96.5614042134683,83.0,82.0,13.464876192666669,14.88747514,6.51141833452346,2.6000845314694647
LBN,Lebanon,2018,Lower middle income,MEA,Eastern Mediterranean,5984119.0,21985.4884702241,740.38696289,92.4654818371011,97.8705825263797,83.0,82.0,14.006600034,14.70727289,6.608522706113683,2.6395286495265773
LBN,Lebanon,2019,Lower middle income,MEA,Eastern Mediterranean,5794594.0,21710.4648750807,798.13421631,92.6,99.0673793809694,83.0,82.0,14.664383205,14.63659625,6.683528912022107,2.685421642560935
LBN,Lebanon,2020,Lower middle income,MEA,Eastern Mediterranean,5702398.0,16259.7051312281,303.48632813,92.6,99.2,71.0,74.0,15.440939345666663,26.99418657,5.7186261867330765,2.73702238119596
LBN,Lebanon,2021,Lower middle income,MEA,Eastern Mediterranean,5718122.0,11599.7755083765,189.8581543,92.6,99.2,67.0,67.0,16.321958627,53.60060025,5.251530504503283,2.7925113562441815
LBN,Lebanon,2022,Lower middle income,MEA,Eastern Mediterranean,5744489.0,12292.8407305501,230.39093018,92.6,99.2,67.0,67.0,17.287313844333333,15.11070177,5.444108618572228,2.8499729287092306
LBR,Liberia,2000,Low income,SSF,Africa,2928117.0,965.395523330548,7.93455124,61.0278430215118,12.1734894943623,48.0,63.0,192.313299861375,785.7559761,2.189925922392046,5.259125812248782
LBR,Liberia,2001,Low income,SSF,Africa,3015338.0,986.572798678639,6.46313238,61.9197046364816,12.4677838881013,44.0,58.0,179.341820152875,720.040587,2.0099752161669278,5.189293594646454
LBR,Liberia,2002,Low income,SSF,Africa,3094782.0,1012.9189129211,6.59576607,62.8078227070838,12.7650839146354,39.0,52.0,166.51863020575,699.9531763,2.0275909960039917,5.115107196288557
LBR,Liberia,2003,Low income,SSF,Africa,3119532.0,715.818246812872,5.76429653,63.6915834211062,13.0649848713731,35.0,47.0,154.25509684725,758.6182019,1.9116582695195292,5.038607705009451
LBR,Liberia,2004,Low income,SSF,Africa,3156892.0,745.397861816656,16.7787571,64.5712728784184,13.3677053295354,31.0,41.0,142.989035901,644.848166,2.8780043232553814,4.962767955299479
LBR,Liberia,2005,Low income,SSF,Africa,3301015.0,774.032567790285,19.14579582,65.4465992759902,13.6730363587121,60.0,62.0,133.13449076525,618.5619209,3.0029956224547347,4.89135982605586
LBR,Liberia,2006,Low income,SSF,Africa,3490787.0,815.218917036837,18.34446335,66.2032069100531,14.1158011729766,60.0,63.0,124.7845766755,646.6887506,2.962406246749336,4.826588863967225
LBR,Liberia,2007,Low income,SSF,Africa,3669050.0,872.584645942216,15.8568964,66.9527157246347,14.564331528772,65.0,71.0,117.98719599,659.0974729,2.82475985496449,4.7705761100188635
LBR,Liberia,2008,Low income,SSF,Africa,3821003.0,915.053599714179,26.30083656,67.6948813001936,15.018343502263,75.0,76.0,112.527508746375,662.9332836,3.3069173449448632,4.723197713943796
LBR,Liberia,2009,Low income,SSF,Africa,3943028.0,939.496290246214,40.21982574,68.4324549886399,15.4802745365152,81.0,83.0,108.063118606875,673.8736144,3.71891934789394,4.682715487955753
LBR,Liberia,2010,Low income,SSF,Africa,4058890.0,980.1181397741,40.8739624,69.1652648922475,15.9501173630923,70.0,65.0,104.3195698755,712.1967919,3.734664211330776,4.647458975043884
LBR,Liberia,2011,Low income,SSF,Africa,4221178.0,1040.76141404018,47.58517075,69.8933749749855,16.4280907750626,77.0,71.0,101.0994949585,725.9246778,3.883318355744422,4.616105130549062
LBR,Liberia,2012,Low income,SSF,Africa,4373043.0,1156.95319448003,46.67208862,70.6161490742492,16.9137232016405,80.0,80.0,98.148619707875,728.1928588,3.8643460823957945,4.586482857535199
LBR,Liberia,2013,Low income,SSF,Africa,4470239.0,1360.12910370155,48.72935104,71.3338862504404,17.4074580077978,80.0,74.0,95.368217364375,725.0195911,3.906595322973291,4.557745371630189
LBR,Liberia,2014,Low income,SSF,Africa,4564293.0,1418.77355515891,54.82420349,72.0459731773456,17.9088071106971,63.0,58.0,94.9936210425,801.1662527,4.022207529644137,4.553809742425033
LBR,Liberia,2015,Low income,SSF,Africa,4659431.0,1340.43279741197,68.89793396,72.7524847164664,18.4179781203981,65.0,64.0,90.70460053625,784.2435979,4.247036091721401,4.507608078395385
LBR,Liberia,2016,Low income,SSF,Africa,4755608.0,1490.33581410026,67.68016052,73.4532574499597,18.9349390175014,73.0,70.0,88.20279244225,690.0564468,4.229460373242618,4.479638622854538
LBR,Liberia,2017,Low income,SSF,Africa,4848925.0,1664.94481323565,67.8789978,74.1477432355412,19.4591800299081,80.0,75.0,86.00295379575,703.16306,4.232351310071696,4.454381642125891
LBR,Liberia,2018,Low income,SSF,Africa,4944726.0,1799.72751397748,68.88298798,74.8362128370245,19.9911366216728,81.0,74.0,83.95104006037499,707.0065483,4.246822243080977,4.430233772492369
LBR,Liberia,2019,Low income,SSF,Africa,5043721.0,1899.52200972855,51.1932373,75.5183258975949,20.5305258325317,71.0,68.0,81.858697544125,689.4116876,3.954952932855949,4.404994560164713
LBR,Liberia,2020,Low income,SSF,Africa,5149463.0,1659.52109145991,76.11009979,76.193954779971,21.0772995001903,66.0,61.0,79.6099741075,664.1135094,4.345234267969308,4.37713938785863
LBR,Liberia,2021,Low income,SSF,Africa,5259323.0,1539.20892304674,88.54867554,76.8629734925215,21.631407651363,67.0,58.0,77.322918494875,667.4300543,4.494782338224257,4.34799039929352
LBR,Liberia,2022,Low income,SSF,Africa,5373294.0,1691.57275721851,100.49607086,77.5249138658914,22.1923063601074,79.0,79.0,75.01725561725,633.703636,4.620020086993645,4.317718161969807
LBY,Libya,2000,Upper middle income,MEA,Eastern Mediterranean,5305021.0,20616.9848683599,247.1134491,95.08595516798411,91.0645500144262,94.0,93.0,28.06654233966667,70.98792696,5.51388609761225,3.3345782028672724
LBY,Libya,2001,Upper middle income,MEA,Eastern Mediterranean,5403639.0,20331.6315181003,255.77108765,95.08595516798411,90.9576581822951,94.0,93.0,27.248832969666665,70.67025595,5.5481849784447,3.305010693390936
LBY,Libya,2002,Upper middle income,MEA,Eastern Mediterranean,5508410.0,20060.6396913983,181.7310791,95.08595516798411,90.8507663501639,93.0,91.0,26.411966796666665,69.47103546,5.2080155589333135,3.2738171952009374
LBY,Libya,2003,Upper middle income,MEA,Eastern Mediterranean,5619398.0,22662.7242140997,189.72729492,95.08595516798411,90.7438745180328,95.0,96.0,25.471195987666665,68.09749927,5.250844632516301,3.237548244609258
LBY,Libya,2004,Upper middle income,MEA,Eastern Mediterranean,5736693.0,23813.4011504496,200.83604431,95.08595516798411,90.6369826859016,97.0,99.0,24.360428226666667,66.78986451,5.307455705993709,3.1929600217785925
LBY,Libya,2005,Upper middle income,MEA,Eastern Mediterranean,5858798.0,26902.8985878895,209.878479,95.08595516798411,90.5300908537705,98.0,97.0,23.073343581333333,66.18383798,5.351282038655354,3.1386779936880798
LBY,Libya,2006,Upper middle income,MEA,Eastern Mediterranean,5980211.0,28935.6615820305,231.11968994,95.08595516798411,90.4231990216393,98.0,98.0,21.647122032,66.33204009,5.4472531435469165,3.0748725140649733
LBY,Libya,2007,Upper middle income,MEA,Eastern Mediterranean,6104380.0,30928.9422810828,269.63085938,95.08595516798411,90.3163071895082,98.0,98.0,20.156906994333333,67.06258115,5.600755749811052,3.0035470085325384
LBY,Libya,2008,Upper middle income,MEA,Eastern Mediterranean,6235430.0,30812.2837288703,312.11196899,93.0792486754992,90.209415357377,98.0,98.0,18.759269143666668,67.86565134,5.74656085497316,2.9316879845924637
LBY,Libya,2009,Upper middle income,MEA,Eastern Mediterranean,6366686.0,29027.1468071228,342.20449829,93.0792486754992,90.1025235252459,98.0,98.0,17.577235497333334,69.84867774,5.838326474433507,2.8666046271801124
LBY,Libya,2010,Upper middle income,MEA,Eastern Mediterranean,6497839.0,30234.0918728805,380.58596802,93.0792486754992,89.9956316931147,98.0,98.0,16.597707787666668,70.57275353,5.944336167461987,2.8092646007475537
LBY,Libya,2011,Upper middle income,MEA,Eastern Mediterranean,6343203.0,15698.0519072612,305.20037842,93.0792486754992,89.8887398609836,98.0,98.0,19.538227139666667,80.6248386,5.724239719081735,2.972372912696324
LBY,Libya,2012,Upper middle income,MEA,Eastern Mediterranean,6179328.0,26826.0729756733,592.46356201,93.0792486754992,89.7818480288524,98.0,98.0,15.052863655666668,74.03074933,6.385975817068084,2.7115682492187103
LBY,Libya,2013,Upper middle income,MEA,Eastern Mediterranean,6304628.0,21151.0051911633,594.65338135,93.3521899597212,89.6749561967213,96.0,96.0,14.430269444666664,74.57214078,6.3896589229689535,2.669328045145522
LBY,Libya,2014,Upper middle income,MEA,Eastern Mediterranean,6427252.0,17509.5285087845,462.19216919,93.625131243943,89.5680643645901,94.0,93.0,13.849603949,77.25573985,6.138142020222097,2.6282566364844095
LBY,Libya,2015,Upper middle income,MEA,Eastern Mediterranean,6531819.0,17903.2565395803,433.06808472,93.8980725281649,89.461172532459,97.0,98.0,13.297026907333333,76.11851834,6.073201399031481,2.5875404694367337
LBY,Libya,2016,Upper middle income,MEA,Eastern Mediterranean,6632126.0,16961.0177111717,464.47531128,94.1710138123867,89.3542807003278,97.0,97.0,12.800932765,74.03940876,6.14305905831813,2.549518040536142
LBY,Libya,2017,Upper middle income,MEA,Eastern Mediterranean,6738770.0,18026.0187834008,466.08538818,94.4439550966087,89.2473888681967,97.0,95.0,12.332388154,69.19734234,6.14651208502348,2.512228984877252
LBY,Libya,2018,Upper middle income,MEA,Eastern Mediterranean,6849055.0,18879.3151301984,544.88079834,94.7168963808305,89.1404970360656,73.0,73.0,11.913316170333331,66.42091435,6.30240063385144,2.477656780407406
LBY,Libya,2019,Upper middle income,MEA,Eastern Mediterranean,6951033.0,16194.1082061146,552.73168945,94.9898376650524,89.0336052039344,73.0,73.0,11.532970300333332,64.67242151,6.3166802543566565,2.4452099160504512
LBY,Libya,2020,Upper middle income,MEA,Eastern Mediterranean,7045399.0,10954.799045265,472.62240601,95.2627789492743,88.9267133718033,73.0,73.0,11.149923346,70.8368178,6.160410392438045,2.41143262308429
LBY,Libya,2021,Upper middle income,MEA,Eastern Mediterranean,7135175.0,12641.5097714075,298.84338379,95.5357202334962,88.8198215396721,73.0,73.0,10.801610916666666,98.30335663,5.703260284305215,2.379695281957701
LBY,Libya,2022,Upper middle income,MEA,Eastern Mediterranean,7223805.0,12266.3896804716,284.0262146,95.808661517718,88.712929707541,73.0,73.0,10.441192347666666,60.23006042,5.6525811570912845,2.3457587854796946
LCA,St. Lucia,2000,Upper middle income,LCN,Americas,158616.0,9313.73279695482,285.84280396,90.6274300137184,84.9744584780529,70.0,88.0,18.44937906766667,82.83545764,5.658934344311736,2.915030715051183
LCA,St. Lucia,2001,Upper middle income,LCN,Americas,160237.0,9105.82558991748,285.04898071,90.6105122656627,84.9803185483626,99.0,89.0,18.373577939666664,70.47083952,5.6561630573801,2.9109136510655107
LCA,St. Lucia,2002,Upper middle income,LCN,Americas,161641.0,9205.18416345914,299.7996521,90.5462084125431,85.0025858792269,74.0,98.0,18.317361018666663,62.05676124,5.706444435492569,2.9078492996704837
LCA,St. Lucia,2003,Upper middle income,LCN,Americas,162976.0,9707.06818918422,317.27593994,90.8572851699581,85.0242495780866,90.0,90.0,18.28106651366667,56.40500507,5.762918742175616,2.905865907522501
LCA,St. Lucia,2004,Upper middle income,LCN,Americas,164239.0,10610.2966894155,309.42208862,91.1770053038991,84.8312463406427,91.0,95.0,18.25012746233333,54.49807743,5.737932947568421,2.904172064241554
LCA,St. Lucia,2005,Upper middle income,LCN,Americas,165450.0,10818.3104254683,333.37374878,91.5053069842669,84.6384275834936,95.0,94.0,18.231633235333334,54.69425055,5.8122593756769145,2.903158175206013
LCA,St. Lucia,2006,Upper middle income,LCN,Americas,166639.0,11758.3194729541,389.94595337,91.8416872501898,84.4463989755519,85.0,94.0,18.203710107333336,53.33863358,5.968569323755987,2.901625425359026
LCA,St. Lucia,2007,Upper middle income,LCN,Americas,167758.0,12199.2581150973,439.59280396,92.1859193338883,84.2555483784104,99.0,94.0,18.168984097333333,54.93045478,6.088121101869912,2.8997159698561927
LCA,St. Lucia,2008,Upper middle income,LCN,Americas,168808.0,12968.5457267147,430.23074341,92.5376090518589,84.0663414681814,96.0,99.0,18.122847433,55.15069506,6.066643314386278,2.8971734313706947
LCA,St. Lucia,2009,Upper middle income,LCN,Americas,169869.0,12600.2078976135,432.087677,92.8966104390121,83.8789714448605,95.0,99.0,18.063823556,51.05268412,6.070940194802625,2.89391123964481
LCA,St. Lucia,2010,Upper middle income,LCN,Americas,170906.0,12717.7865966902,438.23928833,93.2662294112119,83.6875055171491,97.0,95.0,17.990395994666667,56.14203479,6.085044340497802,2.889838059652738
LCA,St. Lucia,2011,Upper middle income,LCN,Americas,171801.0,13471.2666355799,462.20251465,93.6615915186217,83.4554358381498,99.0,91.0,17.894833405333333,56.24124597,6.13816435510847,2.8845120346095996
LCA,St. Lucia,2012,Upper middle income,LCN,Americas,172587.0,13443.4262512467,456.06369019,94.0569581898498,83.2177970691817,98.0,99.0,17.783118025666667,55.39059097,6.124822747026139,2.8782495817336318
LCA,St. Lucia,2013,Upper middle income,LCN,Americas,173369.0,14009.9844560139,485.6628418,94.4525423890569,82.9738127576029,99.0,99.0,17.646323544666668,53.2497457,6.18757156668832,2.870527463929719
LCA,St. Lucia,2014,Upper middle income,LCN,Americas,174138.0,14403.0832732506,470.48123169,94.8482428574282,82.7233630078731,99.0,99.0,17.49106687833333,49.17293507,6.155879295745726,2.861690286503079
LCA,St. Lucia,2015,Upper middle income,LCN,Americas,174905.0,14353.2224845845,473.24108887,95.2439847521417,82.9135424876692,99.0,97.0,17.325542432333332,45.80501555,6.161715818696576,2.8521818538114325
LCA,St. Lucia,2016,Upper middle income,LCN,Americas,175646.0,15306.7258058706,479.8744812,95.6396226854017,83.1035196660243,95.0,99.0,17.131778397666668,45.80728443,6.175606282205228,2.840935124674526
LCA,St. Lucia,2017,Upper middle income,LCN,Americas,176342.0,16130.9721097011,504.96411133,96.0350677750338,83.2569990879187,80.0,87.0,16.928181301,42.93519484,6.226465740546786,2.8289797657437723
LCA,St. Lucia,2018,Upper middle income,LCN,Americas,177017.0,17433.3010328737,497.48629761,96.4302304236654,83.3759977820708,95.0,86.0,16.710386497,41.33141595,6.211576101782387,2.81603047202264
LCA,St. Lucia,2019,Upper middle income,LCN,Americas,177661.0,18709.9110670935,506.03204346,96.8249802505704,83.3723158043306,92.0,96.0,16.479221474333333,42.70593634,6.228574203684745,2.8021002827303385
LCA,St. Lucia,2020,Upper middle income,LCN,Americas,178250.0,14912.159584235,589.63696289,97.2192348527324,83.3681101145383,86.0,89.0,16.23998572,43.03640823,6.381201552671456,2.7874764554228006
LCA,St. Lucia,2021,Upper middle income,LCN,Americas,178522.0,19101.1652956675,654.8918457,97.6128621047241,83.3633139252982,80.0,77.0,15.996641266333333,94.04725752,6.485995905991886,2.772378779349148
LCA,St. Lucia,2022,Upper middle income,LCN,Americas,178781.0,24599.3733001067,622.07244873,97.8739462216036,83.3579905079804,81.0,81.0,15.754599451666666,47.5165298,6.434662802122593,2.757132351316816
LIE,Liechtenstein,2000,High income,ECS,Europe,32645.0,10929.3002607587,1610.73034668,100.0,99.95,96.0,95.0,20.469548690625,10.015977665,7.385063630339435,3.018938352074265
LIE,Liechtenstein,2001,High income,ECS,Europe,33194.0,10929.3002607587,1610.73034668,100.0,99.95,96.0,95.0,20.469548690625,10.015977665,7.385063630339435,3.018938352074265
LIE,Liechtenstein,2002,High income,ECS,Europe,33694.0,10929.3002607587,1610.73034668,100.0,99.95,96.0,95.0,20.469548690625,10.015977665,7.385063630339435,3.018938352074265
LIE,Liechtenstein,2003,High income,ECS,Europe,34079.0,10929.3002607587,1610.73034668,100.0,99.95,96.0,95.0,20.469548690625,10.015977665,7.385063630339435,3.018938352074265
LIE,Liechtenstein,2004,High income,ECS,Europe,34447.0,10929.3002607587,1610.73034668,100.0,99.95,96.0,95.0,20.469548690625,10.015977665,7.385063630339435,3.018938352074265
LIE,Liechtenstein,2005,High income,ECS,Europe,34753.0,10929.3002607587,1610.73034668,100.0,99.95,96.0,95.0,20.469548690625,10.015977665,7.385063630339435,3.018938352074265
LIE,Liechtenstein,2006,High income,ECS,Europe,35037.0,10929.3002607587,1610.73034668,100.0,99.95,96.0,95.0,20.469548690625,10.015977665,7.385063630339435,3.018938352074265
LIE,Liechtenstein,2007,High income,ECS,Europe,35262.0,10929.3002607587,1610.73034668,100.0,99.95,96.0,95.0,20.469548690625,10.015977665,7.385063630339435,3.018938352074265
LIE,Liechtenstein,2008,High income,ECS,Europe,35473.0,10929.3002607587,1610.73034668,100.0,99.95,96.0,95.0,20.469548690625,10.015977665,7.385063630339435,3.018938352074265
LIE,Liechtenstein,2009,High income,ECS,Europe,35742.0,10929.3002607587,1610.73034668,100.0,99.95,96.0,95.0,20.469548690625,10.015977665,7.385063630339435,3.018938352074265
LIE,Liechtenstein,2010,High income,ECS,Europe,36022.0,10929.3002607587,1610.73034668,100.0,99.95,96.0,95.0,20.469548690625,10.015977665,7.385063630339435,3.018938352074265
LIE,Liechtenstein,2011,High income,ECS,Europe,36312.0,10929.3002607587,1610.73034668,100.0,99.95,96.0,95.0,20.469548690625,10.015977665,7.385063630339435,3.018938352074265
LIE,Liechtenstein,2012,High income,ECS,Europe,36657.0,10929.3002607587,1610.73034668,100.0,99.95,96.0,95.0,20.469548690625,10.015977665,7.385063630339435,3.018938352074265
LIE,Liechtenstein,2013,High income,ECS,Europe,36984.0,10929.3002607587,9956.29785156,100.0,99.95,96.0,95.0,20.469548690625,10.015977665,9.206061013725952,3.018938352074265
LIE,Liechtenstein,2014,High income,ECS,Europe,37248.0,10929.3002607587,10096.85351563,100.0,99.95,96.0,95.0,20.469548690625,10.015977665,9.220078157038143,3.018938352074265
LIE,Liechtenstein,2015,High income,ECS,Europe,37494.0,10929.3002607587,9639.75195313,100.0,99.95,96.0,95.0,20.469548690625,10.015977665,9.173754387999203,3.018938352074265
LIE,Liechtenstein,2016,High income,ECS,Europe,37716.0,10929.3002607587,9703.75878906,100.0,99.95,96.0,95.0,20.469548690625,10.015977665,9.180371640998514,3.018938352074265
LIE,Liechtenstein,2017,High income,ECS,Europe,37962.0,10929.3002607587,9715.07519531,100.0,99.95,96.0,95.0,20.469548690625,10.015977665,9.181537029420028,3.018938352074265
LIE,Liechtenstein,2018,High income,ECS,Europe,38246.0,10929.3002607587,9736.24316406,100.0,99.95,96.0,95.0,20.469548690625,10.015977665,9.183713313868122,3.018938352074265
LIE,Liechtenstein,2019,High income,ECS,Europe,38563.0,10929.3002607587,9686.88378906,100.0,99.95,96.0,95.0,20.469548690625,10.015977665,9.1786312898121,3.018938352074265
LIE,Liechtenstein,2020,High income,ECS,Europe,38901.0,10929.3002607587,10004.52832031,100.0,99.95,96.0,95.0,20.469548690625,10.015977665,9.210893051251851,3.018938352074265
LIE,Liechtenstein,2021,High income,ECS,Europe,39182.0,10929.3002607587,10912.36132813,100.0,99.95,96.0,95.0,20.469548690625,10.015977665,9.297743127445846,3.018938352074265
LIE,Liechtenstein,2022,High income,ECS,Europe,39493.0,10929.3002607587,10591.59277344,100.0,99.95,96.0,95.0,20.469548690625,10.015977665,9.267910240870668,3.018938352074265
LKA,Sri Lanka,2000,Lower middle income,SAS,South-East Asia,19293054.0,4367.80358983464,42.54893112,83.6750656092532,76.8072668848757,99.0,99.0,16.260784158125,38.76421093,3.7738851592544846,2.788756329163768
LKA,Sri Lanka,2001,Lower middle income,SAS,South-East Asia,19600362.0,4328.19141112598,39.87185287,83.9203655866914,77.6040116337401,98.0,99.0,15.8220838255,37.26206447,3.710441632247111,2.7614066746195527
LKA,Sri Lanka,2002,Lower middle income,SAS,South-East Asia,19805752.0,4522.32769640072,41.24043274,84.1981104690897,78.4039232794379,98.0,99.0,15.496185883625,35.6222286,3.743377884137195,2.7405939216203192
LKA,Sri Lanka,2003,Lower middle income,SAS,South-East Asia,19951521.0,4849.86023450517,40.82443619,84.4762345244091,79.2069755512289,99.0,99.0,15.1661394175,35.34987069,3.733480766566847,2.7190652730032054
LKA,Sri Lanka,2004,Lower middle income,SAS,South-East Asia,20087605.0,5215.88024437154,49.14835358,84.7545829171958,80.0131764124299,97.0,96.0,28.77745885325,37.07709308,3.914985683958762,3.359592401982411
LKA,Sri Lanka,2005,Lower middle income,SAS,South-East Asia,20216524.0,5678.74647778512,55.40001297,85.0330281014666,80.8225453170759,99.0,99.0,14.0350419775,32.43928333,4.032469388468526,2.6415572007249413
LKA,Sri Lanka,2006,Lower middle income,SAS,South-East Asia,20352411.0,6260.67990154804,63.2890892,85.3118425923699,81.6350563894259,98.0,99.0,13.304324721125,32.19132799,4.163389930997712,2.5880891493742557
LKA,Sri Lanka,2007,Lower middle income,SAS,South-East Asia,20492545.0,6820.39310023368,71.38779449,85.590756668861,82.4507307606243,98.0,98.0,12.6181099925,31.07244907,4.28203770078746,2.535133083021101
LKA,Sri Lanka,2008,Lower middle income,SAS,South-East Asia,20629378.0,7316.58626510951,90.00082397,85.8700345787064,83.2695498205745,98.0,98.0,12.030043542875,30.42194246,4.510868561091242,2.4874071495041434
LKA,Sri Lanka,2009,Lower middle income,SAS,South-East Asia,20756435.0,7575.57988724931,97.26274872,86.149546290692,84.0915264944886,97.0,97.0,20.763777697875,28.15719931,4.587645000295911,3.0332100117756644
LKA,Sri Lanka,2010,Lower middle income,SAS,South-East Asia,20879089.0,8233.62663813947,105.07371521,86.4291556311836,84.916653598686,99.0,99.0,11.171720963125,25.98412489,4.664134278924535,2.413385671323198
LKA,Sri Lanka,2011,Lower middle income,SAS,South-East Asia,21009048.0,9075.545495895,115.51642609,86.7091246125712,85.744932124631,99.0,99.0,10.786257080625,25.3786753,4.758032259547372,2.378272831289348
LKA,Sri Lanka,2012,Lower middle income,SAS,South-East Asia,21169458.0,10249.1670637714,110.03600311,86.9893246653002,86.576365798464,99.0,99.0,10.316033071875,24.31018966,4.709854501063827,2.3336992938955996
LKA,Sri Lanka,2013,Lower middle income,SAS,South-East Asia,20585000.0,11252.6311491911,133.15968323,87.2717415635994,87.410942249761,99.0,99.0,9.779009137625,23.41763723,4.8990307563762086,2.2802381637427294
LKA,Sri Lanka,2014,Lower middle income,SAS,South-East Asia,20778000.0,11720.5978110374,132.82194519,87.5563586215225,88.2487200055783,99.0,99.0,9.239132660625,22.7738834,4.896510149118104,2.2234480133499988
LKA,Sri Lanka,2015,Lower middle income,SAS,South-East Asia,20970000.0,12227.1714849513,144.29077148,87.8430484990773,89.0897723399477,99.0,99.0,8.739753382,21.953391,4.978737055001011,2.167881972106861
LKA,Sri Lanka,2016,Lower middle income,SAS,South-East Asia,21209000.0,13078.5605089072,145.32496643,88.13156471936,89.9341591246989,99.0,99.0,8.29493792925,21.60077536,4.985829945756448,2.1156454407030183
LKA,Sri Lanka,2017,Lower middle income,SAS,South-East Asia,21453000.0,13610.4723136618,142.32518005,88.4218720472391,90.7819310655448,99.0,99.0,7.906198426875,21.49483089,4.965116035029485,2.0676470628235144
LKA,Sri Lanka,2018,Lower middle income,SAS,South-East Asia,21670000.0,14178.0225361887,154.64622498,88.7139577159347,91.6331770755008,99.0,99.0,7.558986092125,20.6242809,5.047585643332981,2.0227370663989674
LKA,Sri Lanka,2019,Lower middle income,SAS,South-East Asia,21803000.0,14112.952504221,147.01193237,89.0074705240203,92.4879479800339,99.0,99.0,7.23195107275,20.3079916,4.997292894635787,1.9785088576839702
LKA,Sri Lanka,2020,Lower middle income,SAS,South-East Asia,21919000.0,12940.9043295749,159.71383667,89.3024800646489,93.3463184770693,96.0,96.0,6.9164686045,22.85542756,5.079625371525971,1.933905322104618
LKA,Sri Lanka,2021,Lower middle income,SAS,South-East Asia,22156000.0,14316.1352225683,202.75497437,89.5988356123165,94.2083491070029,96.0,97.0,6.618766614,33.99112882,5.3169181659088425,1.8899090405060721
LKA,Sri Lanka,2022,Lower middle income,SAS,South-East Asia,22181000.0,14193.6546217446,130.09327698,89.8964005892061,94.9480533011818,98.0,99.0,6.346891046125,22.12155396,4.875909107837621,1.847965093976425
LSO,Lesotho,2000,Lower middle income,SSF,Africa,2003913.0,1272.924433991,23.71122551,64.405856278949,13.9109680595621,84.0,74.0,109.344108695375,412.6161346,3.207257614480931,4.694499870000421
LSO,Lesotho,2001,Lower middle income,SSF,Africa,2000853.0,1350.00529706535,28.22144127,64.9608173437241,15.4957394207867,79.0,70.0,111.0499552425,464.7846423,3.374902729883676,4.7099801473011835
LSO,Lesotho,2002,Lower middle income,SSF,Africa,1994679.0,1385.18222067454,23.20003891,65.5201920460199,17.0718164332742,85.0,78.0,112.34554760725,484.125997,3.186354241012588,4.7215793681820655
LSO,Lesotho,2003,Lower middle income,SSF,Africa,1985059.0,1484.09584449257,32.02215576,66.083827020152,18.6189165343031,90.0,85.0,113.603968098125,508.2389878,3.497178722853946,4.732718436118239
LSO,Lesotho,2004,Lower middle income,SSF,Africa,1971129.0,1560.74877547924,41.18851089,66.6522079155788,20.1519465673748,90.0,84.0,114.63734956525,498.5989716,3.7421479301827056,4.741773663619454
LSO,Lesotho,2005,Lower middle income,SSF,Africa,1953076.0,1680.87364079911,41.66717911,67.224549621847,21.6703679710685,89.0,83.0,115.525028352,549.4879557,3.753429985570008,4.7494872021750405
LSO,Lesotho,2006,Lower middle income,SSF,Africa,1945063.0,1813.4444072345,49.67809296,67.8015454898826,23.1744368605151,89.0,82.0,115.267261366375,696.1898136,3.92549372569996,4.7472534439059
LSO,Lesotho,2007,Lower middle income,SSF,Africa,1953268.0,1932.4266622594,65.80387878,68.3621774697103,24.6557826139107,88.0,81.0,111.450230771625,891.424425,4.201761144425722,4.71357813045894
LSO,Lesotho,2008,Lower middle income,SSF,Africa,1966541.0,2064.42311214194,69.06710052,68.9266715175082,26.1239917400803,88.0,80.0,108.752164100875,1205.460975,4.249453361763182,4.689071569548957
LSO,Lesotho,2009,Lower middle income,SSF,Africa,1980883.0,2036.26308567654,80.82315063,69.4944225013917,27.5788226829742,91.0,84.0,96.356458930875,1387.083234,4.404560218604176,4.568054428740955
LSO,Lesotho,2010,Lower middle income,SSF,Africa,1996251.0,2152.91528289768,85.87903595,70.0661261191784,29.020495938413,93.0,88.0,90.00501462925,1311.056551,4.464516759784281,4.499865386880847
LSO,Lesotho,2011,Lower middle income,SSF,Africa,2014009.0,2278.50142791066,117.67031097,70.6416125144182,30.4489318304881,96.0,92.0,85.822931575,1209.529497,4.776349152133713,4.45228623855814
LSO,Lesotho,2012,Lower middle income,SSF,Africa,2034354.0,2291.4956531127,125.37831116,71.1931354913507,31.8586043360402,95.0,91.0,82.52598402425,1000.055791,4.839279878065643,4.413113201621514
LSO,Lesotho,2013,Lower middle income,SSF,Africa,2056504.0,2538.26310306049,131.35578918,71.7472805619843,33.2568347766841,93.0,90.0,80.186532782125,854.9235672,4.885493669159624,4.384355580349875
LSO,Lesotho,2014,Lower middle income,SSF,Africa,2080089.0,2771.24496867163,121.21549988,72.3042900166606,34.6437079655808,88.0,92.0,78.188395977125,707.1451368,4.805785878955815,4.3591212475012
LSO,Lesotho,2015,Lower middle income,SSF,Africa,2104611.0,3034.64692924848,104.59999847,72.8644331310882,36.0192915871812,83.0,93.0,75.063411585625,593.8576793,4.659658356783525,4.318333244121165
LSO,Lesotho,2016,Lower middle income,SSF,Africa,2130422.0,2942.18153663921,91.0127182,73.4272764061932,37.3835722556357,87.0,90.0,71.77679706250001,517.5423379,4.52192680879894,4.273561263137096
LSO,Lesotho,2017,Lower middle income,SSF,Africa,2157110.0,2618.81820770145,115.43321228,73.9930898817459,38.7366301247734,89.0,89.0,71.11941073675,468.273259,4.757317823464778,4.264360305692556
LSO,Lesotho,2018,Lower middle income,SSF,Africa,2183603.0,2632.28775223004,130.93614197,74.5632870642167,40.0785080651777,90.0,89.0,69.021805259625,491.1342941,4.882318032575935,4.234422472929443
LSO,Lesotho,2019,Lower middle income,SSF,Africa,2209405.0,2568.34114362719,235.94372559,75.1376932253322,41.4091356196007,92.0,90.0,68.678146018375,467.0080311,5.467822668172727,4.229431041174163
LSO,Lesotho,2020,Lower middle income,SSF,Africa,2235727.0,2559.09776077846,96.84536743,75.7168396878056,42.7284382834052,93.0,90.0,66.753601569,528.729213,4.583388349134219,4.201008251914669
LSO,Lesotho,2021,Lower middle income,SSF,Africa,2261542.0,2544.78249551214,115.81448364,76.300316439538,44.0363729437393,95.0,90.0,64.359389237125,576.8877271,4.760587066473418,4.1644828322893
LSO,Lesotho,2022,Lower middle income,SSF,Africa,2286110.0,2761.31105002216,133.32562256,76.8886585638557,45.3328485039477,92.0,84.0,61.493214241875,476.9258099,4.900266871333346,4.118926831194352
LTU,Lithuania,2000,High income,ECS,Europe,3499536.0,8474.59300330083,217.1761322,89.6457241496505,84.2628327273275,94.0,97.0,10.692576379,15.92909774,5.38530268244808,2.3695497043246507
LTU,Lithuania,2001,High income,ECS,Europe,3470818.0,9399.33656166607,218.81802368,90.0977606045696,84.7312747207925,95.0,97.0,10.259456536666669,15.79648776,5.392800038971642,2.3281998692039068
LTU,Lithuania,2002,High income,ECS,Europe,3443067.0,10295.5066962899,254.36688232,90.5462424491186,85.1946973431147,95.0,98.0,9.88277814,13.70420519,5.542701265339363,2.2907936604928767
LTU,Lithuania,2003,High income,ECS,Europe,3415213.0,11659.8787391334,338.86306763,90.9963592646398,85.6598602645547,94.0,98.0,9.559982731,14.03460278,5.828542794223053,2.2575859206809255
LTU,Lithuania,2004,High income,ECS,Europe,3377075.0,12605.0201901971,366.95968628,91.4481167989435,86.1267686788169,94.0,98.0,9.274453738,12.34503221,5.90797338401592,2.2272637105865445
LTU,Lithuania,2005,High income,ECS,Europe,3322528.0,13951.3261880977,438.93267822,91.9151921739671,86.614106124964,94.0,97.0,8.984597772666667,13.21567646,6.086621711160539,2.1955117526966506
LTU,Lithuania,2006,High income,ECS,Europe,3269909.0,15522.3579257294,536.05737305,92.3957545700156,87.120025751018,94.0,97.0,8.594047050666667,13.80127621,6.286104928746019,2.151069760165216
LTU,Lithuania,2007,High income,ECS,Europe,3231294.0,17968.6445835063,704.29315186,92.8750439712318,87.6245897499717,95.0,97.0,8.028072357666666,13.69696853,6.558613534624957,2.0829444440557388
LTU,Lithuania,2008,High income,ECS,Europe,3198231.0,19410.0077598903,936.50933838,93.3530575915625,88.1277954949637,96.0,97.0,7.352553977666666,12.62571038,6.843226718733622,1.9950477328222158
LTU,Lithuania,2009,High income,ECS,Europe,3162916.0,17054.6365568486,864.73638916,93.8193881104381,88.6676561367708,98.0,96.0,6.655059075,10.74771836,6.763580461715113,1.8953773285920492
LTU,Lithuania,2010,High income,ECS,Europe,3097282.0,18718.9043711358,805.2244873,94.2758564978179,89.1941477060659,95.0,96.0,6.025300599333334,10.29879989,6.692362223950396,1.7959673701376866
LTU,Lithuania,2011,High income,ECS,Europe,3028115.0,21557.6567458052,925.47161865,94.7419457559993,89.7354861346124,92.0,94.0,5.547913850666667,10.4568001,6.831383412390595,1.7134219743339472
LTU,Lithuania,2012,High income,ECS,Europe,2989139.0,23275.2517553588,896.93707275,95.2233550480364,90.3009705081306,93.0,93.0,5.267116475666667,10.03890905,6.800099990958199,1.6614830544900125
LTU,Lithuania,2013,High income,ECS,Europe,2961250.0,24889.8726227818,958.04650879,95.7024541817261,90.8648178620678,93.0,93.0,5.1329351270000005,10.04149973,6.865939570881628,1.6356776450802217
LTU,Lithuania,2014,High income,ECS,Europe,2937253.0,26274.7488764946,1019.7121582,96.1793622122159,91.4271935305975,93.0,93.0,5.072963111333333,9.115873497,6.928255856967784,1.6239250869896809
LTU,Lithuania,2015,High income,ECS,Europe,2911109.0,26948.5919371645,918.50750732,96.6540744092519,91.9880821486282,93.0,94.0,5.0136662843333335,9.877937192,6.823838208578746,1.6121674407467361
LTU,Lithuania,2016,High income,ECS,Europe,2877325.0,28698.9887868061,986.13311768,97.1276074784164,92.5491836464928,94.0,94.0,4.867800343,9.26880399,6.894804901342245,1.5826421601099776
LTU,Lithuania,2017,High income,ECS,Europe,2842639.0,31305.0436934372,1073.95800781,97.5995795936684,93.1100410366065,94.0,94.0,4.578986356000001,9.711970146,6.980036877296478,1.5214776539806307
LTU,Lithuania,2018,High income,ECS,Europe,2819200.0,36491.9385223689,1241.38574219,98.0695666979738,93.6701055685758,92.0,92.0,4.221356668,9.007760583,7.124788795746412,1.4401565616906484
LTU,Lithuania,2019,High income,ECS,Europe,2811089.0,40563.8304884555,1361.20288086,98.5372101703489,94.2289437143384,92.0,93.0,3.906903942333333,8.903760458,7.216858433663299,1.3627452297285452
LTU,Lithuania,2020,High income,ECS,Europe,2810369.0,41262.7276941725,1511.79626465,98.8922199280899,94.786284769893,91.0,90.0,3.691453183666667,8.107582521,7.321715048178058,1.3060201972388217
LTU,Lithuania,2021,High income,ECS,Europe,2808380.0,45873.5273239486,1844.33154297,99.2383026544667,95.3414364231375,90.0,88.0,3.545189383666667,9.30984075,7.520414238417581,1.2655915813122005
LTU,Lithuania,2022,High income,ECS,Europe,2831639.0,50936.0049547442,1831.27734375,99.5802232857586,95.8940517663177,90.0,87.0,3.445253415333333,9.412836126,7.513314922285817,1.2369974620891728
LUX,Luxembourg,2000,High income,ECS,Europe,436300.0,55136.0609983789,2901.19995117,99.9999973690054,97.6901859875283,99.0,93.0,4.6799332373333336,17.57826526,7.973224332231825,1.5432838443007364
LUX,Luxembourg,2001,High income,ECS,Europe,441525.0,56135.8315678957,3109.20141602,100.0,97.68316460089,99.0,94.0,4.405338210333333,18.72515008,8.042442767069753,1.482817035177091
LUX,Luxembourg,2002,High income,ECS,Europe,446175.0,58575.6792717544,3600.86743164,100.0,97.6782432463947,99.0,94.0,4.143517089666667,17.11707945,8.18920772096089,1.4215449657504076
LUX,Luxembourg,2003,High income,ECS,Europe,451630.0,60192.1759452336,4607.40283203,99.9999960556072,97.6734276628199,98.0,95.0,3.897693897666666,14.52576628,8.435636618700208,1.3603850699533084
LUX,Luxembourg,2004,High income,ECS,Europe,458095.0,64685.7286866435,5610.35351563,100.0,97.6687093721814,99.0,95.0,3.669859351333333,16.67693967,8.63254723779945,1.3001533374447247
LUX,Luxembourg,2005,High income,ECS,Europe,465158.0,68787.8547494266,5818.14599609,99.9999981375846,97.6641072754687,99.0,95.0,3.4626484936666664,16.65759521,8.668908793891683,1.2420337568513886
LUX,Luxembourg,2006,High income,ECS,Europe,472637.0,78861.1661045613,6070.73583984,99.9999986253518,97.6595985810241,99.0,95.0,3.2805048886666666,16.23438487,8.71139981349143,1.1879973400216715
LUX,Luxembourg,2007,High income,ECS,Europe,479993.0,85126.1393867018,6671.26513672,100.0,97.6551965026452,99.0,96.0,3.1267444120000003,13.56569067,8.805714681966046,1.1399923392860911
LUX,Luxembourg,2008,High income,ECS,Europe,488650.0,90970.7211980147,7578.74951172,99.9999980028988,97.6508653485568,99.0,96.0,2.999167746666666,13.12174986,8.933235432143158,1.0983348324029019
LUX,Luxembourg,2009,High income,ECS,Europe,497783.0,86918.5909104052,7670.59375,100.0,97.646673581353,99.0,96.0,2.894039758,15.44752373,8.945279662867195,1.0626533661937092
LUX,Luxembourg,2010,High income,ECS,Europe,506953.0,90336.0184704033,7459.83544922,100.0,97.642561725648,99.0,96.0,2.807662769,16.81510352,8.9174226774394,1.0323523824414298
LUX,Luxembourg,2011,High income,ECS,Europe,518347.0,94475.0302265023,7174.73925781,100.0,97.6385453220137,99.0,96.0,2.738811802666667,13.46078366,8.87846106776773,1.007524177685406
LUX,Luxembourg,2012,High income,ECS,Europe,530946.0,96636.426643956,6029.47460938,99.9999990171324,97.6347032194608,99.0,99.0,2.684221909,13.23658526,8.704580994647134,0.9873908941567372
LUX,Luxembourg,2013,High income,ECS,Europe,543360.0,100925.011992241,6356.64453125,99.9999986127199,97.6310682676105,99.0,99.0,2.638971709,15.56389256,8.757413231013482,0.9703893371151069
LUX,Luxembourg,2014,High income,ECS,Europe,556319.0,105296.284588232,6547.03466797,100.0,97.6276041187324,99.0,99.0,2.6015282476666663,13.10833109,8.786920232913479,0.9560990599120911
LUX,Luxembourg,2015,High income,ECS,Europe,569604.0,107859.685999308,5421.93212891,99.9999971975971,97.6243035577451,99.0,99.0,2.570043599666666,13.02209641,8.598391931348765,0.9439228636140699
LUX,Luxembourg,2016,High income,ECS,Europe,582014.0,113365.176082265,5475.13964844,99.999999435156,97.6211680150003,99.0,99.0,2.543768564333333,13.37579471,8.608155687989672,0.9336466682001555
LUX,Luxembourg,2017,High income,ECS,Europe,596336.0,114985.842235989,5713.11865234,99.9999966233411,97.618188396035,99.0,99.0,2.519454062333333,15.35655914,8.650695347772885,0.9240422361218618
LUX,Luxembourg,2018,High income,ECS,Europe,607950.0,116638.414163882,6227.08398438,99.9999952675499,97.6153595742426,99.0,99.0,2.4981706743333336,9.515667657,8.736824017830855,0.9155587337622286
LUX,Luxembourg,2019,High income,ECS,Europe,620001.0,121371.73990307,6221.73876953,100.0,97.6126777405437,99.0,96.0,2.4770814156666665,12.6399799,8.735965405466992,0.9070810186253832
LUX,Luxembourg,2020,High income,ECS,Europe,630419.0,122066.739147202,6785.86230469,100.0,97.6101288941599,99.0,99.0,2.452934281333333,6.022271049,8.82274400840159,0.8972849737773626
LUX,Luxembourg,2021,High income,ECS,Europe,640064.0,136772.443753292,7632.57275391,100.0,97.6077017276341,99.0,99.0,2.420615286333333,6.043710162,8.940311265523393,0.8840217584033652
LUX,Luxembourg,2022,High income,ECS,Europe,653103.0,146919.145398494,7022.62695313,99.9999976223575,97.6053918019199,99.0,99.0,2.381621116,6.111385748,8.857035023587066,0.8677813969884881
LVA,Latvia,2000,High income,ECS,Europe,2367550.0,7848.90854892793,181.57072449,97.957430289515,89.1822298525204,96.0,97.0,14.219629965333333,33.63836678,5.207137629403682,2.6546234019080557
LVA,Latvia,2001,High income,ECS,Europe,2337170.0,8807.75837072465,205.02047729,97.9544905186091,89.1580310942879,97.0,98.0,13.281404945333334,32.42157661,5.327975568169688,2.5863649325287943
LVA,Latvia,2002,High income,ECS,Europe,2310173.0,9568.79465678335,237.29516602,97.9875163492266,89.3860553955735,97.0,98.0,12.54145853,29.30641909,5.473510098628281,2.5290398386486035
LVA,Latvia,2003,High income,ECS,Europe,2287955.0,10193.2381015054,280.50878906,98.0218970345515,89.5263556907713,98.0,98.0,11.868645193,30.26260647,5.640163669330352,2.4739000650392065
LVA,Latvia,2004,High income,ECS,Europe,2263122.0,11319.1462699913,393.29806519,98.0597159524281,89.6130829805605,99.0,98.0,11.169058616666666,28.02690164,5.977107133922519,2.4131473317020196
LVA,Latvia,2005,High income,ECS,Europe,2238799.0,12825.873779559,440.8097229,98.0973437234884,89.6980083736191,99.0,98.0,10.463667892333332,26.68549044,6.0908792982133,2.347909056093186
LVA,Latvia,2006,High income,ECS,Europe,2218357.0,14180.0017761877,552.30163574,98.1320758435858,89.7567394506575,96.0,98.0,9.838106486,27.60439377,6.315903306234413,2.2862632622625263
LVA,Latvia,2007,High income,ECS,Europe,2200325.0,16245.5340994603,775.19146729,98.1662009076991,89.8089264081031,94.0,95.0,9.304821682333332,27.40690286,6.654399225947302,2.230532726270969
LVA,Latvia,2008,High income,ECS,Europe,2177322.0,17443.3912910988,913.52148438,98.2004790709608,89.8611624895794,94.0,96.0,8.810194314333334,24.64871682,6.8184009605894085,2.175909495815336
LVA,Latvia,2009,High income,ECS,Europe,2141669.0,15545.0821339945,744.66162109,98.2356850389342,89.9210042199692,94.0,92.0,8.310727492666667,23.99171736,6.614271906268058,2.117547149279466
LVA,Latvia,2010,High income,ECS,Europe,2097555.0,16373.4037320495,689.07720947,98.2717136022168,89.987937726115,92.0,95.0,7.782843306,22.22861199,6.536803489113824,2.0519217349209273
LVA,Latvia,2011,High income,ECS,Europe,2059709.0,17680.4939630507,764.59179688,98.3077017378479,90.0539577656872,92.0,92.0,7.207320660000001,22.36853898,6.640649125452294,1.975097267806696
LVA,Latvia,2012,High income,ECS,Europe,2034319.0,19416.5167382125,745.51745605,98.3436350689574,90.1188989835072,91.0,90.0,6.608934135333333,20.47409289,6.6154190005638505,1.8884223905335769
LVA,Latvia,2013,High income,ECS,Europe,2012647.0,20473.5243706913,807.13000488,98.3795180177465,90.182767248935,94.0,96.0,6.029988372666668,24.16463533,6.694722942707253,1.7967450824895845
LVA,Latvia,2014,High income,ECS,Europe,1993782.0,21553.6623204436,856.76654053,98.4153361248408,90.2454171956005,92.0,95.0,5.5088114710000005,22.24146738,6.754331965178397,1.7063488959046305
LVA,Latvia,2015,High income,ECS,Europe,1977527.0,22543.9183164105,775.86431885,98.4511105601359,90.4930837616034,94.0,96.0,5.066648339,22.05601341,6.655265713304812,1.622679521874947
LVA,Latvia,2016,High income,ECS,Europe,1959537.0,24063.4511245109,874.79772949,98.4869768488799,90.7423211464844,98.0,93.0,4.714596788333334,23.26641439,6.77513516186565,1.5506633956382665
LVA,Latvia,2017,High income,ECS,Europe,1942248.0,25763.9907709703,932.50158691,98.5228902646121,90.9929787461015,98.0,96.0,4.4436249210000005,23.10911834,6.838942662937483,1.4914704670002792
LVA,Latvia,2018,High income,ECS,Europe,1927174.0,29817.8047263182,1101.49243164,98.558820559671,91.2449187722214,96.0,98.0,4.208535831333333,23.13567307,7.005328742571815,1.4371148036722974
LVA,Latvia,2019,High income,ECS,Europe,1913822.0,32199.0960377091,1183.1151123,98.5947259523274,91.4979934262128,99.0,99.0,3.968451767,22.0901479,7.076751033944431,1.3783760355124788
LVA,Latvia,2020,High income,ECS,Europe,1900449.0,32741.4207691987,1313.35412598,98.63057400499,91.7520645595703,99.0,99.0,3.722910269,21.09565983,7.181100665003227,1.314505692800503
LVA,Latvia,2021,High income,ECS,Europe,1884490.0,36912.0130602161,1897.95275879,98.6663184077259,92.0069797523466,94.0,97.0,3.4653590056666665,41.67532067,7.549057833615016,1.2428162364138196
LVA,Latvia,2022,High income,ECS,Europe,1879383.0,40558.7495841122,1642.47131348,98.7019358387321,92.2626087395691,95.0,96.0,3.2004000476666667,29.28922144,7.404565938421975,1.1632758168878032
MAC,"Macao SAR, China",2000,High income,EAS,Europe,430600.0,34686.9487205344,1610.73034668,100.0,100.0,96.0,95.0,20.469548690625,10.015977665,7.385063630339435,3.018938352074265
MAC,"Macao SAR, China",2001,High income,EAS,Europe,433900.0,36214.8513340462,1610.73034668,100.0,100.0,96.0,95.0,20.469548690625,10.015977665,7.385063630339435,3.018938352074265
MAC,"Macao SAR, China",2002,High income,EAS,Europe,438400.0,39641.4818326412,1610.73034668,100.0,100.0,96.0,95.0,20.469548690625,10.015977665,7.385063630339435,3.018938352074265
MAC,"Macao SAR, China",2003,High income,EAS,Europe,443600.0,44601.8182261997,1610.73034668,100.0,100.0,96.0,95.0,20.469548690625,10.015977665,7.385063630339435,3.018938352074265
MAC,"Macao SAR, China",2004,High income,EAS,Europe,454700.0,56585.3001832163,1610.73034668,100.0,100.0,96.0,95.0,20.469548690625,10.015977665,7.385063630339435,3.018938352074265
MAC,"Macao SAR, China",2005,High income,EAS,Europe,473500.0,60569.4566444726,1610.73034668,100.0,100.0,96.0,95.0,20.469548690625,10.015977665,7.385063630339435,3.018938352074265
MAC,"Macao SAR, China",2006,High income,EAS,Europe,498900.0,67194.5117540953,1610.73034668,100.0,100.0,96.0,95.0,20.469548690625,10.015977665,7.385063630339435,3.018938352074265
MAC,"Macao SAR, China",2007,High income,EAS,Europe,520900.0,75672.6406168549,1610.73034668,100.0,100.0,96.0,95.0,20.469548690625,10.015977665,7.385063630339435,3.018938352074265
MAC,"Macao SAR, China",2008,High income,EAS,Europe,540700.0,76827.0193066502,1610.73034668,100.0,100.0,96.0,95.0,20.469548690625,10.015977665,7.385063630339435,3.018938352074265
MAC,"Macao SAR, China",2009,High income,EAS,Europe,535000.0,79138.8048016974,1610.73034668,100.0,100.0,96.0,95.0,20.469548690625,10.015977665,7.385063630339435,3.018938352074265
MAC,"Macao SAR, China",2010,High income,EAS,Europe,537000.0,99835.0846406553,1610.73034668,100.0,100.0,96.0,95.0,20.469548690625,10.015977665,7.385063630339435,3.018938352074265
MAC,"Macao SAR, China",2011,High income,EAS,Europe,549600.0,121085.679344582,1610.73034668,100.0,100.0,96.0,95.0,20.469548690625,10.015977665,7.385063630339435,3.018938352074265
MAC,"Macao SAR, China",2012,High income,EAS,Europe,567900.0,133111.616642617,1610.73034668,100.0,100.0,96.0,95.0,20.469548690625,10.015977665,7.385063630339435,3.018938352074265
MAC,"Macao SAR, China",2013,High income,EAS,Europe,591900.0,149859.180455113,1610.73034668,100.0,100.0,96.0,95.0,20.469548690625,10.015977665,7.385063630339435,3.018938352074265
MAC,"Macao SAR, China",2014,High income,EAS,Europe,621700.0,145187.080794416,1610.73034668,100.0,100.0,96.0,95.0,20.469548690625,10.015977665,7.385063630339435,3.018938352074265
MAC,"Macao SAR, China",2015,High income,EAS,Europe,642900.0,108656.763904919,1610.73034668,100.0,100.0,96.0,95.0,20.469548690625,10.015977665,7.385063630339435,3.018938352074265
MAC,"Macao SAR, China",2016,High income,EAS,Europe,652500.0,107653.177281832,1610.73034668,100.0,100.0,96.0,95.0,20.469548690625,10.015977665,7.385063630339435,3.018938352074265
MAC,"Macao SAR, China",2017,High income,EAS,Europe,648400.0,120774.963080752,1610.73034668,100.0,100.0,96.0,95.0,20.469548690625,10.015977665,7.385063630339435,3.018938352074265
MAC,"Macao SAR, China",2018,High income,EAS,Europe,658900.0,129457.998600118,1610.73034668,100.0,100.0,96.0,95.0,20.469548690625,10.015977665,7.385063630339435,3.018938352074265
MAC,"Macao SAR, China",2019,High income,EAS,Europe,672000.0,126029.622371097,1610.73034668,100.0,100.0,96.0,95.0,20.469548690625,10.015977665,7.385063630339435,3.018938352074265
MAC,"Macao SAR, China",2020,High income,EAS,Europe,685400.0,57077.5325705099,1610.73034668,100.0,100.0,96.0,95.0,20.469548690625,10.015977665,7.385063630339435,3.018938352074265
MAC,"Macao SAR, China",2021,High income,EAS,Europe,682500.0,73374.4486829589,1610.73034668,100.0,100.0,96.0,95.0,20.469548690625,10.015977665,7.385063630339435,3.018938352074265
MAC,"Macao SAR, China",2022,High income,EAS,Europe,677300.0,64193.5294048618,1610.73034668,100.0,100.0,96.0,95.0,20.469548690625,10.015977665,7.385063630339435,3.018938352074265
MAF,St. Martin (French part),2000,High income,LCN,Europe,29996.0,10929.3002607587,1610.73034668,100.0,99.1705072850435,96.0,95.0,20.469548690625,10.015977665,7.385063630339435,3.018938352074265
MAF,St. Martin (French part),2001,High income,LCN,Europe,30803.0,10929.3002607587,1610.73034668,100.0,99.1705072850435,96.0,95.0,20.469548690625,10.015977665,7.385063630339435,3.018938352074265
MAF,St. Martin (French part),2002,High income,LCN,Europe,31604.0,10929.3002607587,1610.73034668,100.0,99.1705072850435,96.0,95.0,20.469548690625,10.015977665,7.385063630339435,3.018938352074265
MAF,St. Martin (French part),2003,High income,LCN,Europe,32395.0,10929.3002607587,1610.73034668,100.0,99.1705072850435,96.0,95.0,20.469548690625,10.015977665,7.385063630339435,3.018938352074265
MAF,St. Martin (French part),2004,High income,LCN,Europe,33171.0,10929.3002607587,1610.73034668,100.0,99.1705072850435,96.0,95.0,20.469548690625,10.015977665,7.385063630339435,3.018938352074265
MAF,St. Martin (French part),2005,High income,LCN,Europe,33928.0,10929.3002607587,1610.73034668,100.0,99.2217301839164,96.0,95.0,20.469548690625,10.015977665,7.385063630339435,3.018938352074265
MAF,St. Martin (French part),2006,High income,LCN,Europe,34658.0,10929.3002607587,1610.73034668,100.0,99.2729530827894,96.0,95.0,20.469548690625,10.015977665,7.385063630339435,3.018938352074265
MAF,St. Martin (French part),2007,High income,LCN,Europe,35337.0,10929.3002607587,1610.73034668,100.0,99.3241759816624,96.0,95.0,20.469548690625,10.015977665,7.385063630339435,3.018938352074265
MAF,St. Martin (French part),2008,High income,LCN,Europe,35958.0,10929.3002607587,1610.73034668,100.0,99.3753988805353,96.0,95.0,20.469548690625,10.015977665,7.385063630339435,3.018938352074265
MAF,St. Martin (French part),2009,High income,LCN,Europe,36502.0,10929.3002607587,1610.73034668,100.0,99.4266217794083,96.0,95.0,20.469548690625,10.015977665,7.385063630339435,3.018938352074265
MAF,St. Martin (French part),2010,High income,LCN,Europe,36856.0,10929.3002607587,1610.73034668,99.9978182352951,99.4778446782813,96.0,95.0,20.469548690625,10.015977665,7.385063630339435,3.018938352074265
MAF,St. Martin (French part),2011,High income,LCN,Europe,37069.0,10929.3002607587,1610.73034668,99.9920582504616,99.5290675771542,96.0,95.0,20.469548690625,10.015977665,7.385063630339435,3.018938352074265
MAF,St. Martin (French part),2012,High income,LCN,Europe,37276.0,10929.3002607587,1610.73034668,99.986298265628,99.5802904760272,96.0,95.0,20.469548690625,10.015977665,7.385063630339435,3.018938352074265
MAF,St. Martin (French part),2013,High income,LCN,Europe,37419.0,10929.3002607587,1610.73034668,99.9805382807944,99.6315133749002,96.0,95.0,20.469548690625,10.015977665,7.385063630339435,3.018938352074265
MAF,St. Martin (French part),2014,High income,LCN,Europe,37450.0,10929.3002607587,1610.73034668,99.9747782959609,99.6827362737731,96.0,95.0,20.469548690625,10.015977665,7.385063630339435,3.018938352074265
MAF,St. Martin (French part),2015,High income,LCN,Europe,37369.0,10929.3002607587,1610.73034668,99.9690183111273,99.7339591726461,96.0,95.0,20.469548690625,10.015977665,7.385063630339435,3.018938352074265
MAF,St. Martin (French part),2016,High income,LCN,Europe,37175.0,10929.3002607587,1610.73034668,99.9632583262937,99.785182071519,96.0,95.0,20.469548690625,10.015977665,7.385063630339435,3.018938352074265
MAF,St. Martin (French part),2017,High income,LCN,Europe,36837.0,10929.3002607587,1610.73034668,99.9574983414602,99.836404970392,96.0,95.0,20.469548690625,10.015977665,7.385063630339435,3.018938352074265
MAF,St. Martin (French part),2018,High income,LCN,Europe,36012.0,10929.3002607587,1610.73034668,99.9517383566266,99.887627869265,96.0,95.0,20.469548690625,10.015977665,7.385063630339435,3.018938352074265
MAF,St. Martin (French part),2019,High income,LCN,Europe,34267.0,10929.3002607587,1610.73034668,99.945978371793,99.9388507681379,96.0,95.0,20.469548690625,10.015977665,7.385063630339435,3.018938352074265
MAF,St. Martin (French part),2020,High income,LCN,Europe,31786.0,10929.3002607587,1610.73034668,99.9402183869595,99.9900736670109,96.0,95.0,20.469548690625,10.015977665,7.385063630339435,3.018938352074265
MAF,St. Martin (French part),2021,High income,LCN,Europe,29961.0,10929.3002607587,1610.73034668,99.9344584021259,100.0,96.0,95.0,20.469548690625,10.015977665,7.385063630339435,3.018938352074265
MAF,St. Martin (French part),2022,High income,LCN,Europe,28870.0,10929.3002607587,1610.73034668,99.9286984172924,100.0,96.0,95.0,20.469548690625,10.015977665,7.385063630339435,3.018938352074265
MAR,Morocco,2000,Lower middle income,MEA,Eastern Mediterranean,28423435.0,3930.22314453125,54.63968277,62.1439995989876,68.2172980422046,95.0,93.0,52.208158028,271.3972459,4.0188966655652285,3.9552387667388142
MAR,Morocco,2001,Lower middle income,MEA,Eastern Mediterranean,28814643.0,4268.86962890625,56.55395889,63.4571073529221,68.9979286734151,96.0,96.0,50.02568989375,254.0910056,4.052722923245031,3.9125366713542125
MAR,Morocco,2002,Lower middle income,MEA,Eastern Mediterranean,29198142.0,4436.4287109375,63.57953644,64.7639532171435,70.1959471768186,94.0,94.0,47.855372410125,238.0677887,4.16789758723066,3.8681833876701446
MAR,Morocco,2003,Lower middle income,MEA,Eastern Mediterranean,29571415.0,4741.0615234375,77.74629211,66.063149921039,71.3611031579094,91.0,90.0,45.708601988125,224.1801311,4.3662311922797805,3.8222865074988905
MAR,Morocco,2004,Lower middle income,MEA,Eastern Mediterranean,29953018.0,5024.6943359375,91.17259979,67.3552311379122,72.2380118322512,97.0,95.0,43.53521814325,213.255949,4.52366290407409,3.773570223023739
MAR,Morocco,2005,Lower middle income,MEA,Eastern Mediterranean,30358144.0,5274.74169921875,97.19748688,68.7554997680292,73.1773231573067,98.0,97.0,41.31048570625,196.4897965,4.586980623179582,3.7211163589345664
MAR,Morocco,2006,Lower middle income,MEA,Eastern Mediterranean,30771178.0,5780.6181640625,110.22368622,70.163478359653,74.1286277364386,97.0,95.0,39.1234342655,182.3822946,4.711543364709555,3.666721629286382
MAR,Morocco,2007,Lower middle income,MEA,Eastern Mediterranean,31186468.0,6057.935546875,131.86448669,71.5537323474751,75.07865785853,95.0,95.0,36.955928354375,169.2781753,4.889329711725608,3.6097260771329265
MAR,Morocco,2008,Lower middle income,MEA,Eastern Mediterranean,31606767.0,6437.0634765625,153.23677063,72.9256075527307,76.0270465893793,99.0,96.0,34.890448244875,158.1742112,5.038488893337549,3.5522131024900454
MAR,Morocco,2009,Lower middle income,MEA,Eastern Mediterranean,32030778.0,6628.57666015625,165.50694275,74.2785219849732,76.9734340408013,99.0,98.0,32.928011743,148.3335054,5.115037006749351,3.4943237162781546
MAR,Morocco,2010,Lower middle income,MEA,Eastern Mediterranean,32467016.0,6848.66748046875,168.36595154,75.6138635064954,77.9186321842885,99.0,98.0,31.062802763375,140.1077241,5.132061767564859,3.4360110507188035
MAR,Morocco,2011,Lower middle income,MEA,Eastern Mediterranean,32912588.0,7274.1474609375,179.00019836,76.9300832583237,78.8617098179303,99.0,99.0,29.318273608,130.1918557,5.192957952889604,3.3782109942480596
MAR,Morocco,2012,Lower middle income,MEA,Eastern Mediterranean,33355241.0,7307.6123046875,172.04353333,78.2275853930086,79.8028926607457,99.0,99.0,27.707551046625,121.0335733,5.153543200587976,3.3217049770055933
MAR,Morocco,2013,Lower middle income,MEA,Eastern Mediterranean,33787571.0,7542.0986328125,179.81974792,79.5058796686335,80.7418405934609,99.0,99.0,26.16446726775,112.6112235,5.197500667214675,3.2644022791257794
MAR,Morocco,2014,Lower middle income,MEA,Eastern Mediterranean,34204780.0,7237.27734375,188.6415863,80.7653426304432,81.6787833331369,99.0,99.0,24.731550123375,105.7175881,5.245135902795389,3.2080797614684116
MAR,Morocco,2015,Lower middle income,MEA,Eastern Mediterranean,34607588.0,7799.09228515625,162.85198975,82.0055254325952,82.6133857695212,99.0,99.0,23.3857680995,99.65204053,5.09896351880011,3.1521276364584074
MAR,Morocco,2016,Lower middle income,MEA,Eastern Mediterranean,35023457.0,7853.17626953125,162.21507263,83.2267677813963,83.5458723077839,99.0,99.0,22.16156629625,94.25250946,5.09506879506685,3.0983595406200006
MAR,Morocco,2017,Lower middle income,MEA,Eastern Mediterranean,35446392.0,8115.12060546875,166.8500061,84.4286583054916,84.4759106100825,99.0,99.0,21.1070339025,88.09190685,5.123070759768015,3.049606345237876
MAR,Morocco,2018,Lower middle income,MEA,Eastern Mediterranean,35839760.0,7801.0986328125,175.70518494,85.6112006137327,85.4034661501233,99.0,99.0,20.169318213625,83.13174525,5.17448272207568,3.004162549393085
MAR,Morocco,2019,Lower middle income,MEA,Eastern Mediterranean,36210898.0,8046.22900390625,178.73939514,86.7740979476491,86.3282321764417,99.0,99.0,19.337735411375,79.21254381,5.191507997030396,2.9620583896518458
MAR,Morocco,2020,Lower middle income,MEA,Eastern Mediterranean,36584208.0,7704.84912109375,192.04043579,87.9176789567835,87.2504334400562,99.0,99.0,18.56067431825,81.33571118,5.262899678825625,2.9210450585003334
MAR,Morocco,2021,Lower middle income,MEA,Eastern Mediterranean,36954442.0,8623.265625,209.57344055,89.0414569298463,87.3836441048483,98.0,99.0,17.836922088,92.06035223,5.349834478499068,2.881270583567524
MAR,Morocco,2022,Lower middle income,MEA,Eastern Mediterranean,37329064.0,9310.0322265625,201.81098938,90.1462114499195,87.5163508881869,98.0,99.0,17.165997219375,71.22582178,5.312274458513197,2.842930521311569
MCO,Monaco,2000,High income,ECS,Europe,32455.0,10929.3002607587,2975.82250977,100.0,100.0,99.0,98.0,5.1470126590000005,10.18872095,7.9986117387379,1.6384164801585586
MCO,Monaco,2001,High income,ECS,Europe,32447.0,10929.3002607587,3050.57739258,100.0,100.0,99.0,98.0,4.983408655666667,10.36441092,8.023413913806143,1.6061141259038558
MCO,Monaco,2002,High income,ECS,Europe,32422.0,10929.3002607587,3375.89013672,100.0,100.0,99.0,97.0,4.8370562826666665,10.25784244,8.1247104870521,1.5763063296355992
MCO,Monaco,2003,High income,ECS,Europe,32374.0,10929.3002607587,4833.08740234,100.0,100.0,99.0,97.0,4.7055374253333335,5.118898638,8.483447641848835,1.548739990814634
MCO,Monaco,2004,High income,ECS,Europe,32307.0,10929.3002607587,5681.51171875,100.0,100.0,99.0,96.0,4.585569342,5.165725104,8.645148617977101,1.5229142729175729
MCO,Monaco,2005,High income,ECS,Europe,32210.0,10929.3002607587,5878.00683594,100.0,100.0,99.0,96.0,4.473961971666667,5.155422905,8.679143121174159,1.498274363180823
MCO,Monaco,2006,High income,ECS,Europe,32057.0,10929.3002607587,6146.87744141,100.0,100.0,99.0,94.0,4.367623283666666,5.15438605,8.723862169750939,1.474218990141519
MCO,Monaco,2007,High income,ECS,Europe,31837.0,10929.3002607587,7035.9453125,100.0,100.0,99.0,95.0,4.266987542333333,10.40705908,8.85892945051387,1.450908084664065
MCO,Monaco,2008,High income,ECS,Europe,31836.0,10929.3002607587,8342.875,100.0,100.0,99.0,94.0,4.170087984666666,10.56595307,9.02928301574385,1.4279371350285675
MCO,Monaco,2009,High income,ECS,Europe,32364.0,10929.3002607587,8190.71191406,100.0,100.0,99.0,92.0,4.0768990050000005,10.52300786,9.0108781799202,1.4053366516391916
MCO,Monaco,2010,High income,ECS,Europe,33163.0,10929.3002607587,8025.15917969,100.0,100.0,99.0,93.0,3.9856194036666666,10.63792294,8.990461383634178,1.3826927339569897
MCO,Monaco,2011,High income,ECS,Europe,33946.0,10929.3002607587,8314.45996094,100.0,100.0,99.0,91.0,3.897131983333333,10.55120578,9.02587170710732,1.3602408937156643
MCO,Monaco,2012,High income,ECS,Europe,34711.0,10929.3002607587,7869.89453125,100.0,100.0,99.0,91.0,3.8075411826666663,5.2903463,8.970926998389352,1.3369836219247893
MCO,Monaco,2013,High income,ECS,Europe,35447.0,10929.3002607587,8459.11328125,100.0,100.0,99.0,91.0,3.715627398333333,5.309989292,9.043117842729297,1.312547546369187
MCO,Monaco,2014,High income,ECS,Europe,36128.0,10929.3002607587,8691.6953125,100.0,100.0,99.0,90.0,3.620830111666667,5.41487066,9.070238332712131,1.286703312164662
MCO,Monaco,2015,High income,ECS,Europe,36757.0,10929.3002607587,7354.13183594,100.0,100.0,99.0,89.0,3.522898307666667,5.436918781,8.903153557543826,1.259284033676146
MCO,Monaco,2016,High income,ECS,Europe,37276.0,10929.3002607587,7157.92578125,100.0,100.0,99.0,89.0,3.4208492496666665,5.525319081,8.876115218147307,1.2298888388645337
MCO,Monaco,2017,High income,ECS,Europe,37678.0,10929.3002607587,7101.640625,100.0,100.0,99.0,88.0,3.319521166666666,5.450521519,8.868221912898758,1.1998205456190658
MCO,Monaco,2018,High income,ECS,Europe,38154.0,10929.3002607587,7621.97021484,100.0,100.0,99.0,88.0,3.2182873476666667,5.528945481,8.938921364705289,1.1688493384515581
MCO,Monaco,2019,High income,ECS,Europe,38109.0,10929.3002607587,7517.25341797,100.0,100.0,99.0,88.0,3.1189958866666667,5.562074994,8.92508913171909,1.1375111188260363
MCO,Monaco,2020,High income,ECS,Europe,38050.0,10929.3002607587,7582.41552734,100.0,100.0,99.0,88.0,3.018364409,23.63592109,8.933718974422357,1.1047150982520366
MCO,Monaco,2021,High income,ECS,Europe,38527.0,10929.3002607587,8225.38769531,100.0,100.0,99.0,88.0,2.9250497466666663,5.47441496,9.015102278157515,1.0733114879466028
MCO,Monaco,2022,High income,ECS,Europe,38931.0,10929.3002607587,7674.09814453,100.0,100.0,99.0,88.0,2.8314494430000003,5.310203264,8.94573635993455,1.040788751211893
MDA,Moldova,2000,Upper middle income,ECS,Europe,2924668.0,3044.67050577354,21.37988663,83.0002243513663,71.2506597546078,95.0,89.0,31.283920349375,38.26972203,3.1081626371873026,3.443104238686226
MDA,Moldova,2001,Upper middle income,ECS,Europe,2918135.0,3310.52882645877,25.3985939,83.3234923417837,71.6566360139353,97.0,94.0,28.464066465375,34.51238987,3.273310747370197,3.3486424659887337
MDA,Moldova,2002,Upper middle income,ECS,Europe,2911385.0,3632.61091825467,33.9242363,83.6512440151413,72.0679189727621,97.0,94.0,25.79160615575,31.43741685,3.5531810380463904,3.2500490961917334
MDA,Moldova,2003,Upper middle income,ECS,Europe,2903198.0,3959.95150996029,38.43836975,83.9834832387718,72.4845086683778,98.0,96.0,23.42471799025,29.19357694,3.674739193940975,3.1537917892153056
MDA,Moldova,2004,Upper middle income,ECS,Europe,2896023.0,4378.17475782467,64.60713959,84.3204163424305,73.0585042277255,98.0,96.0,21.53145343975,27.74979365,4.183684525241336,3.069514816749846
MDA,Moldova,2005,Upper middle income,ECS,Europe,2888985.0,4865.93456430334,79.33213043,84.6970913966841,73.6881674871304,98.0,97.0,20.087001524375,26.37410046,4.386169670810021,3.000072915541043
MDA,Moldova,2006,Upper middle income,ECS,Europe,2880967.0,5271.38970435336,100.10816193,85.1105293092425,74.3686465028657,97.0,96.0,19.05886811875,25.20781069,4.616190854024016,2.9475325112974198
MDA,Moldova,2007,Upper middle income,ECS,Europe,2874299.0,5589.5685077365,135.44366455,85.5244670482591,75.053404668561,92.0,96.0,18.2863527095,24.35106754,4.915911815515771,2.9061550280556125
MDA,Moldova,2008,Upper middle income,ECS,Europe,2868833.0,6153.35152147981,185.56115723,85.9389111690626,75.742452878246,90.0,95.0,17.72172526675,23.23806557,5.228759106133884,2.874791303120905
MDA,Moldova,2009,Upper middle income,ECS,Europe,2865213.0,5827.17888882857,208.53004456,86.3538510383459,76.4357878576591,85.0,90.0,17.285895260500002,21.91423474,5.344867139867438,2.8498908661023243
MDA,Moldova,2010,Upper middle income,ECS,Europe,2862354.0,6323.06287905206,198.28894043,86.7693011719513,77.1334278567767,90.0,97.0,16.92906985575,20.15395562,5.294755733606754,2.8290322540421333
MDA,Moldova,2011,Upper middle income,ECS,Europe,2860699.0,6832.94156502961,214.98246765,87.1852515314288,77.835369795755,93.0,91.0,16.624292803875,19.0411481,5.375197236102804,2.8108650475243646
MDA,Moldova,2012,Upper middle income,ECS,Europe,2860324.0,7254.66249032313,223.61895752,87.601707230864,78.5416235324603,92.0,91.0,16.328735034125,18.60262928,5.414405444441403,2.7929264412829635
MDA,Moldova,2013,Upper middle income,ECS,Europe,2859558.0,8232.5238047368,231.66229248,88.0186693421827,79.2521957133911,90.0,91.0,16.031391002,18.75318409,5.4495880136883095,2.774548737778757
MDA,Moldova,2014,Upper middle income,ECS,Europe,2857815.0,8643.06431435343,230.76982117,88.436133359262,79.9670878839298,90.0,90.0,15.788441550125,19.55936046,5.445744729030273,2.7592781248610643
MDA,Moldova,2015,Upper middle income,ECS,Europe,2835978.0,9197.61838204272,186.43643188,88.8523471149568,80.6901033429329,87.0,89.0,15.5278946885,20.3939266,5.2334397579534775,2.7426380638048133
MDA,Moldova,2016,Upper middle income,ECS,Europe,2803186.0,10325.8404896126,171.18476868,89.2722054309819,81.420818324275,89.0,88.0,15.328266866875,20.60341734,5.148568136745924,2.7296986314941556
MDA,Moldova,2017,Upper middle income,ECS,Europe,2755189.0,11252.1135465283,243.94540405,89.6950297524802,82.1581768544632,88.0,93.0,15.171441070875,20.18173561,5.501035345099823,2.7194147836328355
MDA,Moldova,2018,Upper middle income,ECS,Europe,2707203.0,11868.1955463223,276.4697876,90.1205722454001,82.9015800000824,93.0,93.0,15.05199892175,20.20726232,5.625712053745825,2.7115108010961895
MDA,Moldova,2019,Upper middle income,ECS,Europe,2664224.0,13413.2232935126,283.98425293,90.5483180309042,83.6501429350345,91.0,97.0,14.975514392875,20.58361953,5.652433925864961,2.706416493520076
MDA,Moldova,2020,Upper middle income,ECS,Europe,2635130.0,13527.4413130967,305.48913574,90.9779971950064,84.4032169070888,86.0,84.0,14.913416181,28.51011249,5.725182308549013,2.702261222653365
MDA,Moldova,2021,Upper middle income,ECS,Europe,2595809.0,15682.0703284653,403.87823486,91.4092054171204,85.1600042772456,87.0,83.0,14.830956255,24.24678718,6.003586367234197,2.6967166351903753
MDA,Moldova,2022,Upper middle income,ECS,Europe,2528654.0,16452.9621192,394.42373657,91.8415594867587,85.734993748898,88.0,84.0,14.748128892625,19.07587669,5.9799579407252725,2.6911162200017977
MDG,Madagascar,2000,Low income,SSF,Africa,16516338.0,1235.78733941908,11.1882658,36.4427561061797,3.82452281975997,57.0,57.0,104.973191860125,638.2805457,2.5004736692217326,4.653705001941085
MDG,Madagascar,2001,Low income,SSF,Africa,17032939.0,1298.56378873164,13.13894939,37.1365510037545,4.27623527366861,60.0,59.0,100.31986068675,610.7078274,2.648933357142232,4.608363688194951
MDG,Madagascar,2002,Low income,SSF,Africa,17549913.0,1121.08749552772,15.02957344,37.8285452576804,4.72902485932566,62.0,61.0,95.992118586875,592.5506504,2.7744353561613555,4.564266090044221
MDG,Madagascar,2003,Low income,SSF,Africa,18071854.0,1218.83563168796,17.64075851,38.518227444298,5.18344484506749,66.0,65.0,91.975638565,570.9189056,2.9253505010260903,4.5215237437772835
MDG,Madagascar,2004,Low income,SSF,Africa,18606608.0,1279.54611058565,14.29298973,39.2060328929428,5.63879503752012,78.0,79.0,88.158112568875,554.8495243,2.727394535816686,4.479131936020196
MDG,Madagascar,2005,Low income,SSF,Africa,19159707.0,1342.51929937145,15.9498682,40.0429127960642,6.12117413127887,85.0,74.0,84.58576894262501,540.2430274,2.8302600579850177,4.4377660366540965
MDG,Madagascar,2006,Low income,SSF,Africa,19730909.0,1416.40465948998,16.44085503,40.878116387823,6.60626042533301,85.0,71.0,81.189788361375,527.7089096,2.8588154442285933,4.396789480162927
MDG,Madagascar,2007,Low income,SSF,Africa,20318583.0,1493.37545004972,19.33553123,41.7110487315334,7.09404608313975,84.0,81.0,78.04454410875,521.7291603,3.0123696629422327,4.357279742003732
MDG,Madagascar,2008,Low income,SSF,Africa,20923840.0,1577.33838928618,20.91898537,42.5424880385146,7.58477414006482,77.0,70.0,75.214395034125,510.3184735,3.087353173143535,4.320342635962818
MDG,Madagascar,2009,Low income,SSF,Africa,21547280.0,1479.82980025947,19.56957817,43.3700536128356,8.07809172690129,77.0,63.0,72.77478727175,507.0019484,3.023813196405493,4.287369566532258
MDG,Madagascar,2010,Low income,SSF,Africa,22183340.0,1463.87646786391,21.13975906,44.1945358943364,8.57423264106828,70.0,66.0,70.698484247625,499.5595548,3.097375044655783,4.258424133459479
MDG,Madagascar,2011,Low income,SSF,Africa,22822300.0,1475.17055178114,22.88667488,45.0153822584225,9.07317377918647,73.0,62.0,68.98387981275,491.5464069,3.173320767054578,4.233872851400303
MDG,Madagascar,2012,Low income,SSF,Africa,23462438.0,1463.61756926447,19.30151749,45.8324865165496,9.57497737668474,68.0,63.0,67.708153289375,486.9414527,3.010695636455831,4.215206605301588
MDG,Madagascar,2013,Low income,SSF,Africa,24109290.0,1473.40398077255,19.33186913,46.645311071975,10.0796108433394,70.0,64.0,66.81804892125,481.2378831,3.012189562912357,4.201973237478815
MDG,Madagascar,2014,Low income,SSF,Africa,24764348.0,1498.83976908219,22.56570244,47.4541920353579,10.5872297277492,68.0,66.0,66.1671333925,477.1834204,3.159792368545897,4.192183865225189
MDG,Madagascar,2015,Low income,SSF,Africa,25426702.0,1496.61172412841,22.29386139,48.258173464398,11.0976984755033,62.0,60.0,65.80116041725,473.8866672,3.1481898662034102,4.186637473696284
MDG,Madagascar,2016,Low income,SSF,Africa,26099952.0,1561.51962374608,24.20793915,49.0575914521926,11.6111708038341,68.0,62.0,65.629293786125,469.8804851,3.227158990535843,4.184022147893301
MDG,Madagascar,2017,Low income,SSF,Africa,26788375.0,1546.88001890817,23.62072182,49.8519386234101,12.1276026442495,65.0,55.0,65.638064145375,468.6632194,3.2035884387668228,4.184155773790877
MDG,Madagascar,2018,Low income,SSF,Africa,27494926.0,1546.59563549795,21.12731934,50.6411241447461,12.647045200372,74.0,68.0,65.79583306725,465.6945292,3.096813014326379,4.186556509080576
MDG,Madagascar,2019,Low income,SSF,Africa,28219554.0,1612.29772715626,15.50084877,51.4242559942128,13.1693375483997,69.0,60.0,66.040768390375,462.12295,2.803411820189573,4.190272254210996
MDG,Madagascar,2020,Low income,SSF,Africa,28953556.0,1490.32312837866,16.78295326,52.2020747813196,13.6947390405503,67.0,55.0,66.215344728125,447.3924142,2.878240316405148,4.192912229559214
MDG,Madagascar,2021,Low income,SSF,Africa,29691083.0,1577.43246056529,17.17938805,52.9732968597974,14.2229663442332,55.0,43.0,66.174143616625,466.7404833,2.90028842756674,4.192289806837512
MDG,Madagascar,2022,Low income,SSF,Africa,30437261.0,1716.97884873797,15.85809231,53.7386722482621,14.7542849047499,57.0,44.0,65.69195280375,438.6903382,2.8248307972988203,4.184976434027605
MDV,Maldives,2000,Upper middle income,SAS,South-East Asia,282019.0,8526.28986369241,219.8586731,93.9754416536862,76.1204180921548,98.0,99.0,39.02525672512501,93.63796365,5.397523008722644,3.6642090448583975
MDV,Maldives,2001,Upper middle income,SAS,South-East Asia,286767.0,8235.80267716404,229.80044556,94.3299211609412,77.3138917274855,98.0,98.0,34.727859664,80.9059992,5.441553465134681,3.547542236984751
MDV,Maldives,2002,Upper middle income,SAS,South-East Asia,291616.0,8822.51726087564,249.48114014,94.6785046984777,78.4909414521848,98.0,97.0,30.76562134325,76.35977404,5.523383628828295,3.426397876421143
MDV,Maldives,2003,Upper middle income,SAS,South-East Asia,296491.0,10065.4858052111,240.54026794,95.0207841451374,79.6500594890905,98.0,96.0,27.2162602595,70.28458905,5.487036200145281,3.303814598346613
MDV,Maldives,2004,Upper middle income,SAS,South-East Asia,301413.0,10769.7743281923,304.5932312,95.3565498138063,80.7906424264184,96.0,97.0,27.0007567395,64.84808217,5.722254907832408,3.295864893000458
MDV,Maldives,2005,Upper middle income,SAS,South-East Asia,306429.0,9704.44334454041,335.13778687,95.6853187306833,81.9107386991057,98.0,97.0,21.5361615515,54.30589597,5.817521155873632,3.069733454896849
MDV,Maldives,2006,Upper middle income,SAS,South-East Asia,313851.0,12075.1455749491,403.94284058,95.9990896604814,82.9678419611105,98.0,97.0,19.3620363565,52.4161372,6.003745922775776,2.9633142600205256
MDV,Maldives,2007,Upper middle income,SAS,South-East Asia,324479.0,12851.7923161425,478.24349976,96.2874159070082,83.8983717139846,98.0,97.0,17.574632054125,50.56586172,6.172208818474355,2.8664565017236607
MDV,Maldives,2008,Upper middle income,SAS,South-East Asia,336170.0,13778.8197554554,775.14593506,96.5912125860585,84.9631631924184,98.0,97.0,16.10677260525,53.00442383,6.654340563146363,2.7792398422495266
MDV,Maldives,2009,Upper middle income,SAS,South-East Asia,348275.0,12265.7930464259,679.66296387,96.8924931173137,86.0231687446511,98.0,98.0,14.869889386125,52.26109769,6.523067270085779,2.699338321717093
MDV,Maldives,2010,Upper middle income,SAS,South-East Asia,360792.0,12797.3279262916,608.87176514,97.1912684549674,87.0784721184559,96.0,97.0,13.815983047625,49.15596402,6.4132487139858405,2.6258261138332744
MDV,Maldives,2011,Upper middle income,SAS,South-East Asia,373674.0,13726.3262093446,588.20758057,97.4875221810395,88.128993363051,96.0,96.0,12.88735916175,48.24050432,6.378778550374686,2.556246921000144
MDV,Maldives,2012,Upper middle income,SAS,South-East Asia,386818.0,13988.5973865429,647.11553955,97.7812411341271,89.1747640869776,99.0,98.0,12.04481067925,47.28600986,6.474068982233094,2.4886339181558452
MDV,Maldives,2013,Upper middle income,SAS,South-East Asia,400070.0,15264.0907069581,671.65325928,98.0723697097107,90.2153433449242,99.0,99.0,11.2709606175,47.43601225,6.511229980352058,2.4222295611095728
MDV,Maldives,2014,Upper middle income,SAS,South-East Asia,413617.0,16722.523852619,707.39245605,98.3609146245112,91.250996049753,99.0,99.0,10.543960555,42.67412685,6.562998256571906,2.355553236763017
MDV,Maldives,2015,Upper middle income,SAS,South-East Asia,428154.0,17875.0989419262,837.47290039,98.6468575811513,92.2815312224762,99.0,99.0,9.8514352925,40.88225266,6.7315822615877385,2.287617159543221
MDV,Maldives,2016,Upper middle income,SAS,South-East Asia,443308.0,18769.5060607629,1017.99908447,98.9301591789306,93.3068469398135,98.0,99.0,9.189146878,40.97458017,6.926576134763048,2.218023100502441
MDV,Maldives,2017,Upper middle income,SAS,South-East Asia,458287.0,19767.8893613468,961.57415771,99.2108231698123,94.3268032321981,98.0,99.0,8.55753744675,41.14869859,6.869611110165402,2.146812467310964
MDV,Maldives,2018,Upper middle income,SAS,South-East Asia,473099.0,21899.4292993843,833.21575928,99.4838786975911,95.3413870915622,98.0,99.0,7.963844945375,39.52019264,6.726492073073255,2.07491191657181
MDV,Maldives,2019,Upper middle income,SAS,South-East Asia,487731.0,23077.2112236652,880.79962158,99.6231486421787,96.3505180491116,98.0,99.0,7.400663978375,39.421985,6.781964843778814,2.0015697229923473
MDV,Maldives,2020,Upper middle income,SAS,South-East Asia,502118.0,13425.3674459601,845.82440186,99.6489940790337,97.1213636398167,98.0,98.0,6.878194531,47.58408961,6.7414933554019685,1.9283561946865915
MDV,Maldives,2021,Upper middle income,SAS,South-East Asia,516154.0,19052.6224904311,901.09185791,99.675443163466,97.8641004075029,95.0,97.0,6.410637036375,60.05760445,6.804716352915177,1.8579586476443157
MDV,Maldives,2022,Upper middle income,SAS,South-East Asia,524106.0,22880.5123151419,883.91467285,99.702507903643,98.5962212934826,98.0,98.0,6.0242050355,34.32715935,6.785491225500961,1.795785526355949
MEX,Mexico,2000,Upper middle income,LCN,Americas,98625552.0,11704.6853532773,319.34719849,91.5623322939428,79.2052351502487,97.0,96.0,28.049424919333333,56.39245527,5.769405402893053,3.3339681297739854
MEX,Mexico,2001,Upper middle income,LCN,Americas,100099099.0,11738.8928661183,364.39672852,92.0447445301781,79.9105993233351,97.0,95.0,26.792722758,55.35380117,5.900983690756591,3.288130311762857
MEX,Mexico,2002,Upper middle income,LCN,Americas,101548624.0,11761.8865901666,385.61471558,92.5226572701038,80.6059707016954,97.0,96.0,25.630110822666666,54.96576457,5.957428630147069,3.2437678643099273
MEX,Mexico,2003,Upper middle income,LCN,Americas,102978515.0,12065.9368553721,411.83197021,92.996063481636,81.2915094361491,98.0,96.0,24.562689189666667,54.03960995,6.02304065838262,3.2012285919781034
MEX,Mexico,2004,Upper middle income,LCN,Americas,104394131.0,12658.1646665687,446.13604736,93.4651323429629,81.9676485346638,98.0,96.0,23.583017424666668,53.06311265,6.102862904816589,3.1605268523450234
MEX,Mexico,2005,Upper middle income,LCN,Americas,105811504.0,13260.2388186669,483.97970581,93.9295704021899,82.634046861873,98.0,96.0,22.679553507,51.64543289,6.18410704637129,3.1214637920255552
MEX,Mexico,2006,Upper middle income,LCN,Americas,107253666.0,14540.4500497636,514.29864502,94.3895494210949,83.2911380511861,98.0,96.0,21.85858392733333,50.60049196,6.244746625833341,3.0845937014796525
MEX,Mexico,2007,Upper middle income,LCN,Americas,108774360.0,15031.5804109164,558.06530762,94.8449664577953,83.9388749115264,98.0,96.0,21.107719982000003,49.59503938,6.326266295704961,3.049638849489917
MEX,Mexico,2008,Upper middle income,LCN,Americas,110374288.0,15680.5761896881,573.11114502,95.2791786706115,84.5778681369926,96.0,96.0,20.39644541233333,50.63942552,6.35282301001425,3.015360641174371
MEX,Mexico,2009,Upper middle income,LCN,Americas,111999721.0,15190.8744519178,492.59887695,95.5850499173434,85.2078679687607,95.0,96.0,19.733347538666667,50.60608376,6.201723197365737,2.982309973086456
MEX,Mexico,2010,Upper middle income,LCN,Americas,113623895.0,15909.1464963628,534.08520508,95.8874978648844,85.8292495991465,95.0,95.0,19.094116999,49.73802467,6.282425996046963,2.9493802770840403
MEX,Mexico,2011,Upper middle income,LCN,Americas,115243504.0,17266.8129106549,565.31738281,96.1869601419422,86.4428801813735,97.0,98.0,18.479725530333337,47.28058373,6.339154668057459,2.9166742138485526
MEX,Mexico,2012,Upper middle income,LCN,Americas,116818208.0,18004.7935607542,582.48297119,96.483147256866,87.0483009641919,99.0,99.0,17.882745663333335,45.78833549,6.369015267393297,2.8838363185452605
MEX,Mexico,2013,Upper middle income,LCN,Americas,118343573.0,18170.264789912,625.59765625,96.7762637072841,87.6459487223264,83.0,89.0,17.309895162333333,44.95862673,6.440304638086583,2.8512783126899004
MEX,Mexico,2014,Upper middle income,LCN,Americas,119784261.0,18820.7991098584,609.82232666,97.0663144004475,88.2358926764479,87.0,98.0,16.75120190233333,43.70398674,6.414806125819846,2.8184700110599663
MEX,Mexico,2015,Upper middle income,LCN,Americas,121072306.0,19071.4444196466,553.91259766,97.3531385567766,88.8179258213353,87.0,98.0,16.222123052333334,43.15535688,6.318810619651197,2.7863759311411025
MEX,Mexico,2016,Upper middle income,LCN,Americas,122251351.0,20104.5839787472,489.92230225,97.6369085403618,89.3924181439649,93.0,97.0,15.699689066666666,43.15521771,6.196285871382615,2.753640907487234
MEX,Mexico,2017,Upper middle income,LCN,Americas,123400057.0,20488.7150800441,512.54974365,97.9175037608425,89.9592224609298,85.0,76.0,15.191853576,43.93980593,6.2413468964392615,2.720759335232889
MEX,Mexico,2018,Upper middle income,LCN,Americas,124573711.0,20921.4775277572,528.26306152,98.1950089060211,90.5185596102805,88.0,97.0,14.695881289999996,44.00298411,6.271485589011343,2.6875672701719795
MEX,Mexico,2019,Upper middle income,LCN,Americas,125762982.0,20964.2774847072,549.72601318,98.46943436997,91.0705197769802,82.0,73.0,14.208429567333331,43.33916083,6.31123743172446,2.6538354199800827
MEX,Mexico,2020,Upper middle income,LCN,Americas,126799054.0,19354.1248706244,535.11669922,98.7408072689782,91.6152077254503,72.0,92.0,13.742960197666669,61.48252353,6.284351859798088,2.6205267073789456
MEX,Mexico,2021,Upper middle income,LCN,Americas,127648148.0,20782.5877417545,606.13415527,99.0090934864526,92.1526440010022,78.0,99.0,13.295089937,103.877921,6.408749780263968,2.587394789395683
MEX,Mexico,2022,Upper middle income,LCN,Americas,128613117.0,23135.4931601276,650.97070313,99.2737986132837,92.6614618116548,83.0,86.0,12.856318110333332,45.44722557,6.479999627067404,2.5538353722433724
MHL,Marshall Islands,2000,Upper middle income,EAS,Western Pacific,50706.0,2489.96943780806,306.73342896,88.7785656055878,74.7275535409277,39.0,94.0,42.37830727833333,250.6532271,5.729233917830912,3.7466366105213114
MHL,Marshall Islands,2001,Upper middle income,EAS,Western Pacific,51123.0,2700.27054583067,269.22146606,88.7361116250114,74.8983706314678,48.0,64.0,42.40077762633333,230.5507781,5.599241867448225,3.7471667023134425
MHL,Marshall Islands,2002,Upper middle income,EAS,Western Pacific,51425.0,2825.24479927053,309.72741699,88.6939841063505,75.0678760410401,80.0,80.0,42.300192879,222.9250262,5.738916055151488,3.7447916458290704
MHL,Marshall Islands,2003,Upper middle income,EAS,Western Pacific,51639.0,2824.27883367143,338.22610474,88.6522614448274,75.2357419905979,68.0,90.0,42.05184418333334,221.3106486,5.826666860685274,3.73890324237364
MHL,Marshall Islands,2004,Upper middle income,EAS,Western Pacific,51791.0,2879.90589671206,363.40332031,88.6109447251145,75.4019644335075,64.0,70.0,41.71069751,237.7877462,5.8982612770621845,3.7307576309172665
MHL,Marshall Islands,2005,Upper middle income,EAS,Western Pacific,51906.0,3016.70324372574,490.59927368,88.5455141117699,75.7826662619326,77.0,86.0,41.33357337633333,233.9208176,6.197663900229438,3.721675084411999
MHL,Marshall Islands,2006,Upper middle income,EAS,Western Pacific,51992.0,3110.05225553568,613.29852295,88.4803975214392,76.0448233755654,74.0,96.0,40.91374170633333,232.7603436,6.420481003722909,3.7114659896590285
MHL,Marshall Islands,2007,Upper middle income,EAS,Western Pacific,52035.0,3309.39754112765,485.01657104,88.4157787879213,76.2960646332462,93.0,94.0,40.50774129766666,228.9693065,6.186242720109335,3.701493098999232
MHL,Marshall Islands,2008,Upper middle income,EAS,Western Pacific,52030.0,3118.23467102442,536.23034668,88.3514803494463,76.5371074289025,95.0,86.0,40.09355848966667,226.062924,6.286426953522655,3.691215685241239
MHL,Marshall Islands,2009,Upper middle income,EAS,Western Pacific,52019.0,3253.15085940372,543.67626953,88.2877562001055,76.7672035221088,96.0,78.0,39.668634675,223.6077529,6.3001916173124535,3.6805608168681654
MHL,Marshall Islands,2010,Upper middle income,EAS,Western Pacific,52044.0,3473.40469896159,548.59899902,88.2244329493456,76.987068031911,94.0,97.0,39.266051759,211.8733469,6.309188919618271,3.670360322638985
MHL,Marshall Islands,2011,Upper middle income,EAS,Western Pacific,51907.0,3536.56004235245,376.39205933,88.1615235690486,77.1968326186549,87.0,88.0,38.768837688,209.3117614,5.933284592252047,3.657616771558432
MHL,Marshall Islands,2012,Upper middle income,EAS,Western Pacific,51419.0,3589.66880383744,410.4979248,88.0994261058338,77.3953434668074,80.0,78.0,38.13618156133333,206.9651637,6.019803977091043,3.641163478782038
MHL,Marshall Islands,2013,Upper middle income,EAS,Western Pacific,50681.0,3845.00357492163,445.42425537,88.0383075874041,77.5823878699737,79.0,79.0,37.402000062666666,200.7210648,6.1012697450972535,3.6217241806020177
MHL,Marshall Islands,2014,Upper middle income,EAS,Western Pacific,49796.0,3931.34410649415,449.90563965,87.9780013453875,77.7587559493787,78.0,79.0,36.544450974,199.4592947,6.111258092889295,3.598529354533145
MHL,Marshall Islands,2015,Upper middle income,EAS,Western Pacific,48800.0,4125.1616927563,557.35211182,87.918586730439,77.9244886482311,85.0,75.0,35.61095888833333,183.7970092,6.324989788135925,3.5726534244287858
MHL,Marshall Islands,2016,Upper middle income,EAS,Western Pacific,47709.0,4366.25764216189,619.35668945,87.8599925436278,78.0801139470474,71.0,75.0,34.706676674,183.4944647,6.43029461817885,3.54693207979859
MHL,Marshall Islands,2017,Upper middle income,EAS,Western Pacific,46529.0,4719.31304926001,553.06298828,87.8022983184249,78.2256974121697,80.0,83.0,33.745204910666665,179.1249852,6.317278377540559,3.518838330503698
MHL,Marshall Islands,2018,Upper middle income,EAS,Western Pacific,45285.0,5232.2052487185,702.8359375,87.7453304443591,78.3619174334576,81.0,83.0,32.779710495,167.2169343,6.556545285675364,3.4898097415195144
MHL,Marshall Islands,2019,Upper middle income,EAS,Western Pacific,44007.0,6045.06240789858,793.66851807,87.6892595354253,78.488659643571,79.0,85.0,31.85427655566667,167.9362465,6.677925069300491,3.4611716447680005
MHL,Marshall Islands,2020,Upper middle income,EAS,Western Pacific,42706.0,6136.97119702131,687.02435303,87.6339278712455,78.6065823369048,82.0,89.0,30.94158259,177.6326444,6.533824234152821,3.432100994127674
MHL,Marshall Islands,2021,Upper middle income,EAS,Western Pacific,41367.0,6767.95785510528,782.16351318,87.579321179184,78.7159193807723,86.0,85.0,29.99410664933333,205.5502793,6.6633415032822745,3.401000917342082
MHL,Marshall Islands,2022,Upper middle income,EAS,Western Pacific,40077.0,7431.42757895496,859.050354,87.5255330544284,78.8167730658642,86.0,81.0,29.04176631466667,173.5165069,6.756990938696291,3.368735011614726
MKD,North Macedonia,2000,Upper middle income,ECS,Europe,2026350.0,6153.89675266027,162.68013,96.7613264219734,88.6499475814466,95.0,97.0,15.924137051,11.13098684,5.09791409643565,2.767836011669736
MKD,North Macedonia,2001,Upper middle income,ECS,Europe,2034882.0,6051.02977709083,150.4312439,96.7649803792738,88.6252235401792,91.0,92.0,14.79282684975,9.291557542,5.020131686291295,2.694142390964289
MKD,North Macedonia,2002,Upper middle income,ECS,Europe,2020157.0,6395.17250234276,172.87971497,96.7686348116492,88.6004998671063,96.0,98.0,14.33735270075,9.871008911,5.1583637668852935,2.662868208697396
MKD,North Macedonia,2003,Upper middle income,ECS,Europe,2022725.0,6608.20753127326,214.29603577,96.7722873788314,88.5757736884035,96.0,96.0,14.326372466375,8.102002102,5.372013991613716,2.6621020671824276
MKD,North Macedonia,2004,Upper middle income,ECS,Europe,2016186.0,7229.41434974388,230.68000793,96.775962091055,88.5509345256761,94.0,96.0,14.2104288395,8.2132444,5.445357143425597,2.6539761203658156
MKD,North Macedonia,2005,Upper middle income,ECS,Europe,2005330.0,7972.29770978201,229.81243896,96.8586412875669,89.1441375585342,97.0,96.0,13.706876425875,7.313621961,5.4416054281556665,2.617897635805891
MKD,North Macedonia,2006,Upper middle income,ECS,Europe,1994287.0,8888.46168232106,242.60142517,96.9404130326478,89.7448433584085,93.0,94.0,12.98521943275,7.129592042,5.495533386270188,2.5638117439130124
MKD,North Macedonia,2007,Upper middle income,ECS,Europe,1982933.0,9638.6478016189,263.25378418,97.0213724658105,90.3525986106097,95.0,96.0,12.300797063625,6.842272662,5.576909945101926,2.50966406219955
MKD,North Macedonia,2008,Upper middle income,ECS,Europe,1971493.0,10924.3276713102,313.61117554,97.1016356457898,90.966962665795,95.0,98.0,11.65499351975,5.672639253,5.7513375130066,2.45573471648156
MKD,North Macedonia,2009,Upper middle income,ECS,Europe,1958782.0,11532.1364033642,297.88058472,97.1812973186845,91.5875725774437,96.0,96.0,10.992984396,5.628801869,5.700044111409014,2.3972572871469793
MKD,North Macedonia,2010,Upper middle income,ECS,Europe,1946298.0,11992.1816944788,308.09429932,97.260478214411,92.2138622798074,95.0,98.0,10.370475593375,5.304498081,5.733646406133965,2.3389628836174627
MKD,North Macedonia,2011,Upper middle income,ECS,Europe,1937398.0,12420.8114553395,335.13171387,97.3392765626462,92.8454434778871,96.0,97.0,10.034340149375,4.723854463,5.817503088714573,2.306013225166073
MKD,North Macedonia,2012,Upper middle income,ECS,Europe,1929821.0,12725.9772893634,317.978302,97.4178150815546,93.4817519077294,95.0,96.0,10.17480434475,5.042117559,5.765123081662683,2.3199145021265797
MKD,North Macedonia,2013,Upper middle income,ECS,Europe,1922716.0,13662.7566550362,361.13168335,97.4961912518525,94.1223717416181,98.0,96.0,10.65198402,4.538093907,5.892007911839123,2.3657461677628024
MKD,North Macedonia,2014,Upper middle income,ECS,Europe,1917557.0,14485.1215168988,357.63867188,97.5745230862782,94.7668041558134,95.0,93.0,11.132781445,4.217342805,5.882315396628193,2.409894039277489
MKD,North Macedonia,2015,Upper middle income,ECS,Europe,1912430.0,15034.1677602787,322.25213623,97.6529269300646,95.4144114282649,91.0,89.0,11.2755942125,3.834896204,5.778432626230285,2.4226405857738884
MKD,North Macedonia,2016,Upper middle income,ECS,Europe,1906313.0,16457.5652245258,347.44271851,97.7315020702952,96.0648171578031,95.0,82.0,10.82243630925,3.875151063,5.853473850866072,2.3816214152854966
MKD,North Macedonia,2017,Upper middle income,ECS,Europe,1898657.0,17161.049071447,375.3303833,97.8103630941709,96.7174458342857,91.0,83.0,9.6798909735,3.525661439,5.93046743656686,2.270050638156875
MKD,North Macedonia,2018,Upper middle income,ECS,Europe,1889051.0,18460.4624451227,426.57290649,97.8896166330973,97.3296814337333,93.0,75.0,8.2487952795,3.370443074,6.058124815333343,2.1100671629563763
MKD,North Macedonia,2019,Upper middle income,ECS,Europe,1876262.0,20222.5954834227,469.47344971,97.9693792101594,97.8791697296938,92.0,75.0,6.966843963875,3.181011753,6.15373952748634,1.941162319338874
MKD,North Macedonia,2020,Upper middle income,ECS,Europe,1856124.0,19962.1482468276,510.81011963,98.049753932852,98.4277706026568,84.0,63.0,5.9474168047500005,7.109346276,6.237953696156239,1.7829569748247556
MKD,North Macedonia,2021,Upper middle income,ECS,Europe,1837114.0,22144.2842571431,636.65447998,98.1308494044727,98.9748195551065,81.0,70.0,5.015268742125,11.7937391,6.457796569214715,1.6124870076401454
MKD,North Macedonia,2022,Upper middle income,ECS,Europe,1831712.0,24212.2818885331,561.69281006,98.1589591318874,98.98180306954,84.0,71.0,4.080751303125,2.515193781,6.332733848785181,1.4062811143866376
MLI,Mali,2000,Low income,SSF,Africa,11559290.0,1356.51736440853,14.00473022,49.4074258741145,17.3336177697569,43.0,49.0,187.540410778375,741.2467177,2.70836549939048,5.233994346339806
MLI,Mali,2001,Low income,SSF,Africa,11912158.0,1558.71870195563,13.15901566,51.0043528727808,18.5366288294077,49.0,54.0,181.42517572675,693.5906403,2.6503515703125338,5.200843313755437
MLI,Mali,2002,Low income,SSF,Africa,12288050.0,1581.11108691343,15.89499378,52.6652852945174,19.7478525761063,61.0,56.0,175.133125913125,649.2201828,2.827017352009926,5.165546404226662
MLI,Mali,2003,Low income,SSF,Africa,12684955.0,1714.89753907761,18.76944542,54.3201164982467,20.9666083854735,63.0,57.0,168.9546435485,615.6745958,2.984137585195749,5.129630297532526
MLI,Mali,2004,Low income,SSF,Africa,13102409.0,1730.0922516304,21.72010231,55.9690552417302,22.193273656424,69.0,63.0,163.0346180035,591.7091486,3.123250096923798,5.093962558646811
MLI,Mali,2005,Low income,SSF,Africa,13538647.0,1770.67795435907,23.97353554,57.6096707559848,23.4264099806876,77.0,73.0,157.40122213799998,577.3039285,3.217816685778362,5.058798100489373
MLI,Mali,2006,Low income,SSF,Africa,13990139.0,1831.5492454407,26.93190002,59.2432791544715,24.6671660825145,78.0,68.0,152.1346599135,567.6551861,3.329769405570252,5.024766049133897
MLI,Mali,2007,Low income,SSF,Africa,14457775.0,1852.36282555464,29.63545799,60.8678932754337,25.9143828499992,74.0,66.0,147.220027984125,574.4597312,3.422158095959781,4.99192825671426
MLI,Mali,2008,Low income,SSF,Africa,14940782.0,1893.49514528434,33.21391678,62.4840069987377,27.1686715784898,74.0,71.0,142.579317487375,572.5497501,3.5326324846895023,4.959898458803113
MLI,Mali,2009,Low income,SSF,Africa,15435539.0,1944.69828229092,34.64731598,64.0894295059223,28.4286615146563,73.0,73.0,138.1369449925,565.2651458,3.573673855947474,4.928245548116584
MLI,Mali,2010,Low income,SSF,Africa,15945198.0,2011.67894612475,31.36436844,65.6825064344256,29.6932856424804,73.0,78.0,133.888250932625,557.8287161,3.4770580781349025,4.897005503758615
MLI,Mali,2011,Low income,SSF,Africa,16469049.0,2046.22567064388,31.67968369,67.2626511406481,30.9622372812507,66.0,72.0,129.840445022875,553.2612875,3.4867535909363925,4.866306350671773
MLI,Mali,2012,Low income,SSF,Africa,16957033.0,1990.14805241092,27.53120613,68.8293224749943,32.2352227048023,65.0,67.0,126.01699248775,549.0358392,3.3509984401817925,4.836416758872438
MLI,Mali,2013,Low income,SSF,Africa,17459615.0,2059.28407641881,30.06661987,70.3820228884165,33.5119596461235,64.0,62.0,122.411854134625,525.218631,3.4361339266918294,4.807391212893915
MLI,Mali,2014,Low income,SSF,Africa,18020267.0,2184.87660281666,35.7261734,71.9205681917845,34.7924079704944,66.0,65.0,118.95431554675,506.8031569,3.603489672536585,4.778739516433432
MLI,Mali,2015,Low income,SSF,Africa,18593022.0,2330.24293947692,28.97842216,73.4442818917146,36.0760821566718,70.0,67.0,115.62965386575,489.7170113,3.400477861536289,4.750392444672324
MLI,Mali,2016,Low income,SSF,Africa,19191289.0,2531.80496963482,27.58086205,74.9530465324724,37.3629585814102,76.0,70.0,112.393853868,471.7054109,3.352737334748026,4.722009255074856
MLI,Mali,2017,Low income,SSF,Africa,19813011.0,2606.69607954141,28.49467659,76.4467561333581,38.6530201870083,77.0,70.0,109.247811523375,453.0326894,3.384209792485617,4.693618801952406
MLI,Mali,2018,Low income,SSF,Africa,20442030.0,2684.41122026575,31.16962242,77.9248726503067,39.9458152875809,76.0,71.0,106.091549868625,434.2751569,3.471022604159985,4.664302399362726
MLI,Mali,2019,Low income,SSF,Africa,21068405.0,2819.86582297259,31.4089489,79.3875776496975,41.2415636688459,77.0,71.0,103.063108659875,415.9578666,3.4784345852792,4.635341506037976
MLI,Mali,2020,Low income,SSF,Africa,21713836.0,2723.70094784441,28.20211601,80.8342374526546,42.5396302417606,70.0,62.0,99.94699487475,404.7022521,3.374241172744586,4.604639994208767
MLI,Mali,2021,Low income,SSF,Africa,22388630.0,2796.22793795433,30.55883217,82.2652506105548,43.8404477380485,77.0,72.0,96.8954492205,414.5671469,3.451853491807603,4.573632554125163
MLI,Mali,2022,Low income,SSF,Africa,23072640.0,3014.4210732688,31.0949192,83.6801195841677,45.1434215383033,75.0,69.0,93.95034498475,381.0461847,3.468697737234478,4.542766397856458
MLT,Malta,2000,High income,MEA,Europe,390087.0,18214.4790221275,647.10150146,100.0,99.9492010508807,94.0,74.0,7.621298844333334,12.64875324,6.474047322141371,2.0309468071855097
MLT,Malta,2001,High income,MEA,Europe,393028.0,18435.0626373623,685.98400879,99.9999986778727,99.9490461275994,95.0,70.0,7.387130832333334,12.17125722,6.532311015080987,1.9997394095490038
MLT,Malta,2002,High income,MEA,Europe,395969.0,19531.963974957,830.64630127,99.999996839623,99.9488990899102,95.0,65.0,7.200410609,13.16500156,6.723407231766785,1.9741380534236943
MLT,Malta,2003,High income,MEA,Europe,398582.0,20812.7786386776,1082.75085449,100.0,99.9487652290629,94.0,90.0,7.061048846666666,13.22216049,6.988183316551188,1.9545936023217343
MLT,Malta,2004,High income,MEA,Europe,401268.0,21565.7733219687,1227.28881836,99.9999991531108,99.9486253040546,89.0,94.0,6.966254152333334,11.03887454,7.113377275157525,1.9410776559657894
MLT,Malta,2005,High income,MEA,Europe,403834.0,22227.3785442795,1378.2388916,100.0,99.9484979431454,92.0,86.0,6.907305468,11.04235084,7.229287098177747,1.9325796149867267
MLT,Malta,2006,High income,MEA,Europe,405308.0,23219.014785723,1480.1126709,99.9999978183576,99.9484166203892,85.0,94.0,6.877983705333333,12.19134001,7.300548888956761,1.9283255429077235
MLT,Malta,2007,High income,MEA,Europe,406724.0,25011.6552092205,1606.22094727,100.0,99.9483801402341,74.0,79.0,6.868728055666668,10.28844581,7.3822618468092704,1.9269789443572904
MLT,Malta,2008,High income,MEA,Europe,409379.0,26653.8602570483,1759.8626709,99.9999999672221,99.9483390179808,72.0,78.0,6.865291224,9.880375302,7.473559121866458,1.9264784598787963
MLT,Malta,2009,High income,MEA,Europe,412477.0,26781.9076062395,1683.5435791,100.0,99.948299467383,73.0,82.0,6.862146352333333,10.62272198,7.429249933156076,1.92602027215014
MLT,Malta,2010,High income,MEA,Europe,414508.0,28909.1940252237,1735.48693848,99.9999988772099,99.9482592767257,76.0,73.0,6.84811187,8.57566013,7.459619350405192,1.9239729748625496
MLT,Malta,2011,High income,MEA,Europe,416268.0,29425.9062422677,1962.20556641,100.0,99.9529309076339,96.0,84.0,6.821334228333334,10.51744385,7.582333909328544,1.920055087374389
MLT,Malta,2012,High income,MEA,Europe,420028.0,30716.282743184,1898.50866699,100.0,99.9576050642504,99.0,93.0,6.783513036333333,9.34609726,7.549350535391685,1.9144951147123435
MLT,Malta,2013,High income,MEA,Europe,424810.0,33138.0373455038,2127.0612793,99.9999994764776,99.9622878778312,99.0,99.0,6.731842917333334,7.445931503,7.662966646710453,1.9068489423268726
MLT,Malta,2014,High income,MEA,Europe,433481.0,35205.7012669646,2466.89111328,99.999997506533,99.9669760572969,99.0,98.0,6.665505323666667,8.166133771,7.811119264635456,1.8969457682610464
MLT,Malta,2015,High income,MEA,Europe,444220.0,38368.7020383117,2249.00463867,99.9999976305003,99.9716734306493,97.0,89.0,6.586118580333333,7.046573322,7.718687556827452,1.8849641887014899
MLT,Malta,2016,High income,MEA,Europe,454505.0,40999.9620259653,2326.67016602,99.9999985454062,99.9763785453032,97.0,93.0,6.487573963333333,9.585582393,7.752623117550703,1.8698886493261824
MLT,Malta,2017,High income,MEA,Europe,467106.0,45763.7330585065,2562.88574219,99.9999988683956,99.9810896682043,98.0,91.0,6.373337422,7.360464075,7.849279254719238,1.8521232604821363
MLT,Malta,2018,High income,MEA,Europe,483903.0,48178.2920560941,2759.91186523,99.9999969675015,99.9858051675868,97.0,96.0,6.249021159000001,8.937725598,7.923316290098674,1.8324248369229694
MLT,Malta,2019,High income,MEA,Europe,503912.0,51392.8152819605,2947.24023438,100.0,99.9905343490211,98.0,96.0,6.108430260333333,8.479089719,7.988963740619982,1.8096698269732532
MLT,Malta,2020,High income,MEA,Europe,515490.0,49971.8784010216,3140.77026367,100.0,99.9952644133915,98.0,95.0,5.959016633333333,9.974889212,8.052541698277908,1.784905473057025
MLT,Malta,2021,High income,MEA,Europe,518150.0,56852.3218512267,3641.03833008,99.9999977128228,99.9999977128228,99.0,90.0,5.806969541333333,9.888309309,8.20029878469126,1.7590588412122743
MLT,Malta,2022,High income,MEA,Europe,531113.0,60588.8890591794,3362.42382813,99.9999984486759,99.9999984486759,98.0,96.0,5.645541784,9.815159301,8.120714730600035,1.7308661689041156
MMR,Myanmar,2000,Lower middle income,EAS,South-East Asia,45290841.0,948.748285178047,4.47214985,47.0143575446257,63.4598787059053,82.0,84.0,89.43301463487501,374.9275257,1.6996715648137115,4.493489905226091
MMR,Myanmar,2001,Lower middle income,EAS,South-East Asia,45771139.0,1068.82590521952,4.62700701,48.6071024243715,64.0138771425064,73.0,73.0,87.07290151075,361.4791348,1.7275776862296444,4.46674571617125
MMR,Myanmar,2002,Lower middle income,EAS,South-East Asia,46232653.0,1203.8263073429,7.0817728,50.2257370348603,64.5659679367751,79.0,77.0,84.666917897625,346.5184102,2.0896112544076346,4.438724945640808
MMR,Myanmar,2003,Lower middle income,EAS,South-East Asia,46667192.0,1384.52851825947,6.57480383,51.870427267256,65.1163596898644,78.0,80.0,82.172601327625,335.0094387,2.024827454030396,4.408821929317438
MMR,Myanmar,2004,Lower middle income,EAS,South-East Asia,47068772.0,1600.84105608585,7.01517916,53.5410174702481,65.6650229848345,82.0,86.0,79.64238533725,323.627896,2.0813371388996496,4.377546430244822
MMR,Myanmar,2005,Lower middle income,EAS,South-East Asia,47438365.0,1860.45413157633,7.65254498,55.2373698713053,66.2119516928638,73.0,84.0,77.01007399925,311.5475787,2.1578534950113943,4.343936244455125
MMR,Myanmar,2006,Lower middle income,EAS,South-East Asia,47785135.0,2152.86730947026,8.47415161,56.9590615338735,66.756940787588,82.0,78.0,74.3263331515,300.8084506,2.2485672071178704,4.308465305507692
MMR,Myanmar,2007,Lower middle income,EAS,South-East Asia,48125043.0,2458.85746440138,9.91384029,58.7062336029249,67.3001769970488,86.0,81.0,71.5645146215,290.4668844,2.3900317351587104,4.270599345268458
MMR,Myanmar,2008,Lower middle income,EAS,South-East Asia,48390793.0,2748.07921338491,14.70817947,60.4787323145867,67.8416392315072,85.0,82.0,101.04430729725,285.7840486,2.754181562038831,4.615559106758025
MMR,Myanmar,2009,Lower middle income,EAS,South-East Asia,48660459.0,3039.7998233771,18.70313454,62.2761475757096,68.3369194463673,90.0,87.0,65.944126437,268.4585798,2.9807777367922834,4.188807814348042
MMR,Myanmar,2010,Lower middle income,EAS,South-East Asia,49024382.0,3348.12889497049,20.23270416,64.0988519879754,68.829818100566,90.0,88.0,63.176618650875,259.099357,3.0555426420738154,4.145934274645672
MMR,Myanmar,2011,Lower middle income,EAS,South-East Asia,49419820.0,3579.40482970626,27.40522575,65.9461876733172,69.3199771322654,84.0,88.0,60.485039203125,248.5478789,3.346573133521955,4.102396048557836
MMR,Myanmar,2012,Lower middle income,EAS,South-East Asia,49837446.0,3845.15284153671,37.25568008,67.8182524811461,69.8075314320921,84.0,84.0,57.945834785125,242.8505989,3.644292048071216,4.059508691190908
MMR,Myanmar,2013,Lower middle income,EAS,South-East Asia,50262658.0,4143.63012731959,37.68575287,69.7146626625881,70.2923141744914,75.0,86.0,55.5551414945,236.8683673,3.655471389360448,4.017376067959198
MMR,Myanmar,2014,Lower middle income,EAS,South-East Asia,50681634.0,4376.38833281274,54.28113556,71.6357324611293,70.7745876052099,88.0,88.0,53.392237803375,227.5464856,4.012431721216593,3.9776653759130753
MMR,Myanmar,2015,Lower middle income,EAS,South-East Asia,51089056.0,4458.69054442659,63.62335968,73.5840283312627,71.2558705695299,89.0,84.0,51.311563798125,221.5497915,4.168575950378802,3.937916141942671
MMR,Myanmar,2016,Lower middle income,EAS,South-East Asia,51495696.0,4459.53981427471,59.67910385,75.5592746825868,71.7359380963987,90.0,91.0,49.43472884275,215.2362387,4.105599385913795,3.9006531902071186
MMR,Myanmar,2017,Lower middle income,EAS,South-East Asia,51894938.0,4706.43248949598,59.51782608,77.5609391468529,72.2144198606081,89.0,83.0,47.6848154655,209.0678245,4.102937967587616,3.8646130131586505
MMR,Myanmar,2018,Lower middle income,EAS,South-East Asia,52272247.0,5581.2769545815,60.83261871,79.5886557826298,72.6910446469858,91.0,93.0,45.944281537,200.9451813,4.124431036061921,3.827429391372752
MMR,Myanmar,2019,Lower middle income,EAS,South-East Asia,52640713.0,6101.37245765709,53.72147369,81.6416324017497,73.1653173340109,90.0,84.0,44.361990496375,194.9133384,4.002256204420948,3.7923830328996173
MMR,Myanmar,2020,Lower middle income,EAS,South-East Asia,53016522.0,5740.99045843992,66.02284241,83.6954599459105,73.6368737740023,84.0,91.0,42.821110029,198.1986728,4.205033492779568,3.757031205968929
MMR,Myanmar,2021,Lower middle income,EAS,South-East Asia,53387102.0,5178.44718217164,96.86240387,85.5310377931068,74.1054938787639,37.0,44.0,41.34755524075,231.3167061,4.58356244993696,3.7220132961607697
MMR,Myanmar,2022,Lower middle income,EAS,South-East Asia,53756787.0,5731.93787872459,57.96875763,85.5803784995837,74.1301579655436,71.0,75.0,40.008646666,192.8910583,4.077007771959383,3.6890955974032926
MNE,Montenegro,2000,Upper middle income,ECS,Europe,604950.0,6003.8529990953,284.005233765,95.08595516798411,86.4725409994878,94.0,94.0,14.203285694666668,11.32871849,5.652507541478123,2.653473324789741
MNE,Montenegro,2001,Upper middle income,ECS,Europe,607389.0,6771.5482104101,284.005233765,95.08595516798411,86.4725409994878,94.0,94.0,13.643167037333331,10.85544098,5.652507541478123,2.613238812951754
MNE,Montenegro,2002,Upper middle income,ECS,Europe,609828.0,7100.28306700488,284.005233765,95.08595516798411,86.4725409994878,94.0,94.0,12.972035183666668,10.1599519,5.652507541478123,2.5627959007191197
MNE,Montenegro,2003,Upper middle income,ECS,Europe,612267.0,7340.35009918017,284.005233765,95.08595516798411,86.4725409994878,94.0,94.0,12.21389039,10.01237557,5.652507541478123,2.5025738606326255
MNE,Montenegro,2004,Upper middle income,ECS,Europe,613353.0,7841.44380565018,284.005233765,95.08595516798411,86.4725409994878,94.0,94.0,11.394501845333332,9.266106854,5.652507541478123,2.4331309447901543
MNE,Montenegro,2005,Upper middle income,ECS,Europe,614261.0,8313.64054358567,284.005233765,95.08595516798411,86.4725409994878,94.0,94.0,10.544376467333333,8.39415596,5.652507541478123,2.355592681536016
MNE,Montenegro,2006,Upper middle income,ECS,Europe,615025.0,10440.2734993601,284.005233765,95.1771363433135,90.6415121374975,90.0,90.0,9.691104450333333,8.032522497,5.652507541478123,2.271208397770208
MNE,Montenegro,2007,Upper middle income,ECS,Europe,615875.0,12452.2628850091,284.005233765,95.4603088591974,91.1775903884606,92.0,90.0,8.846430183333334,7.986336611,5.652507541478123,2.1800140085297555
MNE,Montenegro,2008,Upper middle income,ECS,Europe,616969.0,13801.9149911395,284.005233765,95.7432123993098,91.7158378297671,95.0,89.0,8.034174319333333,7.666361855,5.652507541478123,2.083704233403134
MNE,Montenegro,2009,Upper middle income,ECS,Europe,618294.0,12976.2464365042,284.005233765,96.0257884355961,92.2561094620688,92.0,86.0,7.269486870333334,7.551590427,5.652507541478123,1.983685707257075
MNE,Montenegro,2010,Upper middle income,ECS,Europe,619428.0,13612.2915551291,284.005233765,96.3080710826968,92.7984934115956,94.0,90.0,6.572546844333334,7.391750604,5.652507541478123,1.8829014049199437
MNE,Montenegro,2011,Upper middle income,ECS,Europe,620345.0,14347.4457105412,571.65600586,96.5900878676882,93.3430526184903,95.0,91.0,5.944168188666667,7.216691667,6.350285197625976,1.7824106025512618
MNE,Montenegro,2012,Upper middle income,ECS,Europe,621418.0,13792.5731748207,535.16223145,96.8718312757474,93.8897863076242,94.0,90.0,5.388107342333334,6.973584158,6.284436785890963,1.6841941808317265
MNE,Montenegro,2013,Upper middle income,ECS,Europe,622587.0,14692.0574366306,597.17596436,97.1533140949299,94.438754002914,94.0,88.0,4.900796488,7.074895587,6.393884965448793,1.5893977404784219
MNE,Montenegro,2014,Upper middle income,ECS,Europe,623744.0,15276.0334064191,581.40106201,97.4345288246908,94.9899616180891,91.0,76.0,4.480510648,6.778441662,6.367159320386995,1.499737023859791
MNE,Montenegro,2015,Upper middle income,ECS,Europe,624651.0,16091.712641843,582.18743896,97.7154742169306,95.5434213816421,89.0,64.0,4.121606533666667,6.952364343,6.368508642328068,1.4162430227123888
MNE,Montenegro,2016,Upper middle income,ECS,Europe,625353.0,18030.0907942324,604.88665771,97.9838031663894,96.0990784093621,89.0,47.0,3.8163914286666665,6.025563782,6.406692935094523,1.3393053239719193
MNE,Montenegro,2017,Upper middle income,ECS,Europe,625982.0,19356.6825946889,623.68841553,98.2281722973241,96.6569962707111,87.0,58.0,3.5585324440000003,7.389488583,6.437252990274436,1.2693482250403418
MNE,Montenegro,2018,Upper middle income,ECS,Europe,626438.0,21083.5882908272,745.7520752,98.8789249228913,97.2142443586762,86.0,42.0,3.341064284,6.757597148,6.615733236067919,1.2062894041353396
MNE,Montenegro,2019,Upper middle income,ECS,Europe,626753.0,23705.5248672453,754.77441406,99.0815729243166,97.5022963479866,87.0,37.0,3.1532931886666664,6.37307051,6.627742937550626,1.1484473634478314
MNE,Montenegro,2020,Upper middle income,ECS,Europe,626590.0,20624.7838079303,896.24884033,99.2839751783308,97.771772470462,84.0,24.0,2.986499975333333,14.73917032,6.799333237555441,1.094102124930834
MNE,Montenegro,2021,Upper middle income,ECS,Europe,625053.0,23690.0773513056,1024.2565918,99.2830138723667,97.7911092113251,83.0,18.0,2.834582274666667,14.64485506,6.93269819370773,1.0418945805266668
MNE,Montenegro,2022,Upper middle income,ECS,Europe,623591.0,28049.6156106324,1032.91149902,99.2820569937109,97.8104504105016,80.0,33.0,2.698292184333333,13.05404647,6.9411044605155165,0.9926190485613923
MNG,Mongolia,2000,Upper middle income,EAS,Western Pacific,2388299.0,3739.69666851051,28.13583946,62.4153289912774,43.3509577005442,94.0,92.0,62.806680834625,143.9036161,3.371969012948106,4.140061450532872
MNG,Mongolia,2001,Upper middle income,EAS,Western Pacific,2417751.0,3888.85528581332,27.85225105,63.8236899461792,43.9293436353835,95.0,95.0,57.91815623550001,129.8065945,3.3621880159067725,4.05903091462016
MNG,Mongolia,2002,Upper middle income,EAS,Western Pacific,2449027.0,4083.38422166067,30.67812347,65.2096971996007,44.4988380043393,98.0,98.0,53.20015535875,119.7722765,3.455626331290313,3.9740613166205905
MNG,Mongolia,2003,Upper middle income,EAS,Western Pacific,2480374.0,4399.36537925014,27.18718147,66.5727730993556,45.0591791576731,98.0,98.0,48.697969284375,113.9243155,3.338867316799934,3.885637330746346
MNG,Mongolia,2004,Upper middle income,EAS,Western Pacific,2508412.0,4941.82663694262,33.7024498,67.9123756644867,46.565730094516,99.0,99.0,44.497024442875,107.8340707,3.5468102838844224,3.7954223204842865
MNG,Mongolia,2005,Upper middle income,EAS,Western Pacific,2536407.0,5406.14341980278,38.04277039,69.2258593497373,48.0796741751259,99.0,97.0,40.637060016125,99.15441721,3.664657721885754,3.7046804585305004
MNG,Mongolia,2006,Upper middle income,EAS,Western Pacific,2567168.0,5977.19688729951,49.52784348,70.5155400151406,49.6017260697185,99.0,99.0,37.107881099125,89.97531599,3.922524540380024,3.613829375601484
MNG,Mongolia,2007,Upper middle income,EAS,Western Pacific,2601850.0,6678.05474357637,66.17643738,71.7804641476083,51.1306318210775,95.0,98.0,33.916722236,81.29674634,4.20732255181636,3.523908174061115
MNG,Mongolia,2008,Upper middle income,EAS,Western Pacific,2643201.0,7296.58073671622,97.26833344,73.0207899506692,52.6658164646959,96.0,97.0,31.040945487625,77.13512563,4.587701833239994,3.4353071551483096
MNG,Mongolia,2009,Upper middle income,EAS,Western Pacific,2691115.0,7119.39424211884,76.7000351,74.2336967289894,54.2047237331896,95.0,94.0,28.486501430375,74.62361186,4.352855709110951,3.3494303410526522
MNG,Mongolia,2010,Upper middle income,EAS,Western Pacific,2738622.0,7531.62557442648,99.50933838,75.4224593493441,55.748796660386,96.0,97.0,26.242252932,71.4109232,4.610250642386389,3.2673708190792663
MNG,Mongolia,2011,Upper middle income,EAS,Western Pacific,2786317.0,8861.82052869304,135.98664856,76.3129761358457,57.1062265256697,99.0,98.0,24.332228840625,67.26419911,4.91988346531258,3.1918017613388177
MNG,Mongolia,2012,Upper middle income,EAS,Western Pacific,2839705.0,10151.7217998165,169.6519928,77.0456343168303,58.3638961437545,99.0,99.0,22.770988902625,62.64256688,5.139626352987433,3.1254873091995643
MNG,Mongolia,2013,Upper middle income,EAS,Western Pacific,2899011.0,10442.3850504493,180.41543579,77.7798259632281,59.6305788541198,98.0,97.0,21.516383557875,58.85377372,5.200789626618753,3.0688146708869333
MNG,Mongolia,2014,Upper middle income,EAS,Western Pacific,2963113.0,10900.2305197857,176.69651794,78.5150961295777,60.9059101713151,99.0,98.0,20.43118640075,56.23460436,5.180077139808235,3.017062478643691
MNG,Mongolia,2015,Upper middle income,EAS,Western Pacific,3026864.0,10458.3027240524,165.19296265,79.2523120738023,62.1905023037508,99.0,98.0,19.40821789575,51.87234718,5.113149538865426,2.9656965792486254
MNG,Mongolia,2016,Upper middle income,EAS,Western Pacific,3088856.0,10511.3831063141,168.41404724,79.9910274586386,63.4840050160805,99.0,99.0,18.40103758475,48.12729261,5.132345702274678,2.9124070535006004
MNG,Mongolia,2017,Upper middle income,EAS,Western Pacific,3148917.0,11096.0375604239,160.4889679,80.7307985361717,64.7860401773072,99.0,99.0,17.396012589125,45.43285056,5.084436830112744,2.856241018414424
MNG,Mongolia,2018,Upper middle income,EAS,Western Pacific,3208189.0,12317.4824277695,188.64115906,81.4783824183296,66.102065585159,99.0,99.0,16.418773241375,44.58726919,5.245133649911464,2.7984253899893483
MNG,Mongolia,2019,Upper middle income,EAS,Western Pacific,3267673.0,13604.978943194,197.57131958,82.233221224194,67.4319599015551,98.0,98.0,15.5450117555,44.81787399,5.291148328191576,2.743739799734297
MNG,Mongolia,2020,Upper middle income,EAS,Western Pacific,3327204.0,13693.179806943,188.77464294,82.994734823721,68.7755717433728,96.0,97.0,14.828790886375,46.8239604,5.245837278409822,2.6965706212261615
MNG,Mongolia,2021,Upper middle income,EAS,Western Pacific,3383741.0,14792.2509086422,330.03753662,83.761628489025,70.1321116661664,95.0,95.0,14.281240701625,63.32941093,5.802231772633152,2.658946837004551
MNG,Mongolia,2022,Upper middle income,EAS,Western Pacific,3433748.0,16401.9894751531,448.24212646,84.5344346158514,71.5023556683645,95.0,94.0,13.8901848015,41.22208563,6.107561999544589,2.631182461321375
MNP,Northern Mariana Islands,2000,High income,EAS,Western Pacific,68356.0,10929.3002607587,1610.73034668,96.4844231168673,94.0133637810378,96.0,95.0,20.469548690625,10.015977665,7.385063630339435,3.018938352074265
MNP,Northern Mariana Islands,2001,High income,EAS,Western Pacific,67984.0,10929.3002607587,1610.73034668,96.6735663156931,94.2745099221282,96.0,95.0,20.469548690625,10.015977665,7.385063630339435,3.018938352074265
MNP,Northern Mariana Islands,2002,High income,EAS,Western Pacific,66778.0,10929.3002607587,1610.73034668,96.8627095145188,94.5356560632186,96.0,95.0,20.469548690625,10.015977665,7.385063630339435,3.018938352074265
MNP,Northern Mariana Islands,2003,High income,EAS,Western Pacific,65421.0,10929.3002607587,1610.73034668,97.0518527133445,94.796802204309,96.0,95.0,20.469548690625,10.015977665,7.385063630339435,3.018938352074265
MNP,Northern Mariana Islands,2004,High income,EAS,Western Pacific,63938.0,10929.3002607587,1610.73034668,97.2409959121703,95.0579483453994,96.0,95.0,20.469548690625,10.015977665,7.385063630339435,3.018938352074265
MNP,Northern Mariana Islands,2005,High income,EAS,Western Pacific,62354.0,10929.3002607587,1610.73034668,97.430139110996,95.3190944864897,96.0,95.0,20.469548690625,10.015977665,7.385063630339435,3.018938352074265
MNP,Northern Mariana Islands,2006,High income,EAS,Western Pacific,60682.0,10929.3002607587,1610.73034668,97.6192823098218,95.5802406275802,96.0,95.0,20.469548690625,10.015977665,7.385063630339435,3.018938352074265
MNP,Northern Mariana Islands,2007,High income,EAS,Western Pacific,58941.0,10929.3002607587,1610.73034668,97.8084255086475,95.8413867686706,96.0,95.0,20.469548690625,10.015977665,7.385063630339435,3.018938352074265
MNP,Northern Mariana Islands,2008,High income,EAS,Western Pacific,57150.0,10929.3002607587,1610.73034668,97.9975687074732,96.102532909761,96.0,95.0,20.469548690625,10.015977665,7.385063630339435,3.018938352074265
MNP,Northern Mariana Islands,2009,High income,EAS,Western Pacific,55325.0,10929.3002607587,1610.73034668,98.186711906299,96.3636790508513,96.0,95.0,20.469548690625,10.015977665,7.385063630339435,3.018938352074265
MNP,Northern Mariana Islands,2010,High income,EAS,Western Pacific,54091.0,10929.3002607587,1610.73034668,98.3758551051247,96.6248251919417,96.0,95.0,20.469548690625,10.015977665,7.385063630339435,3.018938352074265
MNP,Northern Mariana Islands,2011,High income,EAS,Western Pacific,53608.0,10929.3002607587,1610.73034668,98.5649983039505,96.8859713330322,96.0,95.0,20.469548690625,10.015977665,7.385063630339435,3.018938352074265
MNP,Northern Mariana Islands,2012,High income,EAS,Western Pacific,53234.0,10929.3002607587,1610.73034668,98.7541415027762,97.1471174741226,96.0,95.0,20.469548690625,10.015977665,7.385063630339435,3.018938352074265
MNP,Northern Mariana Islands,2013,High income,EAS,Western Pacific,52758.0,10929.3002607587,1610.73034668,98.9432847016019,97.408263615213,96.0,95.0,20.469548690625,10.015977665,7.385063630339435,3.018938352074265
MNP,Northern Mariana Islands,2014,High income,EAS,Western Pacific,52178.0,10929.3002607587,1610.73034668,99.1324279004277,97.6694097563033,96.0,95.0,20.469548690625,10.015977665,7.385063630339435,3.018938352074265
MNP,Northern Mariana Islands,2015,High income,EAS,Western Pacific,51514.0,10929.3002607587,1610.73034668,99.3215710992534,97.9305558973937,96.0,95.0,20.469548690625,10.015977665,7.385063630339435,3.018938352074265
MNP,Northern Mariana Islands,2016,High income,EAS,Western Pacific,50773.0,10929.3002607587,1610.73034668,99.5107142980791,98.1917020384842,96.0,95.0,20.469548690625,10.015977665,7.385063630339435,3.018938352074265
MNP,Northern Mariana Islands,2017,High income,EAS,Western Pacific,49959.0,10929.3002607587,1610.73034668,99.6998574969049,98.4528481795746,96.0,95.0,20.469548690625,10.015977665,7.385063630339435,3.018938352074265
MNP,Northern Mariana Islands,2018,High income,EAS,Western Pacific,49077.0,10929.3002607587,1610.73034668,99.8890006957306,98.713994320665,96.0,95.0,20.469548690625,10.015977665,7.385063630339435,3.018938352074265
MNP,Northern Mariana Islands,2019,High income,EAS,Western Pacific,48129.0,10929.3002607587,1610.73034668,100.0,98.9751404617553,96.0,95.0,20.469548690625,10.015977665,7.385063630339435,3.018938352074265
MNP,Northern Mariana Islands,2020,High income,EAS,Western Pacific,47528.0,10929.3002607587,1610.73034668,100.0,99.2362866028457,96.0,95.0,20.469548690625,10.015977665,7.385063630339435,3.018938352074265
MNP,Northern Mariana Islands,2021,High income,EAS,Western Pacific,46979.0,10929.3002607587,1610.73034668,100.0,99.4974327439361,96.0,95.0,20.469548690625,10.015977665,7.385063630339435,3.018938352074265
MNP,Northern Mariana Islands,2022,High income,EAS,Western Pacific,46078.0,10929.3002607587,1610.73034668,100.0,99.7585788850266,96.0,95.0,20.469548690625,10.015977665,7.385063630339435,3.018938352074265
MOZ,Mozambique,2000,Low income,SSF,Africa,18129653.0,471.967329761791,7.00877714,23.4410418674047,10.7368086528161,70.0,71.0,162.94556239075,525.4131203,2.0805380827588595,5.093416171962455
MOZ,Mozambique,2001,Low income,SSF,Africa,18537729.0,532.627310160456,8.53719139,24.4482966648571,11.6891382934177,73.0,74.0,154.16414337025,450.4196741,2.255199038551017,5.038017900822316
MOZ,Mozambique,2002,Low income,SSF,Africa,18958338.0,580.040921427185,10.00207806,25.8920562991607,12.6706023887281,76.0,77.0,145.94997507675,375.1564014,2.39808416950172,4.983263926534436
MOZ,Mozambique,2003,Low income,SSF,Africa,19392475.0,619.987510681772,11.03660774,27.3637062660651,13.6597206754492,85.0,80.0,138.512256155375,338.0840759,2.4879526510124856,4.930958813808769
MOZ,Mozambique,2004,Low income,SSF,Africa,19840313.0,673.345717268781,14.12452602,28.8635945459384,14.656791437849,83.0,79.0,131.54133374275,300.1965625,2.7163176659052137,4.8793211272679775
MOZ,Mozambique,2005,Low income,SSF,Africa,20304569.0,721.411761943486,18.40718079,30.391019323665,15.661495607588,80.0,78.0,124.966833646,279.2883439,2.9656431413973934,4.828048371263848
MOZ,Mozambique,2006,Low income,SSF,Africa,20787087.0,798.387667642541,18.05057144,31.9468315696643,16.6744657730016,78.0,76.0,118.125535191875,274.1454805,2.947097097973207,4.771747916528511
MOZ,Mozambique,2007,Low income,SSF,Africa,21287635.0,861.987682743539,19.29700851,33.5293144441132,17.6947339130943,75.0,75.0,110.01184162775,296.7698938,3.010473511149186,4.70058801115981
MOZ,Mozambique,2008,Low income,SSF,Africa,21819036.0,916.155850233958,24.48562622,35.2815210331491,18.8175728896395,75.0,77.0,103.617360412125,328.3943396,3.238114615591352,4.640704887332448
MOZ,Mozambique,2009,Low income,SSF,Africa,22391745.0,951.485453763858,27.68954468,37.0713316939985,19.9603052560203,74.0,80.0,97.473151869625,312.7203125,3.3565327595292413,4.579576974644033
MOZ,Mozambique,2010,Low income,SSF,Africa,22999235.0,1000.2411486648,26.26061249,38.8870842432342,21.1157832994067,74.0,82.0,94.923600465375,271.067211,3.305442894467919,4.553072362426087
MOZ,Mozambique,2011,Low income,SSF,Africa,23649039.0,1063.65543296311,30.42516136,40.7272349107275,22.2833615319123,77.0,82.0,90.442690086625,236.572222,3.4476088892284427,4.504716391401567
MOZ,Mozambique,2012,Low income,SSF,Africa,24337846.0,1075.87786085361,35.24672699,42.5912317568362,23.4630594441157,80.0,83.0,86.27934702375,191.0498609,3.590349087293268,4.457590253385572
MOZ,Mozambique,2013,Low income,SSF,Africa,25051611.0,1113.7525275929,41.5031395,44.4785109091444,24.6548929254595,82.0,83.0,82.568919699875,169.9053767,3.749577943790309,4.4136333348978845
MOZ,Mozambique,2014,Low income,SSF,Africa,25788475.0,1165.82826607505,43.50259018,46.3885053370703,25.8588794084376,85.0,83.0,79.18267488875,179.7065825,3.7955473937704087,4.371757523486131
MOZ,Mozambique,2015,Low income,SSF,Africa,26547572.0,1317.88785956822,40.35658646,48.3206421640835,27.0750381576231,85.0,83.0,75.122549213,182.4514623,3.722231694395736,4.3191207695345515
MOZ,Mozambique,2016,Low income,SSF,Africa,27337105.0,1379.10740028691,31.85357285,50.2743318960673,28.3033808340067,85.0,83.0,72.304206966875,169.8249717,3.492060501573479,4.28088231511884
MOZ,Mozambique,2017,Low income,SSF,Africa,28166393.0,1282.74965991801,36.75825882,52.2485430306556,29.5435460585168,85.0,83.0,70.903291733625,155.7958392,3.631204228455645,4.261316860297085
MOZ,Mozambique,2018,Low income,SSF,Africa,29018644.0,1325.58695568953,41.29206467,54.2431367591977,30.7959176592195,85.0,83.0,69.484845707625,132.4901876,3.744599471999916,4.24110868142266
MOZ,Mozambique,2019,Low income,SSF,Africa,29884380.0,1388.79707034446,41.01906586,56.2587719909351,32.0616645064997,85.0,83.0,68.313248633125,111.3932605,3.73812346432729,4.224103724824558
MOZ,Mozambique,2020,Low income,SSF,Africa,30783688.0,1411.62040229911,34.92252731,58.2943448564578,33.3404532645595,71.0,73.0,67.302173527625,110.246003,3.5813646003686914,4.209192532230586
MOZ,Mozambique,2021,Low income,SSF,Africa,31707800.0,1457.23540930922,44.09894943,60.34998629028,34.6331153020155,56.0,62.0,65.775413455125,160.5831627,3.808858952002285,4.186246112807399
MOZ,Mozambique,2022,Low income,SSF,Africa,32656246.0,1581.9441944262,47.69813538,62.4237541540672,35.9385123672753,55.0,63.0,64.2938361655,92.75863512,3.885640741470534,4.163463766081004
MRT,Mauritania,2000,Lower middle income,SSF,Africa,2613441.0,2303.66639707769,23.00290108,41.4134230835058,18.1529733941699,51.0,46.0,98.1821427325,644.1166869,3.178174701376082,4.5868243529232275
MRT,Mauritania,2001,Lower middle income,SSF,Africa,2678760.0,2279.72711478483,23.28163338,42.3280271481034,19.3093273656577,75.0,58.0,93.423075838375,616.4183429,3.1897202365809827,4.537138379370048
MRT,Mauritania,2002,Lower middle income,SSF,Africa,2738655.0,2295.80500995331,25.96999741,43.8234469336447,20.5759918023257,89.0,87.0,88.073986517625,589.671994,3.294725041119005,4.478177217123059
MRT,Mauritania,2003,Lower middle income,SSF,Africa,2802046.0,2446.69817773871,29.51877594,45.328257924083,21.8519258918573,76.0,84.0,82.435556062,571.3738586,3.418342098796753,4.412016849450451
MRT,Mauritania,2004,Lower middle income,SSF,Africa,2868664.0,2570.29404911997,31.47280884,46.8421748540114,23.1372199810227,70.0,73.0,76.9472092045,557.2116335,3.48040308807092,4.343119591979378
MRT,Mauritania,2005,Lower middle income,SSF,Africa,2939059.0,2809.03508145691,34.00539017,48.3637496328725,24.4309798679279,71.0,65.0,71.79600077175,535.6516681,3.555502054489026,4.273828774945101
MRT,Mauritania,2006,Lower middle income,SSF,Africa,3013660.0,3341.70718355001,35.14922333,49.8930914741819,25.9997164897389,68.0,62.0,67.255633831125,520.8810799,3.5876554637266724,4.208500789413586
MRT,Mauritania,2007,Lower middle income,SSF,Africa,3093059.0,3278.27661394002,40.41820145,51.4299037180572,27.6037678904985,75.0,67.0,63.429105635625,516.4276607,3.723720432764887,4.149922835524722
MRT,Mauritania,2008,Lower middle income,SSF,Africa,3183269.0,3235.99782161036,49.2858696,52.9742769831922,29.2444593327866,74.0,65.0,60.373179592625,505.9403515,3.917724115174378,4.1005449598432175
MRT,Mauritania,2009,Lower middle income,SSF,Africa,3284448.0,3158.74414286708,44.64679718,54.5236725907371,30.9205985186658,64.0,59.0,57.920823029625,499.6838868,3.820933444229132,4.059076957742128
MRT,Mauritania,2010,Lower middle income,SSF,Africa,3390965.0,3177.84436561165,43.759655,56.0793137596393,32.634513910578,64.0,67.0,56.0489133095,499.2312186,3.801307175639221,4.026224761453326
MRT,Mauritania,2011,Lower middle income,SSF,Africa,3502811.0,3270.86251341888,47.77469254,57.6405391140785,34.3867695026877,75.0,67.0,54.464509899625,493.5581228,3.887211582850148,3.9975492950476728
MRT,Mauritania,2012,Lower middle income,SSF,Africa,3619034.0,3464.97661099269,49.2515831,59.206705237902,36.1778963960657,80.0,75.0,53.03696350087501,496.197373,3.9170420509205415,3.970989095009452
MRT,Mauritania,2013,Lower middle income,SSF,Africa,3734318.0,3831.04711012348,55.47412872,60.7764532840581,38.0075543396616,80.0,80.0,51.693626237375,495.8928264,4.033782634523682,3.9453344903045666
MRT,Mauritania,2014,Lower middle income,SSF,Africa,3848514.0,3865.1425867687,59.39431381,62.3466709330309,39.8731407401327,81.0,75.0,50.335588030375,483.6251787,4.10089495829057,3.9187123424489987
MRT,Mauritania,2015,Lower middle income,SSF,Africa,3965959.0,3977.61171275863,57.1233139,63.916470728636,41.7742652183786,73.0,70.0,48.91159863925,469.1549957,4.062566855314732,3.890014559342199
MRT,Mauritania,2016,Lower middle income,SSF,Africa,4086657.0,4682.70259690033,49.90084076,65.4850065623498,43.7104270690001,74.0,73.0,47.4131657535,455.966704,3.929879441298251,3.8588999486459348
MRT,Mauritania,2017,Lower middle income,SSF,Africa,4210600.0,5353.06608810407,55.22446442,67.0528469845158,45.6828446170813,76.0,75.0,45.903742537125,449.911559,4.029351972144163,3.8265466504990946
MRT,Mauritania,2018,Lower middle income,SSF,Africa,4337685.0,5429.23223059784,49.68307495,68.6188207153195,47.6904380054199,77.0,78.0,44.437895370625,437.1695952,3.925592027448188,3.7940926047531343
MRT,Mauritania,2019,Lower middle income,SSF,Africa,4467708.0,5610.13236713892,54.63365555,70.1831740304399,49.7339098436372,80.0,75.0,43.01894631625,423.5905453,4.018788333774399,3.7616406306584107
MRT,Mauritania,2020,Lower middle income,SSF,Africa,4600131.0,5740.73959690129,53.89974594,71.7451315704303,51.8124755125379,81.0,82.0,41.6461419285,412.8921273,4.005508720818074,3.72920873355405
MRT,Mauritania,2021,Lower middle income,SSF,Africa,4734874.0,5836.56580821897,73.6309433,73.3049522964887,53.9267671870648,77.0,75.0,40.3087284915,425.3389148,4.312555210752549,3.6965680333792807
MRT,Mauritania,2022,Lower middle income,SSF,Africa,4875637.0,6484.82792132631,91.54125977,74.8619034584031,56.0758490078081,85.0,84.0,39.082145372125,385.1428214,4.527654596634519,3.665665722600375
MUS,Mauritius,2000,Upper middle income,SSF,Africa,1186873.0,9143.0073732792,115.89820862,99.3576713358025,90.5194424395301,88.0,84.0,18.860913881,43.3411189,4.76130354432297,2.937091732075894
MUS,Mauritius,2001,Upper middle income,SSF,Africa,1196287.0,9585.8047303181,116.36106873,99.3807165047382,90.8010935078889,92.0,90.0,17.557625017666666,42.05340953,4.76525524021794,2.865488329496522
MUS,Mauritius,2002,Upper middle income,SSF,Africa,1204621.0,9823.53996405315,132.38633728,99.403804146101,91.0831578826494,88.0,84.0,16.587953433666666,41.98473278,4.893249709045915,2.8086767351500685
MUS,Mauritius,2003,Upper middle income,SSF,Africa,1213370.0,10534.5572530361,157.68417358,99.4269447839906,91.3656724156252,99.0,91.0,16.006323362333333,41.9599613,5.066915897165631,2.772983854310655
MUS,Mauritius,2004,Upper middle income,SSF,Africa,1221003.0,11215.7002784358,184.74328613,99.4501410084641,91.6486409323772,98.0,98.0,15.688520546333336,42.71362743,5.224365538287838,2.7529292695223826
MUS,Mauritius,2005,Upper middle income,SSF,Africa,1228254.0,11703.4765244451,192.13858032,99.473396831772,91.9320916263266,97.0,98.0,15.510860316333336,43.28130984,5.263407963988819,2.7415404441435727
MUS,Mauritius,2006,Upper middle income,SSF,Africa,1233996.0,12592.5218946608,203.24180603,99.4967060410466,92.2159724037212,97.0,99.0,15.37808589,44.73080169,5.319304615579209,2.7329435018460497
MUS,Mauritius,2007,Upper middle income,SSF,Africa,1239630.0,13612.2512989533,229.2313385,99.5200720163926,92.5003340946351,97.0,98.0,15.202414876666666,45.80363127,5.439084622990845,2.7214542886980904
MUS,Mauritius,2008,Upper middle income,SSF,Africa,1244121.0,14569.1531207728,312.88540649,99.5434873367577,92.7851254425672,99.0,98.0,14.975171773,47.7368853,5.7490279718146375,2.7063936145868106
MUS,Mauritius,2009,Upper middle income,SSF,Africa,1247429.0,15104.8081548746,301.67260742,99.5669598698171,93.0703993955795,99.0,99.0,14.807608237333334,51.17137603,5.712651717780203,2.695141118771397
MUS,Mauritius,2010,Upper middle income,SSF,Africa,1250400.0,15919.6622762525,357.17382813,99.5904884029877,93.356133421421,99.0,99.0,14.803355408000002,52.55188686,5.881018421993529,2.694853871830466
MUS,Mauritius,2011,Upper middle income,SSF,Africa,1252404.0,16883.565820961,385.76248169,99.6140745200193,93.6423302206656,98.0,99.0,14.892190353333334,54.97621855,5.957810762209715,2.7008369381832327
MUS,Mauritius,2012,Upper middle income,SSF,Africa,1255882.0,17259.4018011357,387.1026001,99.6377035692288,93.928957338752,98.0,99.0,14.935553013666665,54.56368436,5.961269737914387,2.703744479015138
MUS,Mauritius,2013,Upper middle income,SSF,Africa,1258927.0,18435.2031858652,440.00280762,99.6614006304561,94.2160990172905,98.0,99.0,14.846963673666666,58.12179525,6.089051241911841,2.6977953779228474
MUS,Mauritius,2014,Upper middle income,SSF,Africa,1261208.0,19294.4682829555,544.44122314,99.6851453153078,94.5036776997777,97.0,98.0,14.722939183666668,60.34937525,6.301595050870212,2.6894067661722114
MUS,Mauritius,2015,Upper middle income,SSF,Africa,1262879.0,20269.523509561,515.72247314,99.7089459082034,94.7917221671352,97.0,99.0,14.647647029666668,61.48437045,6.2475059279412815,2.6842797102540956
MUS,Mauritius,2016,Upper middle income,SSF,Africa,1263747.0,21951.8307433111,540.39239502,99.7328674353139,95.0806649213747,96.0,92.0,14.699146597333334,62.39712777,6.294144330203079,2.6877894374962823
MUS,Mauritius,2017,Upper middle income,SSF,Africa,1264887.0,22897.9700922102,594.86120605,99.7568929289724,95.3704562123422,94.0,89.0,14.934610882333333,65.98688642,6.390007764190547,2.703681397249874
MUS,Mauritius,2018,Upper middle income,SSF,Africa,1265577.0,23415.5237589118,640.62182617,99.7810033691491,95.6610436549434,97.0,99.0,15.315184986,66.63662167,6.463999074318457,2.7288448189581183
MUS,Mauritius,2019,Upper middle income,SSF,Africa,1265985.0,24374.7818286566,639.18286133,99.8052010577748,95.9523952887646,96.0,99.0,15.674681284666669,67.15214754,6.46175385637142,2.752046753595632
MUS,Mauritius,2020,Upper middle income,SSF,Africa,1266014.0,21621.5971225158,541.95184326,99.8294531889086,96.2430585209024,95.0,98.0,15.820231197666669,58.11271575,6.297020629555388,2.7612895764973646
MUS,Mauritius,2021,Upper middle income,SSF,Africa,1266334.0,23010.2013826905,593.77947998,99.8537467482534,96.5249988240641,95.0,97.0,15.718420159333334,79.99164537,6.388190714966012,2.7548332831805764
MUS,Mauritius,2022,Upper middle income,SSF,Africa,1262523.0,26874.4899927593,590.91522217,99.8780672728138,96.8074578506506,95.0,98.0,15.46798122,60.57355441,6.383363418835158,2.7387721596248413
MWI,Malawi,2000,Low income,SSF,Africa,11315942.0,974.310137499677,8.84964848,54.1308258661442,9.3511917456521,75.0,73.0,173.25656628525002,506.3500679,2.287435767237546,5.154773537988166
MWI,Malawi,2001,Low income,SSF,Africa,11593058.0,924.056368279235,7.42542601,54.9347725459043,9.35302758911489,90.0,81.0,159.853468559375,446.7750843,2.131254039945223,5.074257574109189
MWI,Malawi,2002,Low income,SSF,Africa,11880440.0,931.283507531356,11.17413807,55.7358012245672,9.35480608724583,64.0,69.0,145.42827885475,404.0189566,2.4993138713906955,4.979683036248858
MWI,Malawi,2003,Low income,SSF,Africa,12181574.0,979.038977932038,12.3155899,56.5342633361224,9.35670106577719,84.0,77.0,131.458433125125,345.6937471,2.588935521701727,4.87869070374055
MWI,Malawi,2004,Low income,SSF,Africa,12500737.0,1032.80213909276,15.94395351,57.3298008251815,9.35853844568126,89.0,80.0,119.260751651625,303.6773404,2.829911045111188,4.781312286304857
MWI,Malawi,2005,Low income,SSF,Africa,12840031.0,1070.93590957736,17.24028015,58.1227398593288,11.6430173155279,93.0,82.0,109.8860077885,283.4558243,2.9036323436291127,4.699443535637934
MWI,Malawi,2006,Low income,SSF,Africa,13198701.0,1124.4382691229,20.95070648,58.9127413872202,13.9195182666637,99.0,85.0,103.383408234375,285.8135883,3.0887993248802195,4.638444487248981
MWI,Malawi,2007,Low income,SSF,Africa,13576343.0,1230.56385441329,25.0216465,59.7001195551836,16.1881872542677,87.0,83.0,98.24040624775,333.0409779,3.2589287493298773,4.587417599648323
MWI,Malawi,2008,Low income,SSF,Africa,13976417.0,1311.44999791984,32.73482132,60.4845500797973,18.4488656297589,91.0,88.0,93.029105668875,429.5690979,3.5185305774891056,4.532912408371634
MWI,Malawi,2009,Low income,SSF,Africa,14395788.0,1387.78991561758,35.56456757,61.2695217967754,20.7030011916433,93.0,92.0,88.034344712375,511.6911522,3.5990796723163223,4.477727019160899
MWI,Malawi,2010,Low income,SSF,Africa,14826463.0,1457.60568309596,33.99194336,62.054717323412,22.950220782325,93.0,93.0,82.98469353212501,516.9978379,3.555117845277409,4.418656175514408
MWI,Malawi,2011,Low income,SSF,Africa,15265022.0,1516.2111831915,39.29234314,62.8400904977238,25.1902507973083,97.0,96.0,76.638143294375,486.0583572,3.696161454374957,4.339094907043139
MWI,Malawi,2012,Low income,SSF,Africa,15709577.0,1464.04323957796,32.53762817,63.6250410332197,27.4226021008412,96.0,90.0,69.760739390625,446.7938953,3.5126680374365757,4.245071378607413
MWI,Malawi,2013,Low income,SSF,Africa,16161816.0,1558.11224745203,39.54008484,64.4097635787401,29.6470619671529,89.0,88.0,63.9482821685,410.1348974,3.702291233769568,4.158074665560854
MWI,Malawi,2014,Low income,SSF,Africa,16621538.0,1505.55190404024,35.33760452,65.1933925643295,31.8630595478382,91.0,85.0,60.192921063625,367.2964153,3.592853142248247,4.097554755095261
MWI,Malawi,2015,Low income,SSF,Africa,17085587.0,1403.08451209235,34.97310638,65.9763340121013,34.0704035850355,88.0,87.0,56.673726828125,353.8320272,3.5827716142789465,4.037310731705887
MWI,Malawi,2016,Low income,SSF,Africa,17557739.0,1409.95802703533,34.0307579,66.7575071708792,36.2684898070789,84.0,81.0,53.46805307275,311.8326776,3.55622647271614,3.979084336716462
MWI,Malawi,2017,Low income,SSF,Africa,18039715.0,1380.23263621737,37.60110092,67.5372652238348,38.4570661478088,88.0,83.0,50.616932838125,283.8559708,3.653280797307586,3.92428616138325
MWI,Malawi,2018,Low income,SSF,Africa,18528081.0,1363.79445595088,36.70302963,68.3152167592517,40.6356741988533,92.0,87.0,47.481760568375,267.4106444,3.629740452763612,3.8603456492641017
MWI,Malawi,2019,Low income,SSF,Africa,19025752.0,1450.01008064784,36.91519165,69.0907681697374,42.8038384563156,95.0,92.0,45.4188423725,259.5510568,3.635351866867804,3.815927049177356
MWI,Malawi,2020,Low income,SSF,Africa,19533888.0,1513.45990803344,42.37881851,69.8639475231257,44.9611479828173,94.0,90.0,43.05932685025,256.4492836,3.769971269204867,3.7625788589819282
MWI,Malawi,2021,Low income,SSF,Africa,20047258.0,1687.59358179651,46.41017532,70.6341661895421,47.1071277327455,93.0,90.0,41.489930214375,285.7015603,3.858836874861208,3.7254507523567386
MWI,Malawi,2022,Low income,SSF,Africa,20568728.0,1778.30582146001,40.03453827,71.4013801873198,49.2412879464451,86.0,82.0,39.912084486375,238.957749,3.714414108916505,3.6866791473728666
MYS,Malaysia,2000,Upper middle income,EAS,Western Pacific,22967816.0,13027.2733386657,111.8384552,96.1058225790824,93.0900303093071,98.0,96.0,9.946414180333331,37.26515669,4.725957195859297,2.2972121023305254
MYS,Malaysia,2001,Upper middle income,EAS,Western Pacific,23526538.0,13071.5814138975,114.91710663,96.2135218448603,93.271833713747,96.0,95.0,9.275637087,35.8557862,4.752875337642259,2.22739129475988
MYS,Malaysia,2002,Upper middle income,EAS,Western Pacific,24102477.0,13656.0458904379,121.61391449,96.3185542508289,93.4499785457309,94.0,94.0,8.799356834333333,34.42906949,4.809040512086508,2.1746786318055995
MYS,Malaysia,2003,Upper middle income,EAS,Western Pacific,24679602.0,14387.2484914999,142.21202087,96.421011641098,93.6245544667529,96.0,93.0,8.535360708,33.55885539,4.964326195626297,2.144217617567793
MYS,Malaysia,2004,Upper middle income,EAS,Western Pacific,25256772.0,15415.8063402619,153.86297607,96.5209270315964,93.7956145310405,95.0,95.0,8.401598663,32.59775384,5.042540700583552,2.12842200476509
MYS,Malaysia,2005,Upper middle income,EAS,Western Pacific,25836071.0,16371.4260817974,162.17677307,96.6181133763505,93.9630919319295,96.0,96.0,8.323035867666666,31.35877868,5.094834110526287,2.1190270762184076
MYS,Malaysia,2006,Upper middle income,EAS,Western Pacific,26417909.0,17426.361167892,200.54800415,96.7127740822189,94.1271404616595,95.0,95.0,8.269482737666666,30.41199421,5.306027587008563,2.112571960243512
MYS,Malaysia,2007,Upper middle income,EAS,Western Pacific,26998389.0,18616.8070767617,230.5599823,96.8049040699595,94.287803077426,97.0,95.0,8.239800706333334,29.79433932,5.444838942772729,2.108976157504296
MYS,Malaysia,2008,Upper middle income,EAS,Western Pacific,27570059.0,19479.8799590564,263.67819214,96.894523797627,94.4451244256703,97.0,95.0,8.217226625333334,29.46220969,5.578514718759341,2.1062327586263323
MYS,Malaysia,2009,Upper middle income,EAS,Western Pacific,28124778.0,18922.6459508418,245.64353943,96.981531661434,94.5991098396151,97.0,95.0,8.186471221333333,29.24518546,5.507944134066882,2.1024829407102175
MYS,Malaysia,2010,Upper middle income,EAS,Western Pacific,28655776.0,20193.4092945433,285.64263916,97.0660732321152,94.7498776690501,96.0,95.0,8.127522752666666,28.9377808,5.658236280182892,2.0952561726588357
MYS,Malaysia,2011,Upper middle income,EAS,Western Pacific,29162039.0,21324.3594996498,343.45877075,97.1420179422796,94.8950271076726,96.0,95.0,8.06182635,28.84643351,5.841974404772074,2.0871401251427315
MYS,Malaysia,2012,Upper middle income,EAS,Western Pacific,29662831.0,22638.5406944009,371.76046753,97.2149965525313,95.0372152977718,97.0,95.0,8.028142836999999,28.74949285,5.920936035155321,2.0829532231275785
MYS,Malaysia,2013,Upper middle income,EAS,Western Pacific,30174265.0,23160.8924510627,381.69210815,97.2860389333655,95.1769234434239,97.0,95.0,8.04365865,29.01168102,5.947230770713935,2.084884035654456
MYS,Malaysia,2014,Upper middle income,EAS,Western Pacific,30696137.0,24306.5212338415,414.4392395,97.3553157635016,95.314250824297,97.0,92.0,8.088807493333334,29.62195808,6.029336368945133,2.0904813151784296
MYS,Malaysia,2015,Upper middle income,EAS,Western Pacific,31232798.0,24526.3942716012,368.77331543,97.4227111540385,95.4491928177034,99.0,93.0,8.136446128666668,29.8212909,5.9128901568848296,2.096353491149851
MYS,Malaysia,2016,Upper middle income,EAS,Western Pacific,31789685.0,25285.8213541391,350.71160889,97.4883578339003,95.5818387511704,98.0,96.0,8.172854818,29.59485893,5.862811546868084,2.100818274764325
MYS,Malaysia,2017,Upper middle income,EAS,Western Pacific,32355644.0,26415.5960203287,366.36639404,97.5518244346184,95.7121393469454,99.0,96.0,8.189266426666668,29.31701951,5.906359698918595,2.102824324459831
MYS,Malaysia,2018,Upper middle income,EAS,Western Pacific,32910967.0,27793.5674222948,409.84710693,97.6132438171196,95.8087179177358,99.0,98.0,8.180626301,28.93193985,6.018221142682695,2.1017687125981377
MYS,Malaysia,2019,Upper middle income,EAS,Western Pacific,33440596.0,28933.928297233,419.32568359,97.6726796234952,95.93567943551,98.0,97.0,8.154581193,28.47785094,6.0410298479004325,2.0985798788989167
MYS,Malaysia,2020,Upper middle income,EAS,Western Pacific,33889558.0,27474.7361378236,406.52005005,97.7301935332944,95.9966449391973,98.0,95.0,8.12667367,28.67679852,6.010090134047197,2.095151697156589
MYS,Malaysia,2021,Upper middle income,EAS,Western Pacific,34282399.0,29822.8491831618,476.94366455,97.7858740262041,96.0173467621383,95.0,96.0,8.102575094,52.14543531,6.169492868955865,2.0921819239943202
MYS,Malaysia,2022,Upper middle income,EAS,Western Pacific,34695493.0,34419.8684975666,458.21963501,97.8397514976645,96.0182636272288,97.0,96.0,8.084840328666667,37.5912717,6.129528603259328,2.089990743751391
NAM,Namibia,2000,Lower middle income,SSF,Africa,1818647.0,5128.61433644621,217.55029297,76.2362461884581,27.1488440827973,79.0,69.0,77.884974853375,383.545165,5.3870161618254695,4.3552330569098645
NAM,Namibia,2001,Lower middle income,SSF,Africa,1857048.0,5196.15009836199,201.46917725,76.6073397311336,27.5998396163148,78.0,58.0,77.078147584625,376.0567013,5.310587663850196,4.344819810883551
NAM,Namibia,2002,Lower middle income,SSF,Africa,1889970.0,5433.26902723843,187.86433411,77.0810806268773,28.1968311809375,77.0,68.0,76.033377516125,313.2869254,5.241028948369655,4.331172421719718
NAM,Namibia,2003,Lower middle income,SSF,Africa,1917464.0,5692.63373752872,278.70162964,77.5698694830307,28.8122875122617,79.0,70.0,75.104493741875,289.9263158,5.633723426576354,4.318880393755906
NAM,Namibia,2004,Lower middle income,SSF,Africa,1942082.0,6479.76368965829,373.46408081,78.0541039412165,29.4178256763319,81.0,70.0,74.086389738875,282.3904373,5.925495885967534,4.305231841192659
NAM,Namibia,2005,Lower middle income,SSF,Africa,1966582.0,6766.5998120605,402.20068359,78.5320876453257,30.0109518702615,86.0,73.0,70.497954636,343.7868639,5.999434412167428,4.255583697142041
NAM,Namibia,2006,Lower middle income,SSF,Africa,1991888.0,7373.75822211888,437.56240845,79.0046008864518,30.5926680157068,86.0,63.0,64.8897945005,407.5283126,6.083502124262307,4.172690361737941
NAM,Namibia,2007,Lower middle income,SSF,Africa,2018600.0,7874.93144508288,493.60388184,79.4708868241615,31.1618359120794,86.0,69.0,60.615518112125,488.7300093,6.203757203499704,4.104550934751309
NAM,Namibia,2008,Lower middle income,SSF,Africa,2047056.0,8124.81517886749,443.17068481,79.9311134554851,31.7185868742759,83.0,73.0,56.39298049775,537.1472149,6.096208913807518,4.032344691498565
NAM,Namibia,2009,Lower middle income,SSF,Africa,2077394.0,8079.38392286218,420.74865723,80.3834346901376,32.2603036353343,83.0,76.0,52.82744820175,547.3648617,6.044409537615437,3.9670309079416883
NAM,Namibia,2010,Lower middle income,SSF,Africa,2109811.0,8538.19995395948,567.35003662,80.8294504898485,32.7891161090276,83.0,75.0,50.76910362925,531.1404034,6.342737490564845,3.9272879732834505
NAM,Namibia,2011,Lower middle income,SSF,Africa,2146325.0,9002.23004537057,624.59814453,81.267654864296,33.3028894118118,82.0,74.0,51.618427105375,497.6523498,6.438708223321972,3.9438787231825825
NAM,Namibia,2012,Lower middle income,SSF,Africa,2194654.0,9363.76632318029,606.36633301,81.7057329100665,33.8118744896686,84.0,76.0,55.076577280125,439.4185527,6.409132123037921,4.008724531045915
NAM,Namibia,2013,Lower middle income,SSF,Africa,2252508.0,9699.2083777865,539.41345215,82.1358474215349,34.3053246503093,89.0,82.0,53.913260283625,401.5578372,6.292334498725887,3.987376464051666
NAM,Namibia,2014,Lower middle income,SSF,Africa,2312139.0,10365.3090596781,452.2585144,82.5578966769433,34.7830478360411,88.0,83.0,53.065641301625,368.9600917,6.116462634676392,3.971529662349938
NAM,Namibia,2015,Lower middle income,SSF,Africa,2374300.0,10465.8920558516,476.50784302,82.9710417542827,35.243867972916,92.0,85.0,54.9855907095,306.5705313,6.168580584958669,4.007071163807855
NAM,Namibia,2016,Lower middle income,SSF,Africa,2439213.0,10200.1392609733,409.78051758,83.3709791418252,35.68218646148,85.0,75.0,54.1814303205,249.6214173,6.018059051369892,3.9923382357270953
NAM,Namibia,2017,Lower middle income,SSF,Africa,2506853.0,9887.9393548255,447.95223999,83.756921632109,36.0971096744774,88.0,80.0,51.832191563875,213.1216337,6.106916512351853,3.948011415001974
NAM,Namibia,2018,Lower middle income,SSF,Africa,2577327.0,9853.73533646074,457.6807251,84.1291083222967,36.4891060185928,89.0,82.0,50.054216810125,197.9482119,6.128354380009528,3.913106754162783
NAM,Namibia,2019,Lower middle income,SSF,Africa,2650494.0,9609.48555672874,419.14828491,84.5549009012644,36.9123066913261,87.0,80.0,47.77002970125,174.9190889,6.040607708276165,3.866398449156963
NAM,Namibia,2020,Lower middle income,SSF,Africa,2728762.0,9354.13136713077,370.81643677,84.9689182481296,37.3147816708838,93.0,90.0,45.693928660625,143.4450328,5.9184002829438445,3.8219654370094434
NAM,Namibia,2021,Lower middle income,SSF,Africa,2810548.0,9709.09930646771,449.95172119,85.3713640915778,37.6969593429633,94.0,91.0,43.80220392325,254.2467461,6.111360285413392,3.7796841339989182
NAM,Namibia,2022,Lower middle income,SSF,Africa,2889662.0,10662.7017064119,418.53683472,85.7619951593707,38.0587226800855,84.0,89.0,41.935613630625,126.8631761,6.039151328298049,3.7361354332284447
NCL,New Caledonia,2000,High income,EAS,Western Pacific,223098.0,10929.3002607587,1610.73034668,95.10497708421,100.0,96.0,95.0,20.469548690625,10.015977665,7.385063630339435,3.018938352074265
NCL,New Caledonia,2001,High income,EAS,Western Pacific,227707.0,10929.3002607587,1610.73034668,95.10497708421,100.0,96.0,95.0,20.469548690625,10.015977665,7.385063630339435,3.018938352074265
NCL,New Caledonia,2002,High income,EAS,Western Pacific,232236.0,10929.3002607587,1610.73034668,95.10497708421,100.0,96.0,95.0,20.469548690625,10.015977665,7.385063630339435,3.018938352074265
NCL,New Caledonia,2003,High income,EAS,Western Pacific,236678.0,10929.3002607587,1610.73034668,95.3383295002079,100.0,96.0,95.0,20.469548690625,10.015977665,7.385063630339435,3.018938352074265
NCL,New Caledonia,2004,High income,EAS,Western Pacific,240852.0,10929.3002607587,1610.73034668,95.5716819162058,100.0,96.0,95.0,20.469548690625,10.015977665,7.385063630339435,3.018938352074265
NCL,New Caledonia,2005,High income,EAS,Western Pacific,244381.0,10929.3002607587,1610.73034668,95.8050343322036,100.0,96.0,95.0,20.469548690625,10.015977665,7.385063630339435,3.018938352074265
NCL,New Caledonia,2006,High income,EAS,Western Pacific,247547.0,10929.3002607587,1610.73034668,96.0383867482015,100.0,96.0,95.0,20.469548690625,10.015977665,7.385063630339435,3.018938352074265
NCL,New Caledonia,2007,High income,EAS,Western Pacific,250725.0,10929.3002607587,1610.73034668,96.2717391641993,100.0,96.0,95.0,20.469548690625,10.015977665,7.385063630339435,3.018938352074265
NCL,New Caledonia,2008,High income,EAS,Western Pacific,253825.0,10929.3002607587,1610.73034668,96.5050915801972,100.0,96.0,95.0,20.469548690625,10.015977665,7.385063630339435,3.018938352074265
NCL,New Caledonia,2009,High income,EAS,Western Pacific,257250.0,10929.3002607587,1610.73034668,96.7384439961951,100.0,96.0,95.0,20.469548690625,10.015977665,7.385063630339435,3.018938352074265
NCL,New Caledonia,2010,High income,EAS,Western Pacific,261582.0,10929.3002607587,1610.73034668,96.9717964121929,100.0,96.0,95.0,20.469548690625,10.015977665,7.385063630339435,3.018938352074265
NCL,New Caledonia,2011,High income,EAS,Western Pacific,266543.0,10929.3002607587,1610.73034668,97.2051488281908,100.0,96.0,95.0,20.469548690625,10.015977665,7.385063630339435,3.018938352074265
NCL,New Caledonia,2012,High income,EAS,Western Pacific,271633.0,10929.3002607587,1610.73034668,97.4385012441887,100.0,96.0,95.0,20.469548690625,10.015977665,7.385063630339435,3.018938352074265
NCL,New Caledonia,2013,High income,EAS,Western Pacific,276822.0,10929.3002607587,1610.73034668,97.6718536601866,100.0,96.0,95.0,20.469548690625,10.015977665,7.385063630339435,3.018938352074265
NCL,New Caledonia,2014,High income,EAS,Western Pacific,281224.0,10929.3002607587,1610.73034668,97.9052060761844,100.0,96.0,95.0,20.469548690625,10.015977665,7.385063630339435,3.018938352074265
NCL,New Caledonia,2015,High income,EAS,Western Pacific,283168.0,10929.3002607587,1610.73034668,98.1385584921823,100.0,96.0,95.0,20.469548690625,10.015977665,7.385063630339435,3.018938352074265
NCL,New Caledonia,2016,High income,EAS,Western Pacific,283423.0,10929.3002607587,1610.73034668,98.3719109081802,100.0,96.0,95.0,20.469548690625,10.015977665,7.385063630339435,3.018938352074265
NCL,New Caledonia,2017,High income,EAS,Western Pacific,283546.0,10929.3002607587,1610.73034668,98.6052633241781,100.0,96.0,95.0,20.469548690625,10.015977665,7.385063630339435,3.018938352074265
NCL,New Caledonia,2018,High income,EAS,Western Pacific,283541.0,10929.3002607587,1610.73034668,98.8386157401759,100.0,96.0,95.0,20.469548690625,10.015977665,7.385063630339435,3.018938352074265
NCL,New Caledonia,2019,High income,EAS,Western Pacific,283606.0,10929.3002607587,1610.73034668,99.0719681561738,100.0,96.0,95.0,20.469548690625,10.015977665,7.385063630339435,3.018938352074265
NCL,New Caledonia,2020,High income,EAS,Western Pacific,284176.0,10929.3002607587,1610.73034668,99.3053205721716,100.0,96.0,95.0,20.469548690625,10.015977665,7.385063630339435,3.018938352074265
NCL,New Caledonia,2021,High income,EAS,Western Pacific,285214.0,10929.3002607587,1610.73034668,99.5386729881695,100.0,96.0,95.0,20.469548690625,10.015977665,7.385063630339435,3.018938352074265
NCL,New Caledonia,2022,High income,EAS,Western Pacific,287123.0,10929.3002607587,1610.73034668,99.5386729881695,100.0,96.0,95.0,20.469548690625,10.015977665,7.385063630339435,3.018938352074265
NER,Niger,2000,Low income,SSF,Africa,11509630.0,764.28188514316,9.04467964,36.5479060182649,6.49095998473198,34.0,37.0,227.74933941275,844.7606346,2.307043105274499,5.4282456356429964
NER,Niger,2001,Low income,SSF,Africa,11920647.0,809.387186909375,9.68088055,37.358813438708,6.90942898388813,36.0,39.0,217.469486579,843.3342208,2.3684552786352304,5.382058549096149
NER,Niger,2002,Low income,SSF,Africa,12349144.0,832.469364409205,10.84433079,38.1115370315666,7.30986882133162,39.0,41.0,206.19709666675,834.5980311,2.471849338758493,5.328832491303083
NER,Niger,2003,Low income,SSF,Africa,12796984.0,836.978440593236,12.55038452,38.8582098965165,7.71048737435581,41.0,43.0,194.389976695625,812.8296897,2.6064149247828445,5.269866330489375
NER,Niger,2004,Low income,SSF,Africa,13265836.0,832.125196599523,14.06374931,39.5981949224788,8.11105189403746,43.0,45.0,182.779585790625,789.9231635,2.712291149554136,5.208280977677931
NER,Niger,2005,Low income,SSF,Africa,13756192.0,888.304262543839,18.67140198,40.3308901559153,8.51225299855436,45.0,47.0,171.880514051375,763.7599388,2.979165904899152,5.146799549659682
NER,Niger,2006,Low income,SSF,Africa,14268581.0,935.175329354286,19.9213028,41.0575024887785,8.91225988238255,52.0,53.0,162.02146473125,737.0505872,3.040767912592302,5.0877288247963035
NER,Niger,2007,Low income,SSF,Africa,14803610.0,954.892280110555,20.96952438,41.7774242131502,9.3108172797856,58.0,60.0,153.599539107,704.3361776,3.089656237550441,5.0343488201036015
NER,Niger,2008,Low income,SSF,Africa,15361915.0,1010.43184621169,24.86141586,42.4900876989759,9.70763488348427,67.0,66.0,146.560047378,668.6190967,3.252752122811676,4.987435224192689
NER,Niger,2009,Low income,SSF,Africa,15943675.0,998.792501504778,24.54927635,43.1966321655043,10.1032794598234,71.0,69.0,140.843757234375,647.4690028,3.240608993352331,4.9476511712554645
NER,Niger,2010,Low income,SSF,Africa,16548835.0,1057.51100257385,23.47736168,43.8964824399921,10.4974697713474,70.0,67.0,136.49110464925,621.3100698,3.197748677326232,4.916259445096765
NER,Niger,2011,Low income,SSF,Africa,17176283.0,1064.41917390361,24.84123039,44.5891012347432,10.8898889805879,75.0,69.0,133.1272089285,584.9256953,3.2519712934928835,4.89130512921617
NER,Niger,2012,Low income,SSF,Africa,17836769.0,1161.78908289767,22.71487427,45.2755729615711,11.2811585980416,73.0,75.0,130.648000896375,553.9389227,3.166102457607711,4.8725066906354355
NER,Niger,2013,Low income,SSF,Africa,18519898.0,1137.76904129571,24.61338997,45.9553436655962,11.6709689397012,75.0,80.0,128.858351655125,525.5544621,3.243115260447917,4.8587137518789145
NER,Niger,2014,Low income,SSF,Africa,19215909.0,1161.32515723793,25.09494019,46.6360032875155,12.0644714438851,82.0,80.0,127.38874313325,497.213925,3.2617414330827863,4.847243380782499
NER,Niger,2015,Low income,SSF,Africa,19939498.0,1172.19178758955,25.96905327,47.3180912197977,12.4627973884211,84.0,85.0,126.23219492175,472.9807254,3.294690033458018,4.838123027886986
NER,Niger,2016,Low income,SSF,Africa,20685753.0,1188.55709229837,22.68474007,48.0001316756614,12.8657160959019,80.0,76.0,125.07899736,450.2698981,3.164830961859088,4.828945516567746
NER,Niger,2017,Low income,SSF,Africa,21435446.0,1208.14609955266,29.09627533,48.6826437620777,13.2744201872419,85.0,82.0,123.870570760875,432.890833,3.4044014209086413,4.8192372362964715
NER,Niger,2018,Low income,SSF,Africa,22188069.0,1275.99643935327,30.61364555,49.364204791619,13.6886629942744,79.0,77.0,122.763540880125,419.7231093,3.4535888485874544,4.810260073259678
NER,Niger,2019,Low income,SSF,Africa,22947757.0,1419.16805070193,31.89424324,50.045306277114,14.10969749241,81.0,79.0,121.804005892875,405.6530015,3.4932976649533773,4.802413243839026
NER,Niger,2020,Low income,SSF,Africa,23717613.0,1496.83350023022,35.75537109,50.7254664539795,14.5380631441061,81.0,79.0,120.598082974375,387.9691297,3.60428436708851,4.792463388431879
NER,Niger,2021,Low income,SSF,Africa,24502140.0,1585.59922021188,35.39406204,51.4037852396431,14.973899415173,82.0,80.0,119.07119794775,396.3054456,3.594405630566193,4.77972161628213
NER,Niger,2022,Low income,SSF,Africa,25311973.0,1839.96909675903,26.50681686,52.0806785975452,15.4185833482363,84.0,65.0,117.055094602,360.9217258,3.3144338597720946,4.7626447179961415
NGA,Nigeria,2000,Lower middle income,SSF,Africa,126382494.0,3138.99138910401,17.15887642,44.4803085080205,27.9946368630353,29.0,33.0,182.272097989125,1135.673469,2.8991595001136745,5.205500614507598
NGA,Nigeria,2001,Lower middle income,SSF,Africa,129862595.0,3308.50611479543,17.96053314,45.7654579242041,28.0339074690086,27.0,32.0,176.703943251125,1129.846935,2.942359615629851,5.174475695155457
NGA,Nigeria,2002,Lower middle income,SSF,Africa,133471989.0,3770.1793488182,17.53752899,47.3236744097303,28.6863485385753,25.0,30.0,171.02645683225,1116.649953,2.919797271319874,5.141818262852267
NGA,Nigeria,2003,Lower middle income,SSF,Africa,137202644.0,4014.86695354936,37.91439438,48.8898791765237,29.3592592810807,29.0,34.0,165.306498006,1090.391534,3.6613642176537367,5.107801314435471
NGA,Nigeria,2004,Lower middle income,SSF,Africa,141057045.0,4381.13682825117,42.81798172,50.463557619145,30.053264298702,33.0,37.0,159.77799899175,1075.124603,3.7800442746857854,5.073785345454072
NGA,Nigeria,2005,Lower middle income,SSF,Africa,145017253.0,4678.09163245173,52.24337006,52.0438578033599,30.7689136757313,36.0,41.0,154.419978909,1059.810289,3.974873290922536,5.039676026298611
NGA,Nigeria,2006,Lower middle income,SSF,Africa,149077334.0,4975.26979314967,63.63072205,53.6309977200112,31.5068491941473,40.0,44.0,149.505342507125,1067.336234,4.168689871268718,5.007332128025843
NGA,Nigeria,2007,Lower middle income,SSF,Africa,153267261.0,5297.97029503285,66.90659332,55.2248334433962,32.2676921129548,42.0,41.0,145.13875751925,1063.354699,4.218133133237756,4.977690233245966
NGA,Nigeria,2008,Lower middle income,SSF,Africa,157595014.0,5607.00840150758,77.45053101,56.8252264251632,33.0520750926105,53.0,53.0,141.268636453125,1081.429754,4.362468247926051,4.950663300814452
NGA,Nigeria,2009,Lower middle income,SSF,Africa,162049464.0,5927.46111768635,65.71811676,58.4306651834765,33.8602860424374,63.0,64.0,137.99598726,1088.097943,4.200476531632945,4.927224606908349
NGA,Nigeria,2010,Lower middle income,SSF,Africa,166642886.0,6301.18372544791,73.008255,60.04206159591,34.6931346813428,56.0,56.0,135.111010786625,1093.743329,4.304176641036533,4.906096742656414
NGA,Nigeria,2011,Lower middle income,SSF,Africa,171379598.0,6585.36193271035,80.2377243,61.6552661645974,35.5499413895312,53.0,53.0,132.852634854375,1107.970104,4.397379724256815,4.889240505312683
NGA,Nigeria,2012,Lower middle income,SSF,Africa,176200625.0,6670.83826243627,87.89523315,63.2702627408651,36.4309338253294,36.0,41.0,130.85849567399998,1124.144501,4.487458520722281,4.874116553685466
NGA,Nigeria,2013,Lower middle income,SSF,Africa,181049443.0,7004.13119554477,97.29588318,64.8863828876252,37.3360751927047,39.0,42.0,129.2609831285,1146.022055,4.587982146113355,4.861833485627425
NGA,Nigeria,2014,Lower middle income,SSF,Africa,185896915.0,7396.12835532947,102.39888763,66.5036264382039,38.2655103767243,43.0,42.0,127.825813738,1155.415835,4.638594204086094,4.850668506977484
NGA,Nigeria,2015,Lower middle income,SSF,Africa,190671878.0,7307.83788188925,92.91207123,68.1220021164846,39.2193808312227,42.0,42.0,126.394288562375,1167.736698,4.542358932051953,4.839406295267617
NGA,Nigeria,2016,Lower middle income,SSF,Africa,195443700.0,7072.49693372311,75.52328491,69.7405688273521,40.1973286058844,53.0,48.0,124.796706368375,1155.23963,4.337595072427429,4.826686064308025
NGA,Nigeria,2017,Lower middle income,SSF,Africa,200254579.0,7036.67414372387,70.31814575,71.3599849035344,41.1997192224782,55.0,54.0,122.72208538975,1141.806647,4.267150793638451,4.809922330546192
NGA,Nigeria,2018,Lower middle income,SSF,Africa,204938755.0,7158.17107571781,63.60244751,72.9796602996736,42.2262627362671,61.0,56.0,120.14488318325,1118.378697,4.168252297222558,4.788698374369679
NGA,Nigeria,2019,Lower middle income,SSF,Africa,209485641.0,7551.39380367192,67.6254425,74.5993213952744,43.2767522763627,66.0,58.0,117.407252522625,1090.955468,4.228663347896338,4.7656486816582015
NGA,Nigeria,2020,Lower middle income,SSF,Africa,213996181.0,7414.7749554048,67.91384888,76.2190366017765,44.3511472247714,62.0,60.0,114.333561924375,1064.693433,4.232857157531602,4.739120157834388
NGA,Nigeria,2021,Lower middle income,SSF,Africa,218529286.0,7588.47885596359,81.87322235,77.8385518833185,45.4491559568794,61.0,56.0,111.217647704125,1046.141459,4.417311998502221,4.711489071599817
NGA,Nigeria,2022,Lower middle income,SSF,Africa,223150896.0,8304.9581050353,89.62958527,79.457946920672,46.5706755484283,59.0,51.0,108.027647522375,1016.336736,4.506780707977659,4.682387189940489
NIC,Nicaragua,2000,Lower middle income,LCN,Americas,5022633.0,2806.25937937345,53.29532623,95.08595516798411,45.65048591164205,83.0,86.0,38.18732934275,213.3106739,3.994438150123048,3.6425037679922045
NIC,Nicaragua,2001,Lower middle income,LCN,Americas,5087825.0,2916.55168323761,57.69081879,95.08595516798411,45.65048591164205,87.0,99.0,36.157032188625,194.1272961,4.072283305571922,3.587871457726067
NIC,Nicaragua,2002,Lower middle income,LCN,Americas,5149909.0,2948.22979847883,58.15333939,95.08595516798411,45.65048591164205,85.0,98.0,34.293409278,170.1545222,4.080133045128347,3.5349531863794006
NIC,Nicaragua,2003,Lower middle income,LCN,Americas,5210963.0,3046.1086825849,62.13036346,95.08595516798411,45.65048591164205,86.0,93.0,32.566531586125,153.9970744,4.145201849689113,3.4832851225560066
NIC,Nicaragua,2004,Lower middle income,LCN,Americas,5272912.0,3255.48515859924,66.54763794,95.08595516798411,45.65048591164205,79.0,84.0,30.93928342175,140.0381835,4.212833096215257,3.4320266846230005
NIC,Nicaragua,2005,Lower middle income,LCN,Americas,5342105.0,3455.99273667007,73.65701294,95.08595516798411,45.65048591164205,86.0,96.0,29.447842406625,124.305393,4.312904463845988,3.3826206444807987
NIC,Nicaragua,2006,Lower middle income,LCN,Americas,5418855.0,3657.96749691494,79.3536377,95.08595516798411,45.65048591164205,88.0,99.0,28.039264020125,112.986277,4.38643736433856,3.333605814322809
NIC,Nicaragua,2007,Lower middle income,LCN,Americas,5497243.0,3891.49984972345,93.93821716,95.08595516798411,45.65048591164205,93.0,99.0,26.732151808625,106.0822571,4.553226334349843,3.2858670285428064
NIC,Nicaragua,2008,Lower middle income,LCN,Americas,5576593.0,4044.37612184283,109.20231628,95.08595516798411,45.65048591164205,97.0,99.0,25.509928986375,101.3411625,4.702317915372694,3.2390677483934756
NIC,Nicaragua,2009,Lower middle income,LCN,Americas,5656601.0,3879.66988190397,112.75749207,95.08595516798411,45.65048591164205,98.0,99.0,24.350138544,99.45709137,4.734068920013747,3.1925375392044044
NIC,Nicaragua,2010,Lower middle income,LCN,Americas,5737450.0,4042.22071276517,117.70147705,95.08595516798411,45.65048591164205,98.0,99.0,23.252761744125,96.46101702,4.776611745093383,3.1464239096725706
NIC,Nicaragua,2011,Lower middle income,LCN,Americas,5819051.0,4324.71007244238,125.13540649,95.08595516798411,45.65048591164205,98.0,99.0,22.2219112265,92.50730826,4.837355984606041,3.1010787943063893
NIC,Nicaragua,2012,Lower middle income,LCN,Americas,5901287.0,4507.94302866696,133.64489746,95.08595516798411,45.65048591164205,98.0,99.0,21.249081155,88.09861475,4.90264092370111,3.0563136546708543
NIC,Nicaragua,2013,Lower middle income,LCN,Americas,5983845.0,4710.57243158513,140.20372009,95.08595516798411,45.65048591164205,98.0,99.0,20.325177877625,85.76307718,4.950203670958544,3.0118604070622452
NIC,Nicaragua,2014,Lower middle income,LCN,Americas,6066492.0,5067.74639018687,156.22232056,95.08595516798411,45.65048591164205,98.0,99.0,19.433867282625,82.61404644,5.057660858210888,2.967017280260708
NIC,Nicaragua,2015,Lower middle income,LCN,Americas,6149417.0,5448.89226010317,165.18948364,95.08595516798411,45.65048591164205,98.0,99.0,18.594730081875,80.67301331,5.113128605088453,2.922878211642479
NIC,Nicaragua,2016,Lower middle income,LCN,Americas,6232666.0,5882.36645219746,171.5748291,95.08595516798411,45.65048591164205,98.0,99.0,17.79875167675,76.77424572,5.150830934294974,2.8791283243191166
NIC,Nicaragua,2017,Lower middle income,LCN,Americas,6316231.0,6225.34702574846,181.75810242,95.08595516798411,45.65048591164205,98.0,99.0,17.0612606545,72.42527987,5.208163433734624,2.8368104346733833
NIC,Nicaragua,2018,Lower middle income,LCN,Americas,6400080.0,5935.16693631386,172.9760437,95.08595516798411,45.65048591164205,98.0,99.0,16.3596255565,66.82025701,5.158917609850726,2.7948164431681737
NIC,Nicaragua,2019,Lower middle income,LCN,Americas,6483657.0,5981.10876431466,166.49009705,95.08595516798411,45.65048591164205,98.0,99.0,15.707587397125,69.49821049,5.120924227427789,2.7541438693173657
NIC,Nicaragua,2020,Lower middle income,LCN,Americas,6565267.0,6274.09456741388,165.88038635,95.08595516798411,45.65048591164205,92.0,97.0,15.086227095375,86.79423382,5.117277306386407,2.7137822147037274
NIC,Nicaragua,2021,Lower middle income,LCN,Americas,6644741.0,7119.16923360042,204.21273804,95.08595516798411,45.65048591164205,87.0,83.0,14.48997987075,123.5952542,5.324047187588289,2.6734573671494313
NIC,Nicaragua,2022,Lower middle income,LCN,Americas,6730654.0,7796.69362034144,208.56825256,95.08595516798411,45.65048591164205,92.0,93.0,13.92519681325,61.13117892,5.34504947418074,2.6336999195195707
NLD,Netherlands,2000,High income,ECS,Europe,15925513.0,31894.6590915933,2028.18139648,100.0,98.056483719237,97.0,96.0,6.173784918666667,13.31223839,7.615387737741974,1.820312088846444
NLD,Netherlands,2001,High income,ECS,Europe,16046180.0,33259.4535966288,2175.73046875,99.999998974117,98.0316592994205,97.0,95.0,6.040532571333333,12.60890026,7.685579245002799,1.7984921821214297
NLD,Netherlands,2002,High income,ECS,Europe,16148929.0,34568.4593268108,2544.81347656,100.0,98.0008258449046,97.0,95.0,5.884301330333333,12.6849824,7.842205515066757,1.7722880132452685
NLD,Netherlands,2003,High income,ECS,Europe,16225302.0,34286.3833524783,3244.35644531,100.0,97.971318587799,98.0,96.0,5.705067524666667,12.00930404,8.084980467577223,1.7413548192942419
NLD,Netherlands,2004,High income,ECS,Europe,16281779.0,35960.7138360683,3689.46435547,99.9999980142427,97.9431344903827,98.0,96.0,5.5088729323333325,10.98512057,8.21350757070797,1.7063600527559402
NLD,Netherlands,2005,High income,ECS,Europe,16319868.0,37778.4864360065,3823.48095703,99.999998280043,97.9163269623659,96.0,95.0,5.306214783333334,10.21354769,8.2491780395444,1.6688787342278564
NLD,Netherlands,2006,High income,ECS,Europe,16346101.0,41208.0462204734,4080.21972656,100.0,97.8921645573829,96.0,96.0,5.103074900666667,9.015369264,8.314151175309021,1.6298432797453626
NLD,Netherlands,2007,High income,ECS,Europe,16381696.0,44203.4002135804,4696.14160156,100.0,97.8704752768738,97.0,96.0,4.9095777153333335,8.196573093,8.45470943280698,1.5911879330840242
NLD,Netherlands,2008,High income,ECS,Europe,16445593.0,46714.3454301392,5382.44580078,100.0,97.8497502030324,97.0,96.0,4.730462902,7.77168089,8.591083931550221,1.5540230628316427
NLD,Netherlands,2009,High income,ECS,Europe,16530388.0,44959.169463743,5282.74316406,99.9999979513678,97.8284751819117,97.0,96.0,4.571246126666666,7.189444174,8.572390058113426,1.5197858431563296
NLD,Netherlands,2010,High income,ECS,Europe,16615394.0,45301.269581608,5191.69384766,99.9999991848021,97.808168937922,97.0,96.0,4.435830058666666,6.444593072,8.555007887294169,1.489714759166072
NLD,Netherlands,2011,High income,ECS,Europe,16693074.0,47004.1370739062,5562.12109375,100.0,97.7902878211501,97.0,96.0,4.323343885666667,6.58665269,8.623914577544653,1.4640291504436944
NLD,Netherlands,2012,High income,ECS,Europe,16754962.0,47653.3401651371,5284.64990234,100.0,97.7732705537269,97.0,96.0,4.232467594,6.063849648,8.572750861858486,1.442785178528034
NLD,Netherlands,2013,High income,ECS,Europe,16804432.0,49622.0519614799,5532.72607422,100.0,97.7588931118417,97.0,96.0,4.160458078666667,5.615848461,8.618616660426433,1.425625183275056
NLD,Netherlands,2014,High income,ECS,Europe,16865008.0,49751.3092860822,5601.88574219,100.0,97.7468177052972,96.0,96.0,4.106635227333333,5.472864283,8.631037055101425,1.4126040137261409
NLD,Netherlands,2015,High income,ECS,Europe,16939923.0,50956.6930942185,4676.56201172,99.9999977623031,97.7352192649865,95.0,95.0,4.069657087,5.128610605,8.450532315509857,1.4035587420965985
NLD,Netherlands,2016,High income,ECS,Europe,17030314.0,53162.2791598028,4644.02099609,99.9999992507495,97.7241321475967,95.0,94.0,4.045677111,5.264878126,8.44355117138627,1.3976489310627354
NLD,Netherlands,2017,High income,ECS,Europe,17131296.0,56037.567993606,4934.57519531,99.9999992668183,97.7135252353783,94.0,93.0,4.031765426,5.01078425,8.504224499343138,1.3942043510012607
NLD,Netherlands,2018,High income,ECS,Europe,17231624.0,58819.2609142584,5330.66015625,100.0,97.7036451274894,93.0,93.0,4.024280062,4.789473411,8.581417942630049,1.3923460282881406
NLD,Netherlands,2019,High income,ECS,Europe,17344874.0,62345.2538465433,5340.61279297,99.999999064505,97.6944050882075,94.0,94.0,4.017420649666667,4.81401235,8.583282907510464,1.3906400672625177
NLD,Netherlands,2020,High income,ECS,Europe,17441500.0,62596.6302027524,5865.90527344,99.999999064231,97.6857903463505,94.0,94.0,4.005531091,3.815700572,8.677082563140157,1.3876761787200536
NLD,Netherlands,2021,High income,ECS,Europe,17533044.0,68573.5648786446,6718.88964844,99.9999991132456,97.6777500278997,95.0,93.0,3.9894881073333335,4.927894164,8.812827012019268,1.3836629287699853
NLD,Netherlands,2022,High income,ECS,Europe,17700982.0,78630.3599072098,5967.90429688,100.0,97.6702396117146,93.0,89.0,3.971209824666667,4.409678164,8.694318654681092,1.3790707900044086
NOR,Norway,2000,High income,ECS,Europe,4490967.0,36994.405804639,2948.93164063,100.0,98.0719414200245,90.0,88.0,4.849230095999999,5.420323054,7.989537276397578,1.5788199492555899
NOR,Norway,2001,High income,ECS,Europe,4513751.0,37829.4559680622,3099.00341797,99.9999996105569,98.0708656188717,91.0,90.0,4.705281989,5.441491914,8.039158493043598,1.5486857051414848
NOR,Norway,2002,High income,ECS,Europe,4538159.0,38056.2404278106,3889.95947266,100.0,98.0698018240546,93.0,87.0,4.548251887666667,5.10663338,8.266411057268527,1.514742958626112
NOR,Norway,2003,High income,ECS,Europe,4564855.0,38679.7805951741,4632.56835938,99.9999988019394,98.0687468260808,92.0,86.0,4.381617172,5.414646552,8.441082554210245,1.4774178735959995
NOR,Norway,2004,High income,ECS,Europe,4591910.0,42667.2192035819,5097.34423828,100.0,98.0678039009157,92.0,89.0,4.212891921,5.678517303,8.536671106838439,1.4381493289768612
NOR,Norway,2005,High income,ECS,Europe,4623291.0,47966.8640112608,5584.68896484,100.0,98.0669754884968,91.0,90.0,4.04798322,5.629855202,8.62796306375902,1.3982187867196558
NOR,Norway,2006,High income,ECS,Europe,4660677.0,54357.5748137787,5892.98730469,100.0,98.0661529563292,94.0,92.0,3.8873397676666666,5.321427433,8.681688009357417,1.3577250593354238
NOR,Norway,2007,High income,ECS,Europe,4709153.0,56179.2578866296,6895.56005859,100.0,98.0652982043914,93.0,92.0,3.727888908666667,5.030629407,8.83877802403852,1.3158420972019442
NOR,Norway,2008,High income,ECS,Europe,4768212.0,62072.7539854909,7768.05029297,99.9999977163504,98.0644197562201,94.0,93.0,3.568620544333333,4.718167717,8.957903208474326,1.2721791189714757
NOR,Norway,2009,High income,ECS,Europe,4828726.0,55647.6147943451,7301.95996094,99.9999984427173,98.0635534703238,94.0,93.0,3.411525969,4.482428017,8.896035019055443,1.2271596894384182
NOR,Norway,2010,High income,ECS,Europe,4889252.0,58213.1333665855,7859.51611328,99.9999997403377,98.062693752149,93.0,93.0,3.2607507629999994,4.138370993,8.96960754653469,1.1819574642634745
NOR,Norway,2011,High income,ECS,Europe,4953088.0,62460.0908157002,8900.37207031,99.9999978903117,98.0616329327885,94.0,93.0,3.1213835710000004,3.761630554,9.093960709041369,1.1382763557690934
NOR,Norway,2012,High income,ECS,Europe,5018573.0,65774.3520746224,8970.11914063,100.0,98.060379335627,95.0,94.0,2.994493036666667,3.085703976,9.101765712112051,1.0967749473453792
NOR,Norway,2013,High income,ECS,Europe,5079623.0,67377.9262258772,9241.265625,99.9999992599067,98.0591412687485,94.0,93.0,2.8835355616666667,2.882402121,9.131542332090556,1.059017166810414
NOR,Norway,2014,High income,ECS,Europe,5137232.0,66332.4614374198,9116.37792969,100.0,98.0579255402038,93.0,94.0,2.783725411666667,2.401479042,9.11793753402068,1.0237901067409714
NOR,Norway,2015,High income,ECS,Europe,5188607.0,60737.8868132779,7566.56152344,99.9999975725988,98.0567246248415,95.0,95.0,2.690711688,2.231893862,8.931626170818557,0.989805726651538
NOR,Norway,2016,High income,ECS,Europe,5234519.0,59280.1992028829,7492.07666016,99.9999982841092,98.0555433258963,96.0,96.0,2.604165042,2.057402557,8.921734761215486,0.9571121025222156
NOR,Norway,2017,High income,ECS,Europe,5276968.0,64589.5559196863,7815.78710938,100.0,98.0543904284695,96.0,96.0,2.524559366666667,1.848669117,8.964028893537074,0.9260665392481616
NOR,Norway,2018,High income,ECS,Europe,5311916.0,70253.8463693386,8271.859375,100.0,98.053258505645,96.0,96.0,2.454409038666667,1.671211495,9.020735480979717,0.8978860148220027
NOR,Norway,2019,High income,ECS,Europe,5347896.0,70939.605518036,8007.35546875,99.9999973521183,98.0521493999593,97.0,97.0,2.398412657333333,1.587783252,8.98824070921443,0.874807125759431
NOR,Norway,2020,High income,ECS,Europe,5379475.0,67110.6045705502,7824.57714844,100.0,98.0510810985992,97.0,97.0,2.361498676333333,2.160484486,8.965152769677578,0.8592964498344337
NOR,Norway,2021,High income,ECS,Europe,5408320.0,88984.1386736515,9163.13867188,99.999996677432,98.0500277378087,97.0,97.0,2.342943089,1.655910218,9.123053175702458,0.8514078694312541
NOR,Norway,2022,High income,ECS,Europe,5457127.0,125489.548935602,8692.57617188,99.999999346787,98.0490073611327,97.0,96.0,2.3422489370000004,2.716168748,9.07033966086424,0.8511115520119353
NPL,Nepal,2000,Lower middle income,SAS,South-East Asia,24546509.0,1316.82940913774,8.34249592,79.4883969819743,14.8948751074731,74.0,71.0,79.17741158325,479.5856206,2.234573445663465,4.371691050858852
NPL,Nepal,2001,Lower middle income,SAS,South-East Asia,24946748.0,1388.47045455809,10.26854038,80.1670910944801,17.3959627043357,72.0,71.0,74.732151696875,443.1379588,2.422014805910727,4.313910410473963
NPL,Nepal,2002,Lower middle income,SAS,South-East Asia,25328981.0,1390.43706974998,10.46419716,80.8065175847141,19.8888097263775,72.0,71.0,70.61583019975001,413.9053015,2.439228888563608,4.257254343157292
NPL,Nepal,2003,Lower middle income,SAS,South-East Asia,25688758.0,1453.18365785704,11.06888008,81.4416869635326,22.4289482098159,78.0,75.0,66.845308680875,387.428933,2.4906302453862144,4.202381124284772
NPL,Nepal,2004,Lower middle income,SAS,South-East Asia,26016656.0,1542.44947639149,12.92468262,82.0725089382401,25.0160431336895,80.0,73.0,63.463644420875,364.4827446,2.6336629934530653,4.150467213136328
NPL,Nepal,2005,Lower middle income,SAS,South-East Asia,26309458.0,1627.83915596503,14.14693356,82.6989066918082,27.6497562651801,75.0,74.0,60.399476815125,344.4083722,2.717798106188137,4.100980442902012
NPL,Nepal,2006,Lower middle income,SAS,South-East Asia,26565425.0,1717.78611779434,13.68047714,83.3207910288118,30.3297393254008,89.0,85.0,57.61041969625,318.043287,2.6865185253829638,4.053703448846205
NPL,Nepal,2007,Lower middle income,SAS,South-East Asia,26788492.0,1809.3237124739,17.13900185,83.9381629345447,33.0557887006794,82.0,81.0,55.080496265250005,308.73358,2.898064418366014,4.008795683719103
NPL,Nepal,2008,Lower middle income,SAS,South-East Asia,26990037.0,1942.152996933,18.86374855,84.5508362701857,35.8273714281674,82.0,79.0,52.69526763175,301.699228,2.9888963895474125,3.964525653256198
NPL,Nepal,2009,Lower middle income,SAS,South-East Asia,27173035.0,2028.95740753622,20.86620903,85.158729874995,38.6441196454107,95.0,90.0,50.437157395,298.6754917,3.084942478556832,3.920728153342909
NPL,Nepal,2010,Lower middle income,SAS,South-East Asia,27341952.0,2139.22749384013,29.62231827,85.7617588960131,41.5056568805896,93.0,86.0,48.26359242175,297.2142044,3.4217290983368267,3.876677496335482
NPL,Nepal,2011,Lower middle income,SAS,South-East Asia,27464494.0,2247.99742932205,34.14775085,86.3599023849968,44.4117125540755,92.0,88.0,46.144413999250006,285.7109495,3.5595606290116817,3.8317759135199916
NPL,Nepal,2012,Lower middle income,SAS,South-East Asia,27534915.0,2465.83469449131,33.64963913,86.9532837280701,47.3622706946734,90.0,86.0,44.07202675025,272.2488645,3.545287310863064,3.7858252671372394
NPL,Nepal,2013,Lower middle income,SAS,South-East Asia,27589996.0,2658.02196886933,35.14327621,87.5415795968781,50.3565022636622,92.0,88.0,42.0413863945,258.4193761,3.587490934348072,3.738654523450241
NPL,Nepal,2014,Lower middle income,SAS,South-East Asia,27672370.0,2901.19752086169,41.9739151,88.1248062062868,53.394175397633,92.0,88.0,40.0864382355,244.6626994,3.760593306040424,3.691038078494514
NPL,Nepal,2015,Lower middle income,SAS,South-East Asia,27823629.0,2957.30559145504,46.49585342,88.7026979901049,56.4745599225782,91.0,85.0,38.189597123375,235.6406719,3.860642410808989,3.642563151911684
NPL,Nepal,2016,Lower middle income,SAS,South-East Asia,27955462.0,2976.12513681451,47.1232872,89.2751913988418,59.5972467919298,87.0,83.0,36.35354693775,213.5091924,3.8737662013252354,3.5932917765988077
NPL,Nepal,2017,Lower middle income,SAS,South-East Asia,28011258.0,3604.70825949747,49.63085556,89.8420840030234,62.7615781748289,90.0,90.0,34.6091407475,197.1593441,3.9245611841206944,3.544117830627132
NPL,Nepal,2018,Lower middle income,SAS,South-East Asia,28079689.0,3956.12461094443,51.16546249,90.4032337065468,65.966994107957,91.0,91.0,32.94512231775,182.9122719,3.95442063778689,3.494843217145353
NPL,Nepal,2019,Lower middle income,SAS,South-East Asia,28414064.0,4260.67373190851,53.61107254,90.9584624626018,69.2128409973963,93.0,92.0,31.356319521625,170.0472133,4.000236655963875,3.4454158264016455
NPL,Nepal,2020,Lower middle income,SAS,South-East Asia,28966574.0,4235.57462326905,59.07941437,91.5076217588488,72.4985122908231,84.0,87.0,29.900122773875,152.5164185,4.095667259905043,3.397862586537876
NPL,Nepal,2021,Lower middle income,SAS,South-East Asia,29475010.0,4546.22970006289,69.1880188,92.0505329995059,75.8233419830013,91.0,90.0,28.62700775775,172.8050366,4.251177624100907,3.354350599423442
NPL,Nepal,2022,Lower middle income,SAS,South-East Asia,29715436.0,5102.99231132947,87.34230042,92.5870336093326,79.1866571655946,90.0,90.0,27.491327757625,138.7120663,4.481219046354576,3.3138706006697305
NRU,Nauru,2000,High income,EAS,Western Pacific,10168.0,5838.38474480524,463.77734375,98.3154023672406,64.6715903640463,44.0,8.0,41.257061676666666,278.3414909,6.141558460266193,3.7198222902906
NRU,Nauru,2001,High income,EAS,Western Pacific,10130.0,5587.10059513323,349.01687622,98.3187193593697,64.6701987454564,95.0,95.0,39.56625189466666,298.6574022,5.857981371092449,3.677976530028203
NRU,Nauru,2002,High income,EAS,Western Pacific,10082.0,5132.474854085,298.91278076,98.3220363514988,64.6688071268665,80.0,40.0,38.013021825,320.9336152,5.703491701585809,3.637928780630403
NRU,Nauru,2003,High income,EAS,Western Pacific,10059.0,5260.70566106421,273.59832764,98.3253533436279,64.6674155082765,80.0,53.0,36.586727345,322.9667997,5.615309403147809,3.599685533790233
NRU,Nauru,2004,High income,EAS,Western Pacific,10060.0,5168.562529217,216.23666382,98.328670335757,64.6660238896866,80.0,67.0,35.289491943,324.3950161,5.38098737593217,3.5635852409556064
NRU,Nauru,2005,High income,EAS,Western Pacific,10049.0,5336.45554924709,328.92779541,98.3319873278861,64.6646322710967,80.0,80.0,34.05948367833333,327.6479454,5.798873828732043,3.528108515939762
NRU,Nauru,2006,High income,EAS,Western Pacific,10034.0,5974.81684403378,363.46365356,98.3353043200152,65.0151108339822,72.0,99.0,32.81267286866667,303.6471419,5.89842683059198,3.4908148087163773
NRU,Nauru,2007,High income,EAS,Western Pacific,10020.0,4788.51763173528,586.8157959,98.3386213121444,65.3655742516606,99.0,99.0,31.46185665333333,302.6688646,6.376413626539705,3.4487759122057535
NRU,Nauru,2008,High income,EAS,Western Pacific,10009.0,5863.37099288988,809.65649414,98.3094823914475,65.7160225241319,99.0,99.0,29.969069635333337,301.5834898,6.697844405992178,3.4001658376479678
NRU,Nauru,2009,High income,EAS,Western Pacific,10016.0,5567.8891646028,575.39526367,98.2803412813285,66.0664556513962,99.0,99.0,28.32242125966667,300.06233,6.356793647002779,3.3436537616280617
NRU,Nauru,2010,High income,EAS,Western Pacific,10043.0,5620.40413037023,626.21124268,98.2511979817874,66.4168736334532,99.0,99.0,26.567422482,296.7238098,6.44128339406687,3.279685746484979
NRU,Nauru,2011,High income,EAS,Western Pacific,10098.0,6544.10299768768,672.27624512,98.2220524928242,66.7672764703033,99.0,99.0,24.742651500666668,259.9682292,6.512155713657487,3.2085285358645037
NRU,Nauru,2012,High income,EAS,Western Pacific,10267.0,8153.2726237438,873.81658936,98.1929048144389,67.1176641619461,79.0,96.0,22.893084741666662,254.6552734,6.774014252225915,3.130834888609722
NRU,Nauru,2013,High income,EAS,Western Pacific,10517.0,8428.7325679025,808.10583496,98.1637549466314,67.4680367083819,87.0,97.0,21.072660137,247.2194508,6.695929730455075,3.0479764721962526
NRU,Nauru,2014,High income,EAS,Western Pacific,10742.0,9725.9521482902,736.00012207,98.1346028894019,67.8183941096107,95.0,98.0,19.284918849,239.6984897,6.602588057820259,2.959323383665857
NRU,Nauru,2015,High income,EAS,Western Pacific,10954.0,9955.33548663175,973.30883789,98.1054486427502,68.1687363656322,91.0,98.0,17.602126366333334,252.9415328,6.881728335405242,2.868019711015348
NRU,Nauru,2016,High income,EAS,Western Pacific,11150.0,10281.267399011,978.48120117,98.0762922066764,68.5190634764467,97.0,98.0,16.04296045166667,248.4003391,6.887023044928855,2.775270152220146
NRU,Nauru,2017,High income,EAS,Western Pacific,11324.0,9650.31890049941,1127.47509766,98.0471335811805,68.8693754420541,87.0,95.0,14.622485580666668,259.4276882,7.028622529252928,2.6825604522286706
NRU,Nauru,2018,High income,EAS,Western Pacific,11477.0,9657.26073566654,1220.0769043,98.0179727662624,69.2196722624544,90.0,99.0,13.331842653333334,268.8638911,7.107488456811938,2.590155358195629
NRU,Nauru,2019,High income,EAS,Western Pacific,11587.0,10554.5218534787,1213.86804199,97.9888097619223,69.5699539376476,96.0,95.0,12.149632730666667,266.5503574,7.102390742460798,2.497298941401015
NRU,Nauru,2020,High income,EAS,Western Pacific,11643.0,10810.9461002401,1270.52563477,97.95964456816,69.9202204676336,95.0,98.0,11.116854179333332,309.0227741,7.147972745704951,2.4084623512574117
NRU,Nauru,2021,High income,EAS,Western Pacific,11709.0,12112.2358384228,1636.45788574,97.9304771849756,70.2704718524126,98.0,98.0,10.2272226,265.6565019,7.400900248546616,2.3250530475007594
NRU,Nauru,2022,High income,EAS,Western Pacific,11801.0,13245.1094562619,2264.07055664,97.9013076123691,70.6207080919845,99.0,98.0,9.509891915,317.2944145,7.725361188266394,2.252332511087875
NZL,New Zealand,2000,High income,EAS,Western Pacific,3857700.0,21500.1531078077,1054.28100586,99.9999993417981,99.9999993417981,90.0,85.0,7.374838081333333,10.6816168,6.961562366709037,1.998073946911421
NZL,New Zealand,2001,High income,EAS,Western Pacific,3880500.0,22511.0906735294,1053.73632813,100.0,100.0,90.0,85.0,7.191132125333334,10.3608307,6.961046088730345,1.9728486176594382
NZL,New Zealand,2002,High income,EAS,Western Pacific,3948500.0,23306.2795376277,1250.12634277,100.0,100.0,90.0,84.0,7.024303575666667,10.60098651,7.131799498788682,1.9493760751691795
NZL,New Zealand,2003,High income,EAS,Western Pacific,4027200.0,23996.4486751857,1610.73034668,99.9999984462731,99.9999984462731,90.0,84.0,6.872153691666667,10.85150601,7.385063630339435,1.9274775493426124
NZL,New Zealand,2004,High income,EAS,Western Pacific,4087500.0,25123.9162365879,1981.9720459,99.9999993424079,99.9999993424079,89.0,83.0,6.736428509333333,10.64545482,7.59235203154701,1.907529889722707
NZL,New Zealand,2005,High income,EAS,Western Pacific,4133900.0,25677.4190803252,2295.37182617,99.9999975084119,99.9999975084119,89.0,82.0,6.621153155666666,10.59466064,7.739085689523742,1.8902695474780224
NZL,New Zealand,2006,High income,EAS,Western Pacific,4184600.0,27732.3439124039,2304.06518555,100.0,100.0,89.0,82.0,6.526511760666668,10.15459597,7.742864235095952,1.875872613831856
NZL,New Zealand,2007,High income,EAS,Western Pacific,4223800.0,29331.2143367859,2705.66430664,99.999996901465,99.999996901465,88.0,79.0,6.446392484666667,10.39645003,7.9034722725562,1.8635206696356181
NZL,New Zealand,2008,High income,EAS,Western Pacific,4259800.0,29895.6451662949,2708.65625,100.0,100.0,89.0,86.0,6.372593128999999,9.82274339,7.904577060809786,1.8520064713629947
NZL,New Zealand,2009,High income,EAS,Western Pacific,4302600.0,30746.1551656083,2582.28100586,99.9999975383469,99.9999975383469,92.0,89.0,6.297325681333334,10.05755691,7.856815577678002,1.8401250482475127
NZL,New Zealand,2010,High income,EAS,Western Pacific,4350700.0,31305.3299504124,3072.73608398,100.0,100.0,93.0,91.0,6.210675413666666,9.929188629,8.030649066144798,1.8262696522963648
NZL,New Zealand,2011,High income,EAS,Western Pacific,4384000.0,32738.9884445601,3501.22045898,99.9999988858894,99.9999988858894,95.0,93.0,6.109961995666667,10.06579824,8.161152463171637,1.8099205531423375
NZL,New Zealand,2012,High income,EAS,Western Pacific,4408100.0,33054.8936751088,3682.94213867,99.9999978085497,99.9999978085497,93.0,92.0,5.993854711,9.267449239,8.21173869113622,1.7907347295282947
NZL,New Zealand,2013,High income,EAS,Western Pacific,4442100.0,36262.704728265,3833.82226563,100.0,100.0,92.0,92.0,5.865608605333333,8.298859622,8.251878367389699,1.7691062457470972
NZL,New Zealand,2014,High income,EAS,Western Pacific,4516500.0,37331.3155732447,3997.43237305,100.0,100.0,93.0,93.0,5.730831538666666,7.454268075,8.293657656549012,1.7458606403838872
NZL,New Zealand,2015,High income,EAS,Western Pacific,4609400.0,37513.2963872442,3433.59643555,100.0,100.0,92.0,93.0,5.594778012333333,8.052799614,8.141654711742783,1.7218336648969388
NZL,New Zealand,2016,High income,EAS,Western Pacific,4714100.0,39988.9250855472,3516.93481445,99.9999978251524,99.9999978251524,92.0,92.0,5.460044981333334,7.668006934,8.16562939597575,1.6974570280623171
NZL,New Zealand,2017,High income,EAS,Western Pacific,4813600.0,42243.5084459397,3702.09985352,99.9999952214353,99.9999952214353,94.0,93.0,5.330058625,7.550474796,8.216925546123907,1.6733622371791776
NZL,New Zealand,2018,High income,EAS,Western Pacific,4900600.0,42527.2784103301,3706.80273438,99.9999959549403,99.9999959549403,93.0,92.0,5.210088663333334,7.484100244,8.218194725265182,1.65059687353474
NZL,New Zealand,2019,High income,EAS,Western Pacific,4970300.0,45278.4587226734,3679.59692383,99.9999954101942,99.9999954101942,92.0,92.0,5.101255279666667,7.533121044,8.210830225571252,1.6294866427124306
NZL,New Zealand,2020,High income,EAS,Western Pacific,5072400.0,45513.3123768343,3887.71264648,100.0,100.0,92.0,91.0,4.996881678333334,7.591019744,8.265833442631802,1.6088140535412694
NZL,New Zealand,2021,High income,EAS,Western Pacific,5084600.0,48248.7176729892,4749.04199219,99.9999956407702,99.9999956407702,90.0,91.0,4.896877054666667,7.58434459,8.465908737450663,1.5885976661494825
NZL,New Zealand,2022,High income,EAS,Western Pacific,5081700.0,54033.9130125651,5138.33789063,100.0,100.0,89.0,90.0,4.790690987333334,22.6161779,8.544679535099311,1.5666746572471482
OMN,Oman,2000,High income,MEA,Eastern Mediterranean,2282131.0,39443.2607398257,261.88265991,85.6380767775356,89.1558441928925,99.0,99.0,16.356681367,18.54631919,5.571707772580738,2.7946364601697975
OMN,Oman,2001,High income,MEA,Eastern Mediterranean,2310217.0,41679.0150905058,259.59085083,85.6337685184132,89.1527859645842,99.0,99.0,15.332891087333332,18.29711471,5.562951555977741,2.730000265274608
OMN,Oman,2002,High income,MEA,Eastern Mediterranean,2337140.0,41511.028525808,274.11166382,85.6294622656884,89.9116284921649,99.0,99.0,14.474200780333334,18.24534027,5.617177065505022,2.672367808140824
OMN,Oman,2003,High income,MEA,Eastern Mediterranean,2363796.0,40934.6957158245,290.38589478,85.6251514284285,90.6708884910228,99.0,98.0,13.768108413333332,18.31585199,5.674648487579249,2.622354933176125
OMN,Oman,2004,High income,MEA,Eastern Mediterranean,2404821.0,42141.6368965156,306.42941284,85.6936491406229,91.4715625397252,99.0,98.0,13.204373077,18.02087117,5.728245509155702,2.580548068438802
OMN,Oman,2005,High income,MEA,Eastern Mediterranean,2459802.0,43672.5203183067,326.909729,86.0602755793835,92.2937638272692,99.0,98.0,12.769224222,18.00735648,5.792738354041728,2.547037918159935
OMN,Oman,2006,High income,MEA,Eastern Mediterranean,2514795.0,46091.1822351846,341.97601318,86.4235189460014,93.1032818281143,98.0,96.0,12.427924710333334,17.8566431,5.8376605123007295,2.519945933444647
OMN,Oman,2007,High income,MEA,Eastern Mediterranean,2570174.0,48626.9220419854,397.21173096,86.7831972682,93.9002107979075,99.0,97.0,12.174788143,18.2947679,5.986983851166024,2.4993672678316283
OMN,Oman,2008,High income,MEA,Eastern Mediterranean,2626529.0,52841.1889523143,466.60375977,87.1393591808879,94.6847837073689,99.0,98.0,11.98272249,17.58468743,6.147621270134451,2.4834658197908053
OMN,Oman,2009,High income,MEA,Eastern Mediterranean,2684659.0,55127.4677721764,510.08691406,87.4916215447679,95.4570743657186,98.0,99.0,11.830800052666667,17.4076056,6.236539661963775,2.470706304838516
OMN,Oman,2010,High income,MEA,Eastern Mediterranean,2757446.0,55667.4687778644,583.57073975,87.8404432564797,96.2174842174493,99.0,99.0,11.705519412333333,16.98361346,6.370877799679732,2.4600604752110624
OMN,Oman,2011,High income,MEA,Eastern Mediterranean,3076763.0,52393.3135820293,563.23632813,88.2854889503874,96.9895887554529,99.0,99.0,11.573153862,15.82255657,6.335473185240155,2.4486880936881317
OMN,Oman,2012,High income,MEA,Eastern Mediterranean,3547106.0,49989.4425093994,561.1171875,88.7987968638673,97.7533977258664,98.0,99.0,11.435354798333334,15.53795112,6.331710346839966,2.436709854394658
OMN,Oman,2013,High income,MEA,Eastern Mediterranean,3833913.0,47013.4730934385,587.71075439,89.2944813891267,98.4864188461934,98.0,99.0,11.312670847333331,15.23059486,6.377934983898613,2.425923411438706
OMN,Oman,2014,High income,MEA,Eastern Mediterranean,4002439.0,44235.8336329334,726.64660645,89.7744741935216,99.0454609162921,99.0,99.0,11.220978223333333,14.81022477,6.589815499636511,2.4177850819744324
OMN,Oman,2015,High income,MEA,Eastern Mediterranean,4184895.0,36058.1666084788,767.04455566,90.238487505215,99.3190102957444,99.0,99.0,11.157425701333333,14.59147456,6.643847746647149,2.4121052584207683
OMN,Oman,2016,High income,MEA,Eastern Mediterranean,4390877.0,33333.8635893722,714.48864746,90.6874222506819,99.3192950863755,99.0,99.0,11.090429028,14.48933087,6.5729657322878206,2.4060824866374353
OMN,Oman,2017,High income,MEA,Eastern Mediterranean,4537396.0,33619.4988982607,704.6295166,91.1148946068941,99.3195652935256,99.0,99.0,11.009478525333334,14.35211436,6.559090335733751,2.3987565858829494
OMN,Oman,2018,High income,MEA,Eastern Mediterranean,4597877.0,37780.3308327271,639.78082275,91.5230946241618,99.3198091795186,99.0,99.0,10.918414089666667,14.11131312,6.462687468262007,2.3904507298858735
OMN,Oman,2019,High income,MEA,Eastern Mediterranean,4591241.0,37250.6110788359,730.08325195,91.8882619028406,99.3200354455114,99.0,99.0,10.813926869666666,13.95601427,6.594527341021558,2.380834828376069
OMN,Oman,2020,High income,MEA,Eastern Mediterranean,4522497.0,35163.3281781415,859.24987793,92.1680305395851,99.320248468501,99.0,99.0,10.707929260333335,32.11872959,6.757222902776969,2.3709845193917327
OMN,Oman,2021,High income,MEA,Eastern Mediterranean,4500424.0,38719.4587682049,843.01953125,92.3097194594894,99.3204402699812,99.0,99.0,10.607286297,73.95814878,6.738175635619671,2.3615411514855564
OMN,Oman,2022,High income,MEA,Eastern Mediterranean,4730226.0,42616.3348955868,712.06097412,92.4399731975253,99.3206203708609,99.0,97.0,10.508728774666666,13.21789234,6.569566934457725,2.35220622368816
PAK,Pakistan,2000,Lower middle income,MEA,Eastern Mediterranean,154879127.0,2565.19958815141,15.36755657,87.3443263636155,36.3820444881262,59.0,57.0,108.09871534075,419.2123369,2.795301117566636,4.683044840585186
PAK,Pakistan,2001,Lower middle income,MEA,Eastern Mediterranean,159270907.0,2643.76627507187,13.41587162,87.5860762080419,36.4704767337174,61.0,59.0,105.308217205625,400.0598268,2.6683297954434213,4.6568914522360565
PAK,Pakistan,2002,Lower middle income,MEA,Eastern Mediterranean,163222549.0,2687.82993619927,14.98332214,87.8248146353087,36.5597990039308,63.0,60.0,102.760166513375,380.1861072,2.7715458123482666,4.632397792650792
PAK,Pakistan,2003,Lower middle income,MEA,Eastern Mediterranean,167110248.0,2821.73137023045,14.34851551,88.062537100299,36.6491235332267,66.0,62.0,100.493236433125,358.3939444,2.731018759910292,4.610090426061554
PAK,Pakistan,2004,Lower middle income,MEA,Eastern Mediterranean,171286000.0,3048.35709122876,15.53542328,88.2993740055727,38.3533268350512,68.0,63.0,98.4288801625,332.8230152,2.805504945138462,4.589334258582599
PAK,Pakistan,2005,Lower middle income,MEA,Eastern Mediterranean,175453212.0,3292.60223269538,19.58962631,87.9858227113677,40.051948707326,63.0,61.0,96.503326267625,314.5432156,3.0247873717734954,4.5695774768454545
PAK,Pakistan,2006,Lower middle income,MEA,Eastern Mediterranean,179682690.0,3514.81365241137,24.43647003,88.1422644667259,41.8712078550453,59.0,59.0,94.62428683625,284.4647198,3.2361839721619323,4.549914174992091
PAK,Pakistan,2007,Lower middle income,MEA,Eastern Mediterranean,184493231.0,3672.18527458861,26.14198685,88.3130427829655,43.6965924516825,54.0,57.0,92.82498210675,265.4964132,3.3010818591700777,4.530715807299861
PAK,Pakistan,2008,Lower middle income,MEA,Eastern Mediterranean,189499113.0,3721.33293561622,24.34272766,88.4820319386941,45.5276108650431,53.0,56.0,90.982620007,253.8224837,3.232491811562469,4.510668499342075
PAK,Pakistan,2009,Lower middle income,MEA,Eastern Mediterranean,194376534.0,3777.09098629051,23.14643288,88.6492343131649,47.3641982720808,52.0,56.0,89.064536500125,246.0426723,3.184136662356555,4.489361236167864
PAK,Pakistan,2010,Lower middle income,MEA,Eastern Mediterranean,199239047.0,3785.70113530595,23.62846184,88.8147345072875,49.2066353675779,52.0,57.0,87.045334139625,240.1277463,3.2039027595124074,4.4664290650031235
PAK,Pakistan,2011,Lower middle income,MEA,Eastern Mediterranean,203746065.0,3879.5977693449,25.02491379,88.978515573403,51.0548082670217,63.0,59.0,84.899104561125,233.6102442,3.259054301911492,4.441463546278467
PAK,Pakistan,2012,Lower middle income,MEA,Eastern Mediterranean,207667125.0,4046.59848766311,25.59742928,89.1405658210321,52.9086096866619,64.0,63.0,82.643671276875,227.0105086,3.280814567508336,4.414538248762609
PAK,Pakistan,2013,Lower middle income,MEA,Eastern Mediterranean,211073978.0,4173.93858568758,28.20998955,89.3007289268109,54.7673079838163,65.0,68.0,80.315031838875,219.5119702,3.374510758645392,4.385956799434665
PAK,Pakistan,2014,Lower middle income,MEA,Eastern Mediterranean,214264647.0,4312.99070040776,32.11787415,89.4591472805659,56.6314636170423,69.0,71.0,77.962431636625,210.5652574,3.5000731411647603,4.356227064976756
PAK,Pakistan,2015,Lower middle income,MEA,Eastern Mediterranean,217290883.0,4480.26313460985,33.99359894,89.6158196961384,58.5009708232225,72.0,75.0,75.56733576725,202.3163197,3.555165157334897,4.325024123247064
PAK,Pakistan,2016,Lower middle income,MEA,Eastern Mediterranean,220138869.0,4630.7315068374,36.46934128,89.7707150440618,60.3757049658476,75.0,75.0,73.240910180625,193.0417399,3.623523032720456,4.293754147099722
PAK,Pakistan,2017,Lower middle income,MEA,Eastern Mediterranean,223273967.0,4789.53646557553,42.07228851,89.9237776878555,62.2553089946578,75.0,76.0,70.943275199875,183.8693324,3.7628798323189225,4.261880616871155
PAK,Pakistan,2018,Lower middle income,MEA,Eastern Mediterranean,226928892.0,4979.3734961655,40.09578323,90.0758470234098,64.1435342442995,80.0,79.0,68.746892092125,178.4420088,3.715905518428455,4.230431529592134
PAK,Pakistan,2019,Lower middle income,MEA,Eastern Mediterranean,230800899.0,5037.53401559745,36.01374817,90.2267743289886,66.0398368746477,84.0,81.0,66.642081934,173.4325177,3.611289415790546,4.199336238877184
PAK,Pakistan,2020,Lower middle income,MEA,Eastern Mediterranean,235001746.0,5048.0213062963,36.9091301,90.3763302585524,67.9433820948755,80.0,83.0,64.5401432935,177.9249689,3.635191982812846,4.167287406849117
PAK,Pakistan,2021,Lower middle income,MEA,Eastern Mediterranean,239477801.0,5367.27364714762,42.79639816,90.5243087608224,69.8533376726557,83.0,81.0,62.4715958045,192.8974074,3.779551580211063,4.134711986312872
PAK,Pakistan,2022,Lower middle income,MEA,Eastern Mediterranean,243700667.0,5920.27430654107,38.76602173,90.6704556362056,71.7686736729802,85.0,82.0,60.437979476625,160.0928917,3.683012822282453,4.101617706611206
PAN,Panama,2000,High income,LCN,Americas,3010369.0,8097.29578007965,300.66052246,89.6201521615703,62.5612964932235,98.0,97.0,25.58952764333333,64.08375561,5.709302287288484,3.2421831913586354
PAN,Panama,2001,High income,LCN,Americas,3069537.0,8197.15760528353,296.75146484,89.9759773021274,63.300048397865,99.0,95.0,24.856052752,61.56771148,5.69625912792104,3.2131012943929678
PAN,Panama,2002,High income,LCN,Americas,3129344.0,8370.30337531917,308.58657837,90.3289872671352,64.3589021380052,99.0,95.0,24.058328318,59.40599814,5.73523778925778,3.1804812284153323
PAN,Panama,2003,High income,LCN,Americas,3189807.0,8800.56663131567,303.45755005,90.6583978938369,65.4227494263176,98.0,95.0,23.234864615666663,58.39540115,5.718531668728864,3.1456539357786992
PAN,Panama,2004,High income,LCN,Americas,3251155.0,9591.60288710752,344.4079895,90.866022326398,66.4912909784567,95.0,97.0,22.43187893,57.4235899,5.8447262965973446,3.1104831136371867
PAN,Panama,2005,High income,LCN,Americas,3313026.0,10511.0220241591,323.0513916,91.0627978402199,67.5645305842362,92.0,99.0,21.665029970000003,56.78297555,5.780902119263517,3.075699438528096
PAN,Panama,2006,High income,LCN,Americas,3375024.0,11684.5550230964,370.62973022,91.2562151531688,68.6424595699143,88.0,95.0,20.934228174666668,56.28085131,5.917898009713542,3.04138553108986
PAN,Panama,2007,High income,LCN,Americas,3437490.0,13332.8660935017,472.08703613,91.4461388885148,69.7247974616696,85.0,95.0,20.253859577666667,55.40563727,6.159279380295904,3.00834537181934
PAN,Panama,2008,High income,LCN,Americas,3500648.0,14705.3714314955,506.78494263,91.6329440597259,70.8121135731026,86.0,96.0,19.628902254333337,55.12234641,6.230058016664737,2.977003084887362
PAN,Panama,2009,High income,LCN,Americas,3564381.0,14765.7380188572,550.80755615,91.8164868861301,71.9041216278813,85.0,96.0,19.045729837,55.30423679,6.313199355328428,2.9468429209080447
PAN,Panama,2010,High income,LCN,Americas,3628535.0,15572.5786985323,607.42242432,91.9966294834708,73.0005374055146,94.0,97.0,18.521901848,55.56430784,6.410869417562577,2.9189539155222883
PAN,Panama,2011,High income,LCN,Americas,3693505.0,17473.7651165489,664.97564697,92.175026614494,74.1041771182907,87.0,97.0,18.077736407666663,54.77634905,6.501253103760721,2.894681148435017
PAN,Panama,2012,High income,LCN,Americas,3759256.0,19473.251491839,725.01544189,92.3514556960261,75.2147165198156,85.0,98.0,17.720913018333334,53.4881846,6.587571284419534,2.8747454685862253
PAN,Panama,2013,High income,LCN,Americas,3825329.0,21923.6750843341,805.78985596,92.5258725116137,76.3321222229942,80.0,92.0,17.450390734333332,51.84921873,6.693063232823026,2.8593620400500868
PAN,Panama,2014,High income,LCN,Americas,3892101.0,24376.0808599604,919.2946167,92.6983815513135,77.4566352300972,80.0,90.0,17.265828488,49.0116652,6.824693854322107,2.848729316253047
PAN,Panama,2015,High income,LCN,Americas,3960035.0,27245.2788402631,982.06530762,92.8686371033942,78.5876693762409,73.0,93.0,17.14009162,48.0821214,6.890675554990171,2.8414202585462456
PAN,Panama,2016,High income,LCN,Americas,4029086.0,30276.7088496195,1056.68481445,93.188819816336,79.7251829235126,86.0,95.0,17.005884554666668,46.56604298,6.963837661088085,2.8335594344345414
PAN,Panama,2017,High income,LCN,Americas,4098707.0,33533.32602165,1126.96154785,93.5073884501397,80.8694181421993,81.0,98.0,16.805417817333332,46.60967205,7.028167342691507,2.8217013235477557
PAN,Panama,2018,High income,LCN,Americas,4167860.0,32463.5403500842,1227.30554199,93.8241340868165,82.0200768210799,88.0,98.0,16.45459147033333,43.4217546,7.113390890453783,2.8006045550031398
PAN,Panama,2019,High income,LCN,Americas,4234700.0,33239.7332276186,1339.45153809,94.1389735045272,83.1771159799322,88.0,97.0,15.899242968666668,40.72977967,7.200761804907628,2.766271496059154
PAN,Panama,2020,High income,LCN,Americas,4293261.0,27017.0033790906,1358.4498291,94.4306492571863,84.3402384762944,74.0,80.0,15.208962185666666,74.18438248,7.214835359456288,2.721884871574212
PAN,Panama,2021,High income,LCN,Americas,4345405.0,30932.7627809145,1417.1541748,94.6436730326195,85.5096832210543,87.0,92.0,14.499592475999998,59.22772443,7.257111428121079,2.6741205439281246
PAN,Panama,2022,High income,LCN,Americas,4400773.0,36333.1269184359,1572.93017578,94.85343136421,86.6851526856535,82.0,87.0,13.854738733,40.19727663,7.361331066989558,2.628627320901487
PER,Peru,2000,Upper middle income,LCN,Americas,26598331.0,5011.94540719164,83.63842773,80.4077059975962,64.6899370720139,98.0,97.0,37.91289064925,115.3393809,4.438388391968645,3.6352911769312812
PER,Peru,2001,Upper middle income,LCN,Americas,26964601.0,5086.42247806779,89.36621857,81.1652005641867,65.4068839269518,90.0,97.0,34.930691963125,109.3893462,4.503870509174272,3.553365868617515
PER,Peru,2002,Upper middle income,LCN,Americas,27288217.0,5382.56641273977,97.6605072,81.9120898487203,66.1134789664025,95.0,95.0,32.350728750125,105.7158436,4.591684736680276,3.476636547744957
PER,Peru,2003,Upper middle income,LCN,Americas,27580490.0,5656.85816117967,97.352211,82.6488673555992,66.8103000461573,94.0,95.0,30.114706896875,104.1846739,4.5885550255178105,3.4050136536532016
PER,Peru,2004,Upper middle income,LCN,Americas,27852190.0,6037.52025106396,105.16587067,83.3752476996589,67.4970575513904,86.0,85.0,28.175778634750003,106.6630445,4.665002688702186,3.3384626952050294
PER,Peru,2005,Upper middle income,LCN,Americas,28101180.0,6559.54330021754,123.25354004,84.0910140674012,68.1735152494759,77.0,77.0,26.488169128125,103.0285102,4.822324155838476,3.276698185309316
PER,Peru,2006,Upper middle income,LCN,Americas,28324491.0,7213.59606031591,136.14295959,84.796972001847,68.8406174970812,94.0,93.0,24.989009518875,98.84665706,4.921023882416707,3.2184361089623303
PER,Peru,2007,Upper middle income,LCN,Americas,28530699.0,7982.05008377224,158.55148315,85.4925787573111,69.4977421323012,93.0,92.0,23.643344982875,94.22268263,5.072366648513074,3.1630816792656993
PER,Peru,2008,Upper middle income,LCN,Americas,28719041.0,8820.13901056849,191.42611694,86.1388730860252,70.0979718244948,93.0,92.0,22.43730329,90.72158706,5.259712271950761,3.1107248991905685
PER,Peru,2009,Upper middle income,LCN,Americas,28896811.0,8916.59577535359,209.1973877,86.7621628336496,70.6712078070281,93.0,91.0,21.36015027525,89.31912704,5.34804703067771,3.061527049425392
PER,Peru,2010,Upper middle income,LCN,Americas,29086019.0,9713.35863309362,241.43280029,87.3815093121049,71.2400990831427,93.0,94.0,20.414412577375,85.92868177,5.49072455976867,3.016241150288246
PER,Peru,2011,Upper middle income,LCN,Americas,29304086.0,10462.5770434663,264.46487427,87.9963640224872,71.803986474928,91.0,96.0,19.5995475405,83.21230532,5.581482531628218,2.9755064813016494
PER,Peru,2012,Upper middle income,LCN,Americas,29550366.0,10757.1522234351,309.31439209,88.6072952219099,72.3636014252996,95.0,94.0,18.914989806,78.76699483,5.73758595159049,2.939954719147496
PER,Peru,2013,Upper middle income,LCN,Americas,29817919.0,11290.5547403874,320.96490479,89.2138017423285,72.9183194169617,88.0,85.0,18.359177088,75.028152,5.774442548269017,2.9101295632728243
PER,Peru,2014,Upper middle income,LCN,Americas,30115826.0,11517.7371710247,332.18841553,89.8161834428489,73.4685325137981,88.0,89.0,17.9148025655,72.96355426,5.808708142371364,2.8856273300710154
PER,Peru,2015,Upper middle income,LCN,Americas,30457600.0,11600.3873992867,310.60983276,90.4146720652742,74.0145820909902,90.0,92.0,17.574200859875,71.46574515,5.741751869211174,2.8664319663855413
PER,Peru,2016,Upper middle income,LCN,Americas,30866494.0,12066.5460683317,311.33517456,91.0088509037893,74.5559040876133,90.0,89.0,17.31067171775,68.7623548,5.744076888622307,2.8513231736200804
PER,Peru,2017,Upper middle income,LCN,Americas,31324637.0,12591.8562879234,332.54321289,91.5989672683032,75.0928493726003,89.0,88.0,17.09816861275,66.66299933,5.809772430844767,2.8389713591035517
PER,Peru,2018,Upper middle income,LCN,Americas,31897584.0,13078.2323503405,362.75994873,92.1863171590782,75.6274098296364,89.0,86.0,16.92520486275,66.17148689,5.896494168572167,2.828803922875749
PER,Peru,2019,Upper middle income,LCN,Americas,32449303.0,13563.5372933551,367.98739624,92.7704924879638,76.1591748496731,88.0,85.0,16.7832213135,60.19834557,5.910762486926014,2.820379656005468
PER,Peru,2020,Upper middle income,LCN,Americas,32838579.0,12563.3038060893,399.13800049,93.351440846039,76.6882865431078,72.0,77.0,16.61696368675,75.04343283,5.991809488833744,2.8104240824094733
PER,Peru,2021,Upper middle income,LCN,Americas,33155882.0,15280.5512106486,455.3560791,93.9287808522473,77.2143581209312,82.0,78.0,16.37754206075,141.4558327,6.123273380009255,2.795911009823924
PER,Peru,2022,Upper middle income,LCN,Americas,33475438.0,16669.1561486769,445.10473633,94.5023037650654,77.7372734420618,82.0,74.0,16.119731382875,80.57386704,6.100553759271311,2.780044073346281
PHL,Philippines,2000,Lower middle income,EAS,Western Pacific,79625397.0,3365.55833537799,32.10300446,86.5149829591624,64.5780150363269,78.0,78.0,36.872544875875,126.7574292,3.4996240474480342,3.607467232806173
PHL,Philippines,2001,Lower middle income,EAS,Western Pacific,81401488.0,3468.898883231,27.60987473,86.8671120695057,65.0101350604839,79.0,81.0,36.04389761125,131.6147719,3.3537519285134607,3.5847375737087295
PHL,Philippines,2002,Lower middle income,EAS,Western Pacific,83068889.0,3580.38245474744,26.76997948,87.2412451973365,65.4430807592906,79.0,82.0,35.22367442825,126.3029657,3.323955562391536,3.561718425515268
PHL,Philippines,2003,Lower middle income,EAS,Western Pacific,84731835.0,3761.49624595071,31.60413551,87.6160741981153,65.8768513398554,84.0,87.0,34.416633905,126.9037978,3.4844391364620724,3.5385399912597464
PHL,Philippines,2004,Lower middle income,EAS,Western Pacific,86394504.0,4037.17193792289,33.50411606,87.9916018113597,66.311449594431,88.0,92.0,33.602327622,121.5211654,3.541078623007865,3.5145953390340794
PHL,Philippines,2005,Lower middle income,EAS,Western Pacific,88015962.0,4289.05223691996,45.67607498,88.3678311380432,66.7468776426565,89.0,92.0,32.80613364475,117.7461368,3.8432317203355777,3.4906154992718514
PHL,Philippines,2006,Lower middle income,EAS,Western Pacific,89508986.0,4578.70630898161,53.87452698,88.7447546834869,67.1831301872284,88.0,92.0,32.052691045375,128.6064309,4.005049251403742,3.467381143816161
PHL,Philippines,2007,Lower middle income,EAS,Western Pacific,91075184.0,4923.19718572577,64.27903748,89.1223731975384,68.2064372279476,87.0,92.0,31.354116361125,123.3167116,4.178670966061857,3.445345561844562
PHL,Philippines,2008,Lower middle income,EAS,Western Pacific,92699095.0,5144.3357818823,75.69056702,89.5006950192922,69.2399098229444,87.0,90.0,30.707044153625,122.6267791,4.339778715412233,3.424492079531381
PHL,Philippines,2009,Lower middle income,EAS,Western Pacific,94384250.0,5157.2782508844,77.64539337,89.8798092589211,70.2836819040094,88.0,89.0,30.117412802375,122.1059008,4.364949056523825,3.4051035029069
PHL,Philippines,2010,Lower middle income,EAS,Western Pacific,96337125.0,5489.23543457601,89.35166931,90.264011405217,71.3424056654417,88.0,87.0,29.575107242125,117.4257781,4.503709492905189,3.3869330359652303
PHL,Philippines,2011,Lower middle income,EAS,Western Pacific,98248614.0,5705.43591174904,95.95716095,90.670107052381,72.4331957075581,89.0,86.0,29.076382039,115.2732678,4.57426924126113,3.3699262308605977
PHL,Philippines,2012,Lower middle income,EAS,Western Pacific,100175512.0,6094.26837338658,109.2149353,91.0748919479401,73.5302350229801,89.0,84.0,28.631112340125,110.4309575,4.702432416573696,3.354493970612542
PHL,Philippines,2013,Lower middle income,EAS,Western Pacific,102076336.0,6372.83382112545,118.87432098,91.4784521468904,74.6335366418639,85.0,83.0,28.262619797,109.7278963,4.786443868787142,3.341540076321332
PHL,Philippines,2014,Lower middle income,EAS,Western Pacific,103767130.0,6688.73961232553,106.16293335,91.8806100613092,75.7428560199161,80.0,81.0,27.997398717375,105.5677579,4.674350417855324,3.3321116029085647
PHL,Philippines,2015,Lower middle income,EAS,Western Pacific,105312992.0,6894.26702217935,113.4342804,92.2815392767777,76.8582853974515,76.0,80.0,27.82467466725,103.515074,4.740000687904605,3.3259232049908296
PHL,Philippines,2016,Lower middle income,EAS,Western Pacific,106735719.0,7382.66758431792,118.05981445,92.6811507144986,77.9796692916052,84.0,80.0,27.785869074,97.95527933,4.779626009266109,3.3245275847743034
PHL,Philippines,2017,Lower middle income,EAS,Western Pacific,108119693.0,7773.79853599024,120.32259369,93.0805992720253,79.1077756692214,84.0,81.0,27.806699416875,85.87138683,4.79845306150712,3.325276977882602
PHL,Philippines,2018,Lower middle income,EAS,Western Pacific,109465287.0,8357.74357934219,125.27716827,93.4798496793252,80.2422384212533,84.0,82.0,27.89187741625,92.42419605,4.838479239222337,3.328335514406112
PHL,Philippines,2019,Lower middle income,EAS,Western Pacific,110804683.0,8924.10116402887,141.6925354,93.8786426296812,81.3825055793541,84.0,83.0,27.950060147625,91.94279487,4.960692213373874,3.3304193515710647
PHL,Philippines,2020,Lower middle income,EAS,Western Pacific,112081264.0,8238.36802037457,166.61218262,94.2767858134665,82.5280655331601,83.0,79.0,27.92136023075,88.45691865,5.121652874069774,3.3293919955738502
PHL,Philippines,2021,Lower middle income,EAS,Western Pacific,113100950.0,8857.78995115514,208.192276,94.6741026690457,83.6784077055498,69.0,64.0,27.683496286,152.6758766,5.34325380990303,3.320836433683322
PHL,Philippines,2022,Lower middle income,EAS,Western Pacific,113964338.0,10131.346369794,182.93432617,95.070405889347,84.8329995746262,84.0,76.0,27.337329569,92.2979749,5.214578770907685,3.3082531516533202
PLW,Palau,2000,High income,EAS,Western Pacific,19178.0,10196.9054222148,675.54473877,99.3410767592974,92.3055211823769,96.0,83.0,26.418424245,118.597934,6.516998578121881,3.2740616548098167
PLW,Palau,2001,High income,EAS,Western Pacific,19352.0,11091.7936315765,640.58422852,99.3442874502384,92.5732732194194,98.0,91.0,25.48235058433333,118.1693195,6.463940474766384,3.2379860785813874
PLW,Palau,2002,High income,EAS,Western Pacific,19503.0,11703.9384988605,609.03295898,99.3475993941894,92.8439227609951,99.0,99.0,24.58700527233333,117.3899916,6.413512986822483,3.2022180624078476
PLW,Palau,2003,High income,EAS,Western Pacific,19659.0,11588.3696214973,638.3067627,99.3510199759341,93.1174953662245,99.0,99.0,23.72816349333333,108.2567625,6.460384406005485,3.1666626756842677
PLW,Palau,2004,High income,EAS,Western Pacific,19820.0,12213.1978548368,765.0546875,99.3642473438433,93.5161878932532,98.0,99.0,22.881137634,106.4382529,6.641253560795322,3.1303128870412453
PLW,Palau,2005,High income,EAS,Western Pacific,19819.0,12960.1678150853,810.10369873,99.3769813295124,93.9036183333376,98.0,98.0,22.076633199,105.1881304,6.698395911206451,3.0945197278529952
PLW,Palau,2006,High income,EAS,Western Pacific,19593.0,13544.7651275481,852.00756836,99.3892669217874,94.2803727715843,98.0,98.0,21.339240322,104.6653803,6.748768420090067,3.0605476464583248
PLW,Palau,2007,High income,EAS,Western Pacific,19302.0,14308.2328121476,897.35339355,99.4010959735375,94.6464571391492,94.0,91.0,20.70465825933333,98.00536638,6.800563524908041,3.030358711637137
PLW,Palau,2008,High income,EAS,Western Pacific,19009.0,14039.4056180714,880.83892822,99.4124857740531,95.0022925220304,92.0,97.0,20.186163775666667,98.94455721,6.782009418263774,3.004997408113125
PLW,Palau,2009,High income,EAS,Western Pacific,18709.0,13414.3544901082,947.12615967,99.4234283601543,95.3478284028423,49.0,75.0,19.825130903,93.69657449,6.854487573221364,2.9869503704247116
PLW,Palau,2010,High income,EAS,Western Pacific,18396.0,13443.3986844956,1093.30786133,99.4339340465691,95.6834729135313,69.0,39.0,19.646462987333333,95.62895799,6.997877352287838,2.9778973214685958
PLW,Palau,2011,High income,EAS,Western Pacific,18078.0,14673.0560248903,1072.56323242,99.4440153149557,96.0093169387409,84.0,85.0,19.66254251,82.55457716,6.97873851863023,2.97871543036553
PLW,Palau,2012,High income,EAS,Western Pacific,17765.0,15461.371967653,1239.99304199,99.4536903188215,96.3258137255761,89.0,91.0,19.860452753,83.73042945,7.123667178412096,2.988730455587788
PLW,Palau,2013,High income,EAS,Western Pacific,17648.0,15424.7596503485,1399.29931641,99.462942387352,96.6329212315953,99.0,99.0,20.227103637666666,85.03873837,7.244441290187649,3.007023469286841
PLW,Palau,2014,High income,EAS,Western Pacific,17715.0,16442.0389291227,1481.35656738,99.4717956107824,96.931030387653,95.0,83.0,20.745035840666667,77.90794101,7.301388375688719,3.0323069814606907
PLW,Palau,2015,High income,EAS,Western Pacific,17770.0,17853.5103927061,1554.91186523,99.4802609974161,97.2203841305645,90.0,95.0,21.37512700933333,78.73529023,7.349817061251091,3.0622279567622854
PLW,Palau,2016,High income,EAS,Western Pacific,17797.0,18234.6118770397,1704.62316895,99.4882554515008,97.5006428774559,98.0,96.0,22.083533353333333,79.86845707,7.441685817925933,3.094832233666637
PLW,Palau,2017,High income,EAS,Western Pacific,17812.0,17991.1080155154,1775.32849121,99.4958049799968,97.7722965190515,97.0,93.0,22.743890253,80.49167267,7.482303867715781,3.1242965490204897
PLW,Palau,2018,High income,EAS,Western Pacific,17814.0,18172.3045821299,1809.22070313,99.5029234836391,98.0358496591014,95.0,90.0,23.170530932666665,81.51713892,7.50120405225729,3.142881252841509
PLW,Palau,2019,High income,EAS,Western Pacific,17798.0,18421.9034582421,1928.91564941,99.5096367882251,98.2917742819101,97.0,97.0,23.319588361666664,83.51271287,7.565231575974929,3.149293709596938
PLW,Palau,2020,High income,EAS,Western Pacific,17792.0,17389.7246153166,1938.33837891,99.5159760034998,98.5405897338691,96.0,93.0,23.261081673333337,117.0012618,7.570102152090425,3.146781649591949
PLW,Palau,2021,High income,EAS,Western Pacific,17783.0,15780.5501158866,1931.31152344,99.5219466683348,98.7826866864938,95.0,93.0,23.019342280333333,109.1473469,7.566472245790607,3.136334831223236
PLW,Palau,2022,High income,EAS,Western Pacific,17759.0,17184.5415251955,2077.734375,99.5275761001394,99.0185052265638,94.0,96.0,22.674731786,120.6520817,7.639514513942508,3.121251167309411
PNG,Papua New Guinea,2000,Lower middle income,EAS,Western Pacific,5537064.0,2195.95783293206,18.84121323,29.7724173309513,16.2164700300816,59.0,69.0,71.868928157125,323.2705544,2.987761250692744,4.27484401773515
PNG,Papua New Guinea,2001,Lower middle income,EAS,Western Pacific,5728435.0,2167.75888613606,18.19814301,29.7586410519185,16.2062854132542,55.0,65.0,70.735197639875,324.9123841,2.95481355612706,4.258943293995847
PNG,Papua New Guinea,2002,Lower middle income,EAS,Western Pacific,5924003.0,2125.38720131644,20.55322266,29.7473711837204,16.197953472063,61.0,73.0,69.534033920625,329.2502674,3.07052534875673,4.2418163294080875
PNG,Papua New Guinea,2003,Lower middle income,EAS,Western Pacific,6123997.0,2141.94088709085,21.9858036,29.7361017887769,16.1896215101361,68.0,77.0,68.328127717375,328.3712018,3.134876790578732,4.224321507822743
PNG,Papua New Guinea,2004,Lower middle income,EAS,Western Pacific,6328041.0,2186.54008155669,25.73586273,29.7242054629437,16.1808266451098,62.0,77.0,67.094974498125,326.4031807,3.286005837563975,4.206109145466777
PNG,Papua New Guinea,2005,Lower middle income,EAS,Western Pacific,6535905.0,2321.90916249433,27.49723434,31.1975839865921,16.6059135071294,72.0,82.0,65.789222816375,326.3219938,3.349807041864097,4.186456037931536
PNG,Papua New Guinea,2006,Lower middle income,EAS,Western Pacific,6747720.0,2443.80225242341,30.03865242,32.6715142031645,17.0313208013981,70.0,82.0,64.434091668875,324.6454686,3.435233280068466,4.165642866781755
PNG,Papua New Guinea,2007,Lower middle income,EAS,Western Pacific,6963345.0,2622.37468728077,33.18586731,34.1459986588811,17.4570499950418,66.0,72.0,63.044660507375,325.9503015,3.5318123221131,4.143843372185241
PNG,Papua New Guinea,2008,Lower middle income,EAS,Western Pacific,7183002.0,2583.48094331882,34.69308472,35.6210359201692,17.8830999336479,56.0,66.0,61.630422812875,314.5241613,3.5749569647001658,4.121155625454837
PNG,Papua New Guinea,2009,Lower middle income,EAS,Western Pacific,7406438.0,2692.43509261969,36.5436821,36.8704561758444,18.2486172804539,64.0,65.0,60.20118407775,301.7344968,3.625505111058015,4.0976920211869565
PNG,Papua New Guinea,2010,Lower middle income,EAS,Western Pacific,7633523.0,2911.8920318969,39.3453064,38.0973177449194,18.6101507749501,55.0,63.0,58.73209351875,288.6090495,3.6974750657690914,4.072986315395786
PNG,Papua New Guinea,2011,Lower middle income,EAS,Western Pacific,7859346.0,2918.54391777544,52.49456787,39.3010861598771,18.9672978280348,58.0,66.0,57.261349762125,270.7794233,3.979580113606733,4.047625871905677
PNG,Papua New Guinea,2012,Lower middle income,EAS,Western Pacific,8081390.0,3025.85599590795,70.27664948,40.4828087269689,19.3208666166654,57.0,71.0,55.818131490125,256.7841931,4.266568777007277,4.022098753705654
PNG,Papua New Guinea,2013,Lower middle income,EAS,Western Pacific,8302698.0,3109.89537238113,76.75310516,41.6488410056407,19.6757982283776,60.0,72.0,54.42057070075,243.2143627,4.353538488011049,3.99674222026722
PNG,Papua New Guinea,2014,Lower middle income,EAS,Western Pacific,8523441.0,3499.5484675555,89.08061218,42.7986148436166,20.0317273970696,52.0,65.0,53.01913359375,231.7508368,4.500704960327435,3.970652859606087
PNG,Papua New Guinea,2015,Lower middle income,EAS,Western Pacific,8743246.0,3669.73871592695,45.18995285,43.9315688336247,20.3882856738352,49.0,57.0,51.643477022125,220.6803882,3.8327623036582734,3.944363895666143
PNG,Papua New Guinea,2016,Lower middle income,EAS,Western Pacific,8961718.0,3812.71035100798,53.98646545,45.0471749676037,20.745116008719,46.0,46.0,50.14765451075,213.7761848,4.007087072221876,3.9149717438376483
PNG,Papua New Guinea,2017,Lower middle income,EAS,Western Pacific,9178714.0,3923.17197680467,55.24723816,46.144916980198,21.1018609699395,36.0,41.0,48.716578238875,206.9427518,4.029756940501338,3.8860193877429547
PNG,Papua New Guinea,2018,Lower middle income,EAS,Western Pacific,9394513.0,3909.91572975538,59.04003525,47.2247346164126,21.4585108450562,35.0,37.0,47.218928664625,204.722368,4.095011593873683,3.854794843230249
PNG,Papua New Guinea,2019,Lower middle income,EAS,Western Pacific,9609010.0,4059.82860207487,59.89566803,48.285710104836,21.8143659983838,35.0,37.0,45.828402859125,199.0579085,4.109162039673499,3.824904048669293
PNG,Papua New Guinea,2020,Lower middle income,EAS,Western Pacific,9815746.0,3899.57719236851,55.92817688,49.3273961743901,22.169086312378,40.0,44.0,44.43811267425,194.0588985,4.041790418561228,3.7940974947933097
PNG,Papua New Guinea,2021,Lower middle income,EAS,Western Pacific,10012896.0,3976.90380116956,61.02529907,50.3501518830702,22.5229636359759,32.0,35.0,43.054974640875,222.9465877,4.127542351331657,3.762477779154226
PNG,Papua New Guinea,2022,Lower middle income,EAS,Western Pacific,10203169.0,4419.61926962803,81.11356354,51.3531330085785,22.8753163799614,37.0,41.0,41.654782219625,188.8134853,4.408103210364884,3.7294161812203113
POL,Poland,2000,High income,ECS,Europe,38258629.0,10721.2034293332,238.00448608,95.08595516798411,87.5745482145907,98.0,97.0,9.321769666666668,6.970952846,5.476482321964557,2.2323524890705895
POL,Poland,2001,High income,ECS,Europe,38248076.0,11175.2853656421,282.8210144,95.08595516798411,88.2568300626224,98.0,97.0,8.80865472,6.089401183,5.648343808496263,2.175734729082929
POL,Poland,2002,High income,ECS,Europe,38230364.0,11841.2684087721,315.83145142,95.08595516798411,88.9353545903738,99.0,98.0,8.411318358,5.33329231,5.758369933484712,2.1295782224601716
POL,Poland,2003,High income,ECS,Europe,38204570.0,12328.9011615853,339.33520508,95.08595516798411,89.5946791670526,99.0,97.0,8.083641109666667,4.837431592,5.82993102922678,2.0898424034132126
POL,Poland,2004,High income,ECS,Europe,38182222.0,13413.0543202274,392.00338745,95.08595516798411,90.2562618468016,99.0,97.0,7.802746831,4.456928828,5.973818231297763,2.0544758295230476
POL,Poland,2005,High income,ECS,Europe,38165445.0,13935.5573148214,465.70019531,98.239082450466,90.9202465624261,99.0,98.0,7.544741897333334,4.113557273,6.1456870714472185,2.020850883196431
POL,Poland,2006,High income,ECS,Europe,38141267.0,15204.8809890545,524.09747314,98.2358209800508,91.5867449958382,99.0,99.0,7.280849731666667,3.802155382,6.263583908482168,1.985247576779968
POL,Poland,2007,High income,ECS,Europe,38120560.0,16833.2346946924,660.92468262,98.2325323124188,92.2555378641252,99.0,98.0,6.985499248,3.493759621,6.495151776987088,1.943836464456835
POL,Poland,2008,High income,ECS,Europe,38125759.0,18372.37645483,892.59698486,98.2292078050967,92.9266483730048,99.0,98.0,6.651593169666668,3.212973081,6.795254873599791,1.8948564003603674
POL,Poland,2009,High income,ECS,Europe,38151603.0,19300.1669900632,759.60577393,98.2259217196512,93.6002677787451,99.0,98.0,6.306042164,2.860320178,6.634115186748543,1.8415082474309945
POL,Poland,2010,High income,ECS,Europe,38042794.0,20990.9122325468,809.19940186,97.6879584408668,94.2762845397447,99.0,98.0,5.974727930333334,2.611965098,6.69728039250616,1.7875385621085942
POL,Poland,2011,High income,ECS,Europe,38063255.0,22808.5055268899,866.09466553,97.1483620185882,94.9547125941391,99.0,98.0,5.673130997333334,2.345242562,6.765148158282539,1.7357411694462992
POL,Poland,2012,High income,ECS,Europe,38063164.0,23728.1456821435,815.1418457,96.6064109843745,95.6349971602727,99.0,98.0,5.414940390000001,2.187174708,6.704588170372039,1.6891618720821129
POL,Poland,2013,High income,ECS,Europe,38040196.0,24433.8914344877,878.08837891,96.0626756426039,96.3180175161036,99.0,98.0,5.203532840333334,2.046314532,6.778885437465924,1.649337787276656
POL,Poland,2014,High income,ECS,Europe,38011735.0,25459.7392273761,911.29815674,95.5170444873157,97.0037037873813,98.0,97.0,5.029493697,1.956841402,6.815966862895589,1.6153193223853866
POL,Poland,2015,High income,ECS,Europe,37986412.0,26988.1069013509,803.95965576,94.9696427851433,97.6921036491612,98.0,96.0,4.883584414666666,1.889376373,6.690792159094338,1.5858794614459069
POL,Poland,2016,High income,ECS,Europe,37970087.0,28359.6927346266,816.08618164,94.4224326184484,98.3831051859455,98.0,96.0,4.756479684333333,1.862968488,6.705744574780277,1.5595078325175118
POL,Poland,2017,High income,ECS,Europe,37974826.0,30170.2818974087,909.57818604,93.8761307350633,98.7966126825203,96.0,94.0,4.637087309333333,1.870540861,6.814079767024021,1.5340864340725493
POL,Poland,2018,High income,ECS,Europe,37974750.0,32345.1066076225,978.73565674,93.3312333762882,98.9554251030336,95.0,93.0,4.525617073666667,1.827041259,6.887282797258366,1.5097539377254505
POL,Poland,2019,High income,ECS,Europe,37965475.0,35882.3655065553,1014.03820801,92.7883142536668,98.9575340330854,95.0,93.0,4.436514463999999,1.799825608,6.922681534127,1.4898690375155976
POL,Poland,2020,High income,ECS,Europe,37515748.0,37089.3004256812,1025.98486328,92.2480567425882,98.9575085375078,94.0,92.0,4.385098045333334,2.949783796,6.934382471046816,1.4782119848292181
POL,Poland,2021,High income,ECS,Europe,36981559.0,41059.5847829682,1183.30236816,91.710929872632,98.9573598717452,94.0,91.0,4.364124881,2.454205664,7.076909161353923,1.473417683739208
POL,Poland,2022,High income,ECS,Europe,36821749.0,46777.5524519162,1219.29125977,91.1776289012676,98.9570843478037,94.0,91.0,4.356002107,1.665228866,7.1068448467504295,1.4715546887712398
PRI,Puerto Rico (US),2000,High income,LCN,Americas,3810605.0,22938.0302267173,1610.73034668,97.2132456329924,97.6257622005571,96.0,95.0,20.469548690625,21.80120361,7.385063630339435,3.018938352074265
PRI,Puerto Rico (US),2001,High income,LCN,Americas,3818774.0,24881.9773781802,1610.73034668,97.3607259079284,97.8050783983287,96.0,95.0,20.469548690625,20.75557867,7.385063630339435,3.018938352074265
PRI,Puerto Rico (US),2002,High income,LCN,Americas,3823701.0,25467.3607199539,1610.73034668,97.5082061828645,97.9843945961003,96.0,95.0,20.469548690625,19.43858113,7.385063630339435,3.018938352074265
PRI,Puerto Rico (US),2003,High income,LCN,Americas,3826095.0,25967.7814815982,1610.73034668,97.6556864578005,98.1637107938719,96.0,95.0,20.469548690625,19.54746595,7.385063630339435,3.018938352074265
PRI,Puerto Rico (US),2004,High income,LCN,Americas,3826878.0,28993.0735148502,1610.73034668,97.8031667327366,98.3430269916435,96.0,95.0,20.469548690625,19.93115145,7.385063630339435,3.018938352074265
PRI,Puerto Rico (US),2005,High income,LCN,Americas,3821362.0,29350.3060557285,1610.73034668,97.9506470076727,98.522343189415,96.0,95.0,20.469548690625,20.24200042,7.385063630339435,3.018938352074265
PRI,Puerto Rico (US),2006,High income,LCN,Americas,3805214.0,29955.5812641396,1610.73034668,98.0981272826087,98.7016593871866,96.0,95.0,20.469548690625,18.82478163,7.385063630339435,3.018938352074265
PRI,Puerto Rico (US),2007,High income,LCN,Americas,3782995.0,30587.9990445374,1610.73034668,98.2456075575448,98.8809755849582,96.0,95.0,20.469548690625,18.45396333,7.385063630339435,3.018938352074265
PRI,Puerto Rico (US),2008,High income,LCN,Americas,3760866.0,30782.4539565628,1610.73034668,98.3930878324808,99.0602917827298,96.0,95.0,20.469548690625,18.14166843,7.385063630339435,3.018938352074265
PRI,Puerto Rico (US),2009,High income,LCN,Americas,3740410.0,30533.6808994165,1610.73034668,98.5405681074169,99.2396079805014,96.0,95.0,20.469548690625,17.56576226,7.385063630339435,3.018938352074265
PRI,Puerto Rico (US),2010,High income,LCN,Americas,3724465.0,30908.7986630853,1610.73034668,98.688048382353,99.418924178273,96.0,95.0,20.469548690625,17.52801053,7.385063630339435,3.018938352074265
PRI,Puerto Rico (US),2011,High income,LCN,Americas,3693464.0,31697.218864709,1610.73034668,98.835528657289,99.5982403760446,96.0,95.0,20.469548690625,17.24569061,7.385063630339435,3.018938352074265
PRI,Puerto Rico (US),2012,High income,LCN,Americas,3661045.0,32077.6178539123,1610.73034668,98.9830089322251,99.7775565738162,96.0,95.0,20.469548690625,16.86693908,7.385063630339435,3.018938352074265
PRI,Puerto Rico (US),2013,High income,LCN,Americas,3631427.0,32279.4000290919,1610.73034668,99.1304892071611,99.9568727715878,96.0,95.0,20.469548690625,15.83413495,7.385063630339435,3.018938352074265
PRI,Puerto Rico (US),2014,High income,LCN,Americas,3585017.0,32391.0670311533,1610.73034668,99.2779694820972,100.0,96.0,95.0,20.469548690625,15.95047457,7.385063630339435,3.018938352074265
PRI,Puerto Rico (US),2015,High income,LCN,Americas,3535167.0,32323.5456459985,1610.73034668,99.4254497570333,100.0,96.0,95.0,20.469548690625,15.15106651,7.385063630339435,3.018938352074265
PRI,Puerto Rico (US),2016,High income,LCN,Americas,3480432.0,32245.8484276651,1610.73034668,99.5729300319693,100.0,96.0,95.0,20.469548690625,15.37008406,7.385063630339435,3.018938352074265
PRI,Puerto Rico (US),2017,High income,LCN,Americas,3410837.0,31866.6160571769,1610.73034668,99.7204103069054,100.0,96.0,95.0,20.469548690625,16.54053257,7.385063630339435,3.018938352074265
PRI,Puerto Rico (US),2018,High income,LCN,Americas,3290690.0,33706.5915157959,1610.73034668,99.8678905818415,100.0,96.0,95.0,20.469548690625,14.01131493,7.385063630339435,3.018938352074265
PRI,Puerto Rico (US),2019,High income,LCN,Americas,3302691.0,36217.7204390287,1610.73034668,100.0,100.0,96.0,95.0,20.469548690625,13.06404842,7.385063630339435,3.018938352074265
PRI,Puerto Rico (US),2020,High income,LCN,Americas,3281590.0,36858.6085217908,1610.73034668,100.0,100.0,96.0,95.0,20.469548690625,10.50316423,7.385063630339435,3.018938352074265
PRI,Puerto Rico (US),2021,High income,LCN,Americas,3262711.0,40559.474811812,1610.73034668,100.0,100.0,96.0,95.0,20.469548690625,49.80808754,7.385063630339435,3.018938352074265
PRI,Puerto Rico (US),2022,High income,LCN,Americas,3220137.0,45327.510192422,1610.73034668,100.0,100.0,96.0,95.0,20.469548690625,55.33395696,7.385063630339435,3.018938352074265
PRK,"Korea, Dem. People's Rep.",2000,Low income,EAS,South-East Asia,23665910.0,10929.3002607587,29.88321209,99.3029365439307,21.08321822098955,56.0,78.0,100.108128274,128.8597807,3.4302063513446237,4.60625088456297
PRK,"Korea, Dem. People's Rep.",2001,Low income,EAS,South-East Asia,23815358.0,10929.3002607587,29.88321209,99.3025425719049,21.08321822098955,62.0,92.0,98.939392166,129.6302417,3.4302063513446237,4.594507462320008
PRK,"Korea, Dem. People's Rep.",2002,Low income,EAS,South-East Asia,23943973.0,10929.3002607587,29.88321209,99.3021526100743,75.1954267554782,64.0,98.0,97.70133092066668,131.3712804,3.4302063513446237,4.581915181480687
PRK,"Korea, Dem. People's Rep.",2003,Low income,EAS,South-East Asia,24090380.0,10929.3002607587,29.88321209,99.3017595191265,75.2058209642884,68.0,95.0,34.49249935266666,76.13101729,3.4302063513446237,3.5407418903326864
PRK,"Korea, Dem. People's Rep.",2004,Low income,EAS,South-East Asia,24254943.0,10929.3002607587,29.88321209,99.2395038400491,75.2163527896403,72.0,95.0,33.76505944866667,77.44453012,3.4302063513446237,3.5194265236847153
PRK,"Korea, Dem. People's Rep.",2005,Low income,EAS,South-East Asia,24396433.0,10929.3002607587,29.88321209,98.8654741695466,75.2267505195982,79.0,96.0,33.265592369,78.11109888,3.4302063513446237,3.5045236006108276
PRK,"Korea, Dem. People's Rep.",2006,Low income,EAS,South-East Asia,24524507.0,10929.3002607587,29.88321209,98.4923401809143,75.2372785852435,89.0,96.0,32.74607866433333,79.78107553,3.4302063513446237,3.488783219472197
PRK,"Korea, Dem. People's Rep.",2007,Low income,EAS,South-East Asia,24646383.0,10929.3002607587,29.88321209,98.1201000899291,75.9237809171583,92.0,99.0,32.36660101566667,80.35574873,3.4302063513446237,3.477127058274898
PRK,"Korea, Dem. People's Rep.",2008,Low income,EAS,South-East Asia,24764618.0,10929.3002607587,29.88321209,97.7487538824727,76.6139843400435,92.0,98.0,30.995103553666667,79.43947526,3.4302063513446237,3.4338292421280294
PRK,"Korea, Dem. People's Rep.",2009,Low income,EAS,South-East Asia,24878332.0,10929.3002607587,29.88321209,97.3801763920386,77.3190361028758,93.0,98.0,29.921847914,78.239858,3.4302063513446237,3.398588913030644
PRK,"Korea, Dem. People's Rep.",2010,Low income,EAS,South-East Asia,24987258.0,10929.3002607587,29.88321209,97.014188853857,78.0324089256356,93.0,99.0,28.628876324,77.13996329,3.4302063513446237,3.3544158701386055
PRK,"Korea, Dem. People's Rep.",2011,Low income,EAS,South-East Asia,25097874.0,10929.3002607587,29.88321209,96.6502023193552,78.7499982089361,94.0,99.0,27.19865435766667,76.34465196,3.4302063513446237,3.303167499933557
PRK,"Korea, Dem. People's Rep.",2012,Low income,EAS,South-East Asia,25211728.0,10929.3002607587,29.88321209,96.2883252948552,79.4722787144222,96.0,99.0,25.667191159666668,75.64329984,3.4302063513446237,3.2452135677689946
PRK,"Korea, Dem. People's Rep.",2013,Low income,EAS,South-East Asia,25329451.0,10929.3002607587,29.88321209,95.9284725238966,80.1989508804153,93.0,99.0,24.076517879666667,74.6834614,3.4302063513446237,3.1812370036579822
PRK,"Korea, Dem. People's Rep.",2014,Low income,EAS,South-East Asia,25451262.0,10929.3002607587,29.88321209,95.5706751338568,80.9301775081677,93.0,99.0,22.597659390666667,72.96945854,3.4302063513446237,3.11784633413017
PRK,"Korea, Dem. People's Rep.",2015,Low income,EAS,South-East Asia,25575350.0,10929.3002607587,29.88321209,95.2148802388595,81.6658106218557,96.0,98.0,21.317677930333332,71.85409972,3.4302063513446237,3.0595366782784104
PRK,"Korea, Dem. People's Rep.",2016,Low income,EAS,South-East Asia,25698326.0,10929.3002607587,29.88321209,94.8621018158696,82.4086074475707,96.0,99.0,20.56940978966667,71.31296058,3.4302063513446237,3.023805010480574
PRK,"Korea, Dem. People's Rep.",2017,Low income,EAS,South-East Asia,25817709.0,10929.3002607587,29.88321209,94.5124525053213,83.1584097748592,97.0,99.0,19.088002438,70.07959884,3.4302063513446237,2.9490599930797767
PRK,"Korea, Dem. People's Rep.",2018,Low income,EAS,South-East Asia,25931147.0,10929.3002607587,29.88321209,94.166236701267,83.9155776338149,97.0,98.0,18.387387384,68.99159005,3.4302063513446237,2.9116649613132872
PRK,"Korea, Dem. People's Rep.",2019,Low income,EAS,South-East Asia,26037632.0,10929.3002607587,29.88321209,93.8236874339691,84.6194920966635,97.0,99.0,17.676033051999998,66.46183158,3.4302063513446237,2.8722096571468083
PRK,"Korea, Dem. People's Rep.",2020,Low income,EAS,South-East Asia,26136312.0,10929.3002607587,29.88321209,93.8438447876847,84.6654650844227,97.0,99.0,17.419612367,66.26748278,3.4302063513446237,2.8575967189953726
PRK,"Korea, Dem. People's Rep.",2021,Low income,EAS,South-East Asia,26232534.0,10929.3002607587,29.88321209,93.8651377109975,84.7140378530296,99.0,99.0,17.419265576333334,71.71771551,3.4302063513446237,2.8575768107384394
PRK,"Korea, Dem. People's Rep.",2022,Low income,EAS,South-East Asia,26328845.0,10929.3002607587,29.88321209,93.8875010138071,84.7650382260713,99.0,99.0,17.693352143000002,66.71418154,3.4302063513446237,2.873188983888776
PRT,Portugal,2000,High income,ECS,Europe,10289898.0,18883.1145969452,995.34210205,99.2296665594465,97.6509233684472,96.0,87.0,7.141929988,9.415924481,6.904090674564052,1.9659830462678656
PRT,Portugal,2001,High income,ECS,Europe,10362722.0,19528.5826120827,1015.54956055,99.2163865594471,97.7681484102338,97.0,90.0,6.5976329006666665,9.19703094,6.924169387954629,1.8867109332874379
PRT,Portugal,2002,High income,ECS,Europe,10419631.0,20356.647299736,1139.4029541,99.2046765501516,97.8834679572702,98.0,93.0,6.041903427666667,8.738868888,7.039136947442037,1.7987190993323843
PRT,Portugal,2003,High income,ECS,Europe,10458821.0,20849.5943833375,1443.37792969,99.1944200706602,97.9973101774028,99.0,96.0,5.505050069,8.460330174,7.275434009371028,1.7056658653194767
PRT,Portugal,2004,High income,ECS,Europe,10483861.0,21475.5711021267,1723.74401855,99.1856102233495,98.1096749031417,95.0,95.0,5.0346568393333335,8.036960399,7.452833923410348,1.6163453687998675
PRT,Portugal,2005,High income,ECS,Europe,10503330.0,22725.2774946084,1814.35449219,99.1782486155744,98.2205201292001,93.0,93.0,4.659951019666667,8.301732813,7.504036040129325,1.5390049372811712
PRT,Portugal,2006,High income,ECS,Europe,10522288.0,24677.2834629922,1857.64526367,99.1723206497846,98.3299181904217,97.0,97.0,4.376772286333334,7.92360848,7.52760314846384,1.4763115318001954
PRT,Portugal,2007,High income,ECS,Europe,10542964.0,25738.0214895961,2112.52880859,99.1678155368085,98.4378342320443,97.0,95.0,4.165324197333334,8.470359805,7.656114250663887,1.4267941110849458
PRT,Portugal,2008,High income,ECS,Europe,10558177.0,26665.8372952939,2391.98120117,99.1647380215386,98.5442996404821,97.0,97.0,4.008519624333334,8.830552924,7.780295232119054,1.3884220021688989
PRT,Portugal,2009,High income,ECS,Europe,10568247.0,26471.9079607159,2346.54199219,99.163049429434,98.649279909145,96.0,95.0,3.889898095333333,9.420631457,7.761124098969288,1.3583829607148108
PRT,Portugal,2010,High income,ECS,Europe,10573100.0,27292.0819531528,2259.30371094,99.1627697149576,98.7528330142709,98.0,96.0,3.797691051,10.00560852,7.723254468609108,1.334393263899721
PRT,Portugal,2011,High income,ECS,Europe,10557560.0,26803.2336904645,2255.96923828,99.1638655691721,98.8549411407512,97.0,97.0,3.724590049,9.530029423,7.721778147251902,1.31495679181541
PRT,Portugal,2012,High income,ECS,Europe,10514844.0,26476.2182777269,1976.91479492,99.166331194383,98.9556231886088,98.0,97.0,3.673447003333333,9.991895018,7.589798434874662,1.301130459223981
PRT,Portugal,2013,High income,ECS,Europe,10457295.0,27966.0874254705,2027.42089844,99.1701146660996,99.0548734178937,98.0,98.0,3.643229248,10.2514633,7.615012886786346,1.2928704444022716
PRT,Portugal,2014,High income,ECS,Europe,10401062.0,28764.5254955042,2056.61474609,99.1752179705085,99.1527262690652,98.0,98.0,3.6285747773333337,10.75706715,7.629302700663226,1.288839947855891
PRT,Portugal,2015,High income,ECS,Europe,10358076.0,29608.0071513956,1787.03759766,99.1816068105742,99.2491933162673,98.0,98.0,3.622875896,11.01034768,7.488873983286428,1.2872681568410087
PRT,Portugal,2016,High income,ECS,Europe,10325452.0,31589.2695609552,1870.31848145,99.1892660271038,99.3443014964216,98.0,98.0,3.6119775266666663,12.1551335,7.534398531697464,1.2842554136823008
PRT,Portugal,2017,High income,ECS,Europe,10300300.0,32970.8395386562,1991.32263184,99.1981706237111,99.43806801438,98.0,98.0,3.581620210666667,13.47288516,7.597056388804928,1.2758152708443404
PRT,Portugal,2018,High income,ECS,Europe,10283822.0,34896.7993382974,2206.71240234,99.2082778688964,99.5305100855018,99.0,99.0,3.524639767,14.00161571,7.699712146349978,1.2597782372832287
PRT,Portugal,2019,High income,ECS,Europe,10286263.0,37865.5603564295,2209.50219727,99.2195921254353,99.6200248701138,99.0,99.0,3.4497335653333336,14.65165084,7.700975007280733,1.2382970006214626
PRT,Portugal,2020,High income,ECS,Europe,10297081.0,35966.712796561,2328.35571289,99.2320711795606,99.6529221881304,99.0,99.0,3.3667085733333333,13.6325314,7.753346990248613,1.2139355826263867
PRT,Portugal,2021,High income,ECS,Europe,10361831.0,38657.6677223425,2764.04296875,99.2456792845516,99.6623109186367,99.0,98.0,3.2849618153333338,18.76944645,7.924811454070769,1.1893550279217804
PRT,Portugal,2022,High income,ECS,Europe,10434332.0,45250.0148759865,2600.56665039,99.260406703221,99.6612544387821,99.0,98.0,3.215609880666667,16.1946788,7.863869100386796,1.1680170381957284
PRY,Paraguay,2000,Upper middle income,LCN,Americas,5100868.0,6937.1767197553,104.49077606,76.3911610414799,70.767087190756,86.0,92.0,33.623812087875,206.7616844,4.658623518382933,3.5152345090563104
PRY,Paraguay,2001,Upper middle income,LCN,Americas,5187689.0,6916.4933075016,91.8441391,77.7732253839347,72.0502385165428,89.0,90.0,32.868077038375,206.8548616,4.53092216356625,3.4925018839378934
PRY,Paraguay,2002,Upper middle income,LCN,Americas,5261328.0,6924.18334927644,65.0742569,79.1178795847731,73.3060100380697,87.0,86.0,32.154133807875,205.5111329,4.190779214116103,3.470541021201133
PRY,Paraguay,2003,Upper middle income,LCN,Americas,5326436.0,7275.93316008991,70.85758209,80.3547889975801,74.4672620916261,86.0,91.0,31.38866672875,202.9977093,4.2746861336102375,3.446446895557088
PRY,Paraguay,2004,Upper middle income,LCN,Americas,5388175.0,7685.65814789972,88.10053253,81.5575917746236,75.6031403142363,92.0,91.0,30.63898409125,198.8805899,4.48976531122658,3.4222731880319124
PRY,Paraguay,2005,Upper middle income,LCN,Americas,5448097.0,8006.7097816731,95.1805954,82.7470465879878,76.728771501701,96.0,91.0,29.865127926125,194.0304245,4.566227626306546,3.396691509654921
PRY,Paraguay,2006,Upper middle income,LCN,Americas,5505148.0,8560.73925135464,122.45078278,83.9229047552195,77.8439277858393,98.0,91.0,29.085360329125,186.484861,4.815842556637833,3.370234966116137
PRY,Paraguay,2007,Upper middle income,LCN,Americas,5559386.0,9178.94421589024,161.25285339,85.0852532199197,78.9486876932809,95.0,91.0,28.294120609125,176.8962673,5.089155941808605,3.342654030737949
PRY,Paraguay,2008,Upper middle income,LCN,Americas,5613574.0,9867.39695343742,220.90351868,86.2343916183711,80.0433396656403,89.0,91.0,27.48663976475,165.8215108,5.402242686865553,3.313700059884116
PRY,Paraguay,2009,Upper middle income,LCN,Americas,5671236.0,9801.649331069,217.7858429,87.3701346043735,81.1277039466521,86.0,91.0,26.650016255,152.0733696,5.388093365072388,3.2827897605553824
PRY,Paraguay,2010,Upper middle income,LCN,Americas,5737971.0,10893.3149199478,258.43127441,88.4925524343049,82.2018433166323,91.0,93.0,25.8980193555,135.9873396,5.558491829032926,3.2541664930206835
PRY,Paraguay,2011,Upper middle income,LCN,Americas,5814626.0,11441.7636772255,337.81317139,89.6017300612008,83.2658343869198,92.0,91.0,25.0807404055,120.2835068,5.825448838616085,3.2221002370793603
PRY,Paraguay,2012,Upper middle income,LCN,Americas,5897008.0,10954.3251570137,368.7868042,90.6978954700582,84.3199132953919,91.0,88.0,24.387694729125,99.71233629,5.912926634703585,3.1940786907097656
PRY,Paraguay,2013,Upper middle income,LCN,Americas,5982445.0,12137.0081947562,391.80084229,91.7766282217671,85.3589778746888,91.0,88.0,23.66226744775,83.61236479,5.973302720800822,3.163881688605478
PRY,Paraguay,2014,Upper middle income,LCN,Americas,6069811.0,12607.0721636671,440.85821533,92.8421252536178,86.387257170265,93.0,84.0,22.939506461375,70.4038452,6.090989050820474,3.132860597144374
PRY,Paraguay,2015,Upper middle income,LCN,Americas,6159103.0,12679.0574753234,393.42440796,93.8962871621524,87.4068345992566,92.0,78.0,22.178625116625,63.68523867,5.977427507121918,3.0991289924727363
PRY,Paraguay,2016,Upper middle income,LCN,Americas,6249126.0,13329.1373366354,385.52297974,94.939272291061,88.4178947324525,92.0,85.0,21.463976422625,59.62664966,5.95719132224969,3.0663760146613424
PRY,Paraguay,2017,Upper middle income,LCN,Americas,6338660.0,13977.3427788671,406.60488892,95.9709683490468,89.4202504452198,91.0,92.0,20.75161742375,58.41089145,6.010298295682918,3.03262419177144
PRY,Paraguay,2018,Upper middle income,LCN,Americas,6427382.0,14139.0931267568,422.13101196,96.9920505649968,90.415146711899,88.0,93.0,20.0613084875,57.68947354,6.047681852038274,2.9987930090954245
PRY,Paraguay,2019,Upper middle income,LCN,Americas,6515058.0,14149.598522753,416.84432983,98.0247086553271,91.4154881056866,86.0,87.0,19.395748213125,57.57453848,6.035108946485804,2.9650538777773767
PRY,Paraguay,2020,Upper middle income,LCN,Americas,6603739.0,14308.8787738305,411.81765747,99.046227094695,92.4079453626308,79.0,80.0,18.81082022475,68.64984744,6.02300598813141,2.9344322481437337
PRY,Paraguay,2021,Upper middle income,LCN,Americas,6684182.0,15406.1670646576,480.11322021,99.3305060939918,93.3920477799252,70.0,68.0,18.1892163375,139.9223973,6.176102627459022,2.9008289095513953
PRY,Paraguay,2022,Upper middle income,LCN,Americas,6760464.0,16347.0434974776,480.02862549,99.5179999015782,94.2434679233291,69.0,54.0,17.565153399125,77.71228479,6.175926780788188,2.865917018906243
PSE,West Bank and Gaza,2000,Lower middle income,MEA,Eastern Mediterranean,2922153.0,2782.51388482361,129.54533386,92.3932690944566,90.2843720055734,93.0,93.0,30.31093849975,58.87914508,4.871720552338619,3.4115086539605315
PSE,West Bank and Gaza,2001,Lower middle income,MEA,Eastern Mediterranean,2997784.0,2515.15452938217,127.37930298,92.8828468337993,90.3396200979111,97.0,98.0,29.3838808985,60.22732572,4.854989186518527,3.380446255231858
PSE,West Bank and Gaza,2002,Lower middle income,MEA,Eastern Mediterranean,3075373.0,2178.86306478836,118.22906494,93.3711212063226,90.3948305962946,97.0,94.0,28.501788613,57.80682878,4.781046558297982,3.3499668436562593
PSE,West Bank and Gaza,2003,Lower middle income,MEA,Eastern Mediterranean,3154969.0,2469.37980394625,111.62216187,93.8579862818772,90.4499080847933,98.0,99.0,27.6561914305,56.33591998,4.724038515788561,3.3198496244387288
PSE,West Bank and Gaza,2004,Lower middle income,MEA,Eastern Mediterranean,3236626.0,3013.73941946893,150.72610474,94.343564925414,90.935395618891,96.0,96.0,26.830066022625,55.18899687,5.02207695289495,3.2895231252106885
PSE,West Bank and Gaza,2005,Lower middle income,MEA,Eastern Mediterranean,3320396.0,3371.90248033402,158.43028259,94.8277543650199,91.4202595193558,96.0,98.0,26.001413365375,51.84733363,5.071606726919741,3.25815089675075
PSE,West Bank and Gaza,2006,Lower middle income,MEA,Eastern Mediterranean,3406334.0,3354.42846587081,154.09745789,95.3106208970364,91.9045563015934,96.0,99.0,25.161394886375,50.84527151,5.044053679912777,3.225310870930401
PSE,West Bank and Gaza,2007,Lower middle income,MEA,Eastern Mediterranean,3494496.0,3485.61271825977,149.22294617,95.7922178892891,92.3883325224338,99.0,98.0,24.33106616375,49.15470646,5.012120498434072,3.1917539767868215
PSE,West Bank and Gaza,2008,Lower middle income,MEA,Eastern Mediterranean,3591977.0,3713.1321585765,200.96418762,96.2724627426521,92.8715067384258,96.0,96.0,23.5330316895,49.37672956,5.3080903926737495,3.15840503802231
PSE,West Bank and Gaza,2009,Lower middle income,MEA,Eastern Mediterranean,3689099.0,3950.27978346055,221.97026062,96.7516575429854,93.3543676724512,97.0,97.0,22.741111808,47.87366128,5.407038402118393,3.12417437929959
PSE,West Bank and Gaza,2010,Lower middle income,MEA,Eastern Mediterranean,3786161.0,4120.86066344952,219.44699097,97.2297787451688,93.8369024914522,99.0,98.0,21.960757964625,42.03863048,5.395657262221111,3.089257131738983
PSE,West Bank and Gaza,2011,Lower middle income,MEA,Eastern Mediterranean,3882986.0,4494.7313227255,308.36453247,97.706730631295,94.3190277945478,99.0,99.0,21.1825993475,38.70891413,5.734520298310153,3.0531800591538376
PSE,West Bank and Gaza,2012,Lower middle income,MEA,Eastern Mediterranean,3979998.0,5214.64865399127,298.34082031,98.182466002808,94.800706660906,97.0,98.0,20.43088478175,35.57409225,5.701582791492784,3.017047715857994
PSE,West Bank and Gaza,2013,Lower middle income,MEA,Eastern Mediterranean,4076708.0,5287.84746119629,327.25717163,98.5793947721918,95.2818879253375,99.0,99.0,19.689985078625,31.70226004,5.793797361017355,2.9801101348358663
PSE,West Bank and Gaza,2014,Lower middle income,MEA,Eastern Mediterranean,4173398.0,5381.63690987475,314.27474976,98.968060270875,95.7625423734235,99.0,99.0,22.022769020875,29.46830104,5.753444480121855,3.0920768736554347
PSE,West Bank and Gaza,2015,Lower middle income,MEA,Eastern Mediterranean,4270092.0,5769.98236633203,286.91394043,99.2037493504784,96.2425962734405,99.0,99.0,18.247636581875,25.69981915,5.662661617529577,2.9040355692793316
PSE,West Bank and Gaza,2016,Lower middle income,MEA,Eastern Mediterranean,4367088.0,6062.23274844577,299.4125061,99.3094975837185,96.7220200053128,99.0,99.0,17.558806740125,22.93751491,5.705156550514758,2.865555632602198
PSE,West Bank and Gaza,2017,Lower middle income,MEA,Eastern Mediterranean,4454805.0,6106.64574037122,310.2114563,99.2241825771885,97.2007822905197,99.0,99.0,16.923890111375,20.75398322,5.740472604929986,2.828726239772158
PSE,West Bank and Gaza,2018,Lower middle income,MEA,Eastern Mediterranean,4569087.0,6215.81647317396,324.02166748,99.1372582782546,97.6788204548577,99.0,99.0,16.306511573875,19.33006557,5.783891849276678,2.7915645111004195
PSE,West Bank and Gaza,2019,Lower middle income,MEA,Eastern Mediterranean,4685306.0,6508.44835080318,317.45007324,99.0486719868248,98.156123198693,99.0,99.0,15.7296983635,17.69429976,5.7634657068063575,2.755550541012201
PSE,West Bank and Gaza,2020,Lower middle income,MEA,Eastern Mediterranean,4803269.0,5956.28620064819,314.82254028,98.9584055042094,98.6215954059263,98.0,99.0,15.193903327875,19.52320615,5.755180474448616,2.7208942505410443
PSE,West Bank and Gaza,2021,Lower middle income,MEA,Eastern Mediterranean,4922749.0,5663.12160743584,364.4173584,98.8663957531696,99.0621470403227,95.0,98.0,14.667679528125,28.51120699,5.901040148015351,2.685646401601502
PSE,West Bank and Gaza,2022,Lower middle income,MEA,Eastern Mediterranean,5043612.0,6163.24897837613,350.63812256,98.7809438464901,99.3771389277401,98.0,97.0,14.172798218625,16.61075522,5.8626025858719215,2.6513245090570328
PYF,French Polynesia,2000,High income,EAS,Western Pacific,240337.0,10929.3002607587,1610.73034668,100.0,97.7746162663413,96.0,95.0,20.469548690625,10.015977665,7.385063630339435,3.018938352074265
PYF,French Polynesia,2001,High income,EAS,Western Pacific,244097.0,10929.3002607587,1610.73034668,100.0,97.763585986455,96.0,95.0,20.469548690625,10.015977665,7.385063630339435,3.018938352074265
PYF,French Polynesia,2002,High income,EAS,Western Pacific,247775.0,10929.3002607587,1610.73034668,100.0,97.7525557065687,96.0,95.0,20.469548690625,10.015977665,7.385063630339435,3.018938352074265
PYF,French Polynesia,2003,High income,EAS,Western Pacific,251637.0,10929.3002607587,1610.73034668,100.0,97.7415254266824,96.0,95.0,20.469548690625,10.015977665,7.385063630339435,3.018938352074265
PYF,French Polynesia,2004,High income,EAS,Western Pacific,255654.0,10929.3002607587,1610.73034668,100.0,97.7304951467961,96.0,95.0,20.469548690625,10.015977665,7.385063630339435,3.018938352074265
PYF,French Polynesia,2005,High income,EAS,Western Pacific,259507.0,10929.3002607587,1610.73034668,100.0,97.7194648669098,96.0,95.0,20.469548690625,10.015977665,7.385063630339435,3.018938352074265
PYF,French Polynesia,2006,High income,EAS,Western Pacific,263223.0,10929.3002607587,1610.73034668,100.0,97.7084345870236,96.0,95.0,20.469548690625,10.015977665,7.385063630339435,3.018938352074265
PYF,French Polynesia,2007,High income,EAS,Western Pacific,266438.0,10929.3002607587,1610.73034668,100.0,97.6974043071373,96.0,95.0,20.469548690625,10.015977665,7.385063630339435,3.018938352074265
PYF,French Polynesia,2008,High income,EAS,Western Pacific,268379.0,10929.3002607587,1610.73034668,100.0,97.686374027251,96.0,95.0,20.469548690625,10.015977665,7.385063630339435,3.018938352074265
PYF,French Polynesia,2009,High income,EAS,Western Pacific,269481.0,10929.3002607587,1610.73034668,100.0,97.6753437473647,96.0,95.0,20.469548690625,10.015977665,7.385063630339435,3.018938352074265
PYF,French Polynesia,2010,High income,EAS,Western Pacific,270580.0,10929.3002607587,1610.73034668,100.0,97.6643134674784,96.0,95.0,20.469548690625,10.015977665,7.385063630339435,3.018938352074265
PYF,French Polynesia,2011,High income,EAS,Western Pacific,271727.0,10929.3002607587,1610.73034668,100.0,97.6532831875921,96.0,95.0,20.469548690625,10.015977665,7.385063630339435,3.018938352074265
PYF,French Polynesia,2012,High income,EAS,Western Pacific,273084.0,10929.3002607587,1610.73034668,100.0,97.6422529077059,96.0,95.0,20.469548690625,10.015977665,7.385063630339435,3.018938352074265
PYF,French Polynesia,2013,High income,EAS,Western Pacific,274728.0,10929.3002607587,1610.73034668,100.0,97.6312226278196,96.0,95.0,20.469548690625,10.015977665,7.385063630339435,3.018938352074265
PYF,French Polynesia,2014,High income,EAS,Western Pacific,276387.0,10929.3002607587,1610.73034668,100.0,97.6201923479333,96.0,95.0,20.469548690625,10.015977665,7.385063630339435,3.018938352074265
PYF,French Polynesia,2015,High income,EAS,Western Pacific,277866.0,10929.3002607587,1610.73034668,100.0,97.609162068047,96.0,95.0,20.469548690625,10.015977665,7.385063630339435,3.018938352074265
PYF,French Polynesia,2016,High income,EAS,Western Pacific,279178.0,10929.3002607587,1610.73034668,100.0,97.5981317881607,96.0,95.0,20.469548690625,10.015977665,7.385063630339435,3.018938352074265
PYF,French Polynesia,2017,High income,EAS,Western Pacific,280087.0,10929.3002607587,1610.73034668,100.0,97.5871015082744,96.0,95.0,20.469548690625,10.015977665,7.385063630339435,3.018938352074265
PYF,French Polynesia,2018,High income,EAS,Western Pacific,279815.0,10929.3002607587,1610.73034668,100.0,97.5760712283881,96.0,95.0,20.469548690625,10.015977665,7.385063630339435,3.018938352074265
PYF,French Polynesia,2019,High income,EAS,Western Pacific,279034.0,10929.3002607587,1610.73034668,100.0,97.5650409485018,96.0,95.0,20.469548690625,10.015977665,7.385063630339435,3.018938352074265
PYF,French Polynesia,2020,High income,EAS,Western Pacific,279209.0,10929.3002607587,1610.73034668,100.0,97.5540106686156,96.0,95.0,20.469548690625,10.015977665,7.385063630339435,3.018938352074265
PYF,French Polynesia,2021,High income,EAS,Western Pacific,279792.0,10929.3002607587,1610.73034668,100.0,97.5429803887293,96.0,95.0,20.469548690625,10.015977665,7.385063630339435,3.018938352074265
PYF,French Polynesia,2022,High income,EAS,Western Pacific,280378.0,10929.3002607587,1610.73034668,100.0,97.531950108843,96.0,95.0,20.469548690625,10.015977665,7.385063630339435,3.018938352074265
QAT,Qatar,2000,High income,MEA,Eastern Mediterranean,644989.0,88848.7013764883,553.08605957,99.9029247892536,99.9365492602027,80.0,91.0,12.462339782,11.46108552,6.317320016867051,2.5227112791972934
QAT,Qatar,2001,High income,MEA,Eastern Mediterranean,677925.0,89804.935426346,598.73602295,99.9029247892536,99.9365492602027,93.0,92.0,12.002480674,11.62269067,6.396489596654579,2.485113351257113
QAT,Qatar,2002,High income,MEA,Eastern Mediterranean,711205.0,93176.5306735223,668.85986328,99.9029247892536,99.9365492602027,96.0,99.0,11.564339433333332,11.19381338,6.507068531224576,2.447926176311814
QAT,Qatar,2003,High income,MEA,Eastern Mediterranean,744682.0,94120.3668317771,1115.45336914,99.9029247892536,99.9365492602027,92.0,93.0,11.149878067,10.87371172,7.017912305195304,2.4114285621512654
QAT,Qatar,2004,High income,MEA,Eastern Mediterranean,773332.0,110957.828211099,1261.61999512,99.9029247892536,99.9365492602027,96.0,99.0,10.764900176,10.72436582,7.140944202272569,2.3762908577589332
QAT,Qatar,2005,High income,MEA,Eastern Mediterranean,825408.0,115250.402334132,1386.015625,99.9029247892536,99.9365492602027,97.0,99.0,10.413993075,10.68349665,7.234909685572215,2.343150389770254
QAT,Qatar,2006,High income,MEA,Eastern Mediterranean,972831.0,127180.710199783,1378.9296875,99.9029247892536,99.9365492602027,96.0,99.0,10.096502901666666,9.826105739,7.229787825766243,2.3121891165300203
QAT,Qatar,2007,High income,MEA,Eastern Mediterranean,1208595.0,124055.682467084,1301.49682617,99.9029247892536,99.9365489991929,94.0,92.0,9.811367048,9.031963749,7.172038336902864,2.283541616366066
QAT,Qatar,2008,High income,MEA,Eastern Mediterranean,1426938.0,126015.024327928,1292.60046387,99.9029247892536,99.9365487381809,97.0,96.0,9.551354792,8.732760836,7.165184666851268,2.256683007467679
QAT,Qatar,2009,High income,MEA,Eastern Mediterranean,1608903.0,125897.62504715,1325.43005371,99.9090710287163,99.9365484771668,99.0,99.0,9.31321362,8.033815119,7.190246442228983,2.2314342111052943
QAT,Qatar,2010,High income,MEA,Eastern Mediterranean,1616832.0,151646.145163851,1309.79272461,99.915217268179,99.9365482161506,97.0,99.0,9.092965409666666,7.619133118,7.178387366465954,2.207501082674808
QAT,Qatar,2011,High income,MEA,Eastern Mediterranean,1624761.0,174619.917706815,1482.28308105,99.9213635076417,99.9365479551322,93.0,98.0,8.879419965333334,7.199209094,7.302013207974485,2.1837362356514665
QAT,Qatar,2012,High income,MEA,Eastern Mediterranean,1722438.0,180939.439450305,1712.67089844,99.9275097471044,99.9365476941116,92.0,97.0,8.659184532,6.767351411,7.446393072810528,2.1586205532444778
QAT,Qatar,2013,High income,MEA,Eastern Mediterranean,1916426.0,169203.349850341,2029.8659668,99.9336559865671,99.9365474330889,97.0,97.0,8.421789425,6.459640673,7.616217565705019,2.1308223264587407
QAT,Qatar,2014,High income,MEA,Eastern Mediterranean,2151745.0,148389.2001335,2252.4140625,99.9398022260297,99.9365471720641,89.0,99.0,8.152381382,6.122829389,7.720201706280399,2.0983100786828155
QAT,Qatar,2015,High income,MEA,Eastern Mediterranean,2344557.0,102545.863291279,2422.64453125,99.9459484654924,99.9365469110371,99.0,99.0,7.849954631666667,5.713786742,7.793027690911772,2.060507752372096
QAT,Qatar,2016,High income,MEA,Eastern Mediterranean,2477113.0,89934.66888248,2072.06103516,99.9520947049551,99.936546650008,98.0,99.0,7.526553492000001,5.39597299,7.636781554915997,2.018437233447886
QAT,Qatar,2017,High income,MEA,Eastern Mediterranean,2545820.0,99358.3733880435,1911.95361328,99.9582409444178,99.9365463889767,97.0,99.0,7.20616773,5.074054187,7.556403720991531,1.9749372884913126
QAT,Qatar,2018,High income,MEA,Eastern Mediterranean,2580734.0,110032.839882747,1966.55712891,99.9643871838805,99.9365461279432,98.0,99.0,6.905514036666666,4.80923316,7.584548016164804,1.9323202282130456
QAT,Qatar,2019,High income,MEA,Eastern Mediterranean,2638657.0,107502.567853627,2007.51525879,99.9705334233432,99.9365458669077,98.0,99.0,6.643795659666666,4.53941853,7.605151050877773,1.8936834356589796
QAT,Qatar,2020,High income,MEA,Eastern Mediterranean,2794148.0,82149.4569875883,1967.15197754,99.9766796628058,99.9365456058699,89.0,90.0,6.429984188,6.302965698,7.5848502989903075,1.8609720791485262
QAT,Qatar,2021,High income,MEA,Eastern Mediterranean,2504910.0,116832.656941972,1847.00231934,99.9828259022685,99.9365453448301,98.0,99.0,6.261135535666667,7.089849514,7.521860507254955,1.834361564135746
QAT,Qatar,2022,High income,MEA,Eastern Mediterranean,2657333.0,122920.54329029,1781.50390625,99.9889721417312,99.936545083788,98.0,99.0,6.1228561500000005,8.01817433,7.48577434373065,1.8120286788342483
ROU,Romania,2000,High income,ECS,Europe,22442971.0,5850.08487880703,69.89345551,99.9999987242735,98.89632012252255,99.0,98.0,21.53746282233333,45.24842339,4.261178123353791,3.0697938756695438
ROU,Romania,2001,High income,ECS,Europe,22131970.0,6519.8885795129,78.8175354,99.9999999643589,74.1221850215514,99.0,98.0,20.59915081766667,40.81347412,4.379743222170695,3.0252498525025016
ROU,Romania,2002,High income,ECS,Europe,21730496.0,7162.29382627668,96.57698822,100.0,74.0945506298244,98.0,98.0,20.074446315,38.07128147,4.580641689184987,2.9994476786305495
ROU,Romania,2003,High income,ECS,Europe,21574326.0,7559.41625051161,143.54553223,100.0,74.1452194428032,97.0,97.0,19.83666679233333,35.42811086,4.973594559856013,2.9875320833237207
ROU,Romania,2004,High income,ECS,Europe,21451748.0,8989.31783804604,190.7950592,100.0,74.1955058645708,97.0,97.0,19.355701207666662,32.39281405,5.256427401950699,2.9629870121342368
ROU,Romania,2005,High income,ECS,Europe,21319685.0,9602.1244037474,254.52961731,99.9999985637019,74.2457870285484,97.0,97.0,18.17625595133333,29.89098381,5.543338321947195,2.9001161242691116
ROU,Romania,2006,High income,ECS,Europe,21193760.0,11554.0792439124,291.00408936,99.9999973631177,75.1835159880533,97.0,95.0,16.582732999666664,26.67134154,5.676767806827752,2.8083619732560936
ROU,Romania,2007,High income,ECS,Europe,20882982.0,13702.7537733519,415.06790161,99.9999991390449,76.118166846837,96.0,97.0,15.085402652666668,24.81144362,6.030848471965546,2.7137275645097922
ROU,Romania,2008,High income,ECS,Europe,20537875.0,16782.0334884689,521.31561279,100.0,77.0497373536879,96.0,96.0,13.927395309333331,24.67949719,6.258272027375344,2.6338577860533725
ROU,Romania,2009,High income,ECS,Europe,20367487.0,16640.7951853094,449.37692261,99.9999988230142,77.9782248834449,95.0,96.0,13.048185888333334,24.5150267,6.110084837968388,2.5686491117173347
ROU,Romania,2010,High income,ECS,Europe,20246871.0,17354.6748476713,472.20751953,99.999996291155,78.9036342216492,94.0,95.0,12.365575443,22.97816869,6.159534022785244,2.5149164379414684
ROU,Romania,2011,High income,ECS,Europe,20147528.0,18803.8678810861,426.59973145,100.0,79.8259688450856,89.0,93.0,11.782295636666667,19.9766199,6.058187551110469,2.4665980350157777
ROU,Romania,2012,High income,ECS,Europe,20058035.0,19807.5984490026,401.67105103,100.0,80.7099325881725,91.0,94.0,11.183111581333334,19.09190959,5.99811997808691,2.4144047457601414
ROU,Romania,2013,High income,ECS,Europe,19983693.0,19678.1108930755,495.23623657,99.9999994937801,81.5787881318127,92.0,92.0,10.522315327,17.51955661,6.207052096745245,2.3534982712115977
ROU,Romania,2014,High income,ECS,Europe,19908979.0,20632.9924390362,503.34753418,100.0,82.4485173692872,94.0,89.0,9.840561048333331,17.81073635,6.223265582384104,2.2865127265457943
ROU,Romania,2015,High income,ECS,Europe,19815616.0,21624.5618152909,442.24038696,99.9999977589851,83.3255001952095,89.0,86.0,9.177478109,17.64792428,6.094112257093644,2.216752451095896
ROU,Romania,2016,High income,ECS,Europe,19702267.0,23905.1743665679,476.24505615,99.99999889392,84.2094124497179,89.0,86.0,8.527886645,17.16658001,6.168030103516057,2.143341575238525
ROU,Romania,2017,High income,ECS,Europe,19588715.0,26943.3085419885,555.11309814,99.9999969050607,85.0986005989272,82.0,87.0,7.870842114333333,16.64921235,6.320971687485639,2.0631650597967996
ROU,Romania,2018,High income,ECS,Europe,19473970.0,29382.7567479407,687.15411377,100.0,85.9929537766502,86.0,90.0,7.243450367,15.40139999,6.534012815421188,1.9800976629018203
ROU,Romania,2019,High income,ECS,Europe,19371648.0,33425.326172666,738.5581665,99.9999999599391,86.8911090946585,88.0,90.0,6.775609199000001,14.05002078,6.606052935582271,1.91332928139491
ROU,Romania,2020,High income,ECS,Europe,19265250.0,34193.8374521868,809.58880615,99.9999987108397,87.7922191507809,87.0,87.0,6.5593175163333335,15.80411574,6.697760904760097,1.8808865603994496
ROU,Romania,2021,High income,ECS,Europe,19122059.0,37534.1559176911,963.01287842,100.0,88.6956428751098,86.0,86.0,6.534844192333334,19.69603942,6.871104653878157,1.8771485047618652
ROU,Romania,2022,High income,ECS,Europe,19048502.0,41979.2586767087,902.2677002,100.0,89.6004899502368,85.0,83.0,6.582417743000001,12.79395988,6.806018965960852,1.8844021159942586
RUS,Russian Federation,2000,High income,ECS,Europe,146596869.0,6825.3916015625,95.20859528,96.4118385935672,98.89632012252255,96.0,97.0,19.33959644933333,50.99687931,4.566518701705312,2.962154623692315
RUS,Russian Federation,2001,High income,ECS,Europe,145976482.0,7361.36376953125,117.87785339,96.4115548229706,98.89632012252255,96.0,97.0,18.367562954,48.2052895,4.778096523858237,2.910586225973415
RUS,Russian Federation,2002,High income,ECS,Europe,145306497.0,8037.474609375,140.05729675,96.4240617687704,81.6606940878558,97.0,98.0,17.262769520666666,46.57861177,4.94916616776541,2.8485521316861804
RUS,Russian Federation,2003,High income,ECS,Europe,144648618.0,9254.537109375,163.31135559,96.4392520827246,81.6655198787968,96.0,98.0,16.090408092999997,44.80460102,5.101763137627504,2.778223323827463
RUS,Russian Federation,2004,High income,ECS,Europe,144067316.0,10226.7666015625,207.61283875,96.4554492200494,81.6723116501913,97.0,98.0,14.926571148666667,40.9459615,5.340480087892279,2.7031429233306175
RUS,Russian Federation,2005,High income,ECS,Europe,143518814.0,11822.3466796875,270.1439209,96.471709178474,81.6791040024383,98.0,99.0,13.826872158,38.06466868,5.602649753341848,2.626613956540349
RUS,Russian Federation,2006,High income,ECS,Europe,143049637.0,14912.234375,350.84014893,96.4880294929915,81.6858939304323,98.0,99.0,12.828733258666666,31.86740602,5.863176950095356,2.5516874409913886
RUS,Russian Federation,2007,High income,ECS,Europe,142805114.0,16648.2421875,459.60296631,96.5044115144395,82.2454451048795,98.0,99.0,11.950951442333334,28.69368452,6.132536427465717,2.480810893813427
RUS,Russian Federation,2008,High income,ECS,Europe,142742366.0,20163.609375,606.77508545,96.5208597996727,82.8056855793495,98.0,99.0,11.238143399,26.56262547,6.409804888280234,2.4193136527972414
RUS,Russian Federation,2009,High income,ECS,Europe,142785348.0,19389.94140625,513.91033936,96.5372935100773,83.3664393165315,98.0,98.0,10.724216239,23.68300196,6.243992787176765,2.3725043841950395
RUS,Russian Federation,2010,High income,ECS,Europe,142849468.0,20490.126953125,564.30065918,96.5538627864381,83.92804330417,97.0,98.0,10.391214044,22.94340933,6.337357729751678,2.34096064563824
RUS,Russian Federation,2011,High income,ECS,Europe,143018195.0,22789.54296875,681.04345703,96.5704996927268,84.4903383941057,97.0,98.0,10.133201475666668,19.49918745,6.525093375798767,2.3158173073896693
RUS,Russian Federation,2012,High income,ECS,Europe,143378447.0,24273.517578125,755.48553467,96.5883061212066,85.0560724272836,97.0,98.0,9.845190073,17.70813118,6.628683411657623,2.2869830184562687
RUS,Russian Federation,2013,High income,ECS,Europe,143805638.0,26019.7265625,805.52130127,96.6072317213123,85.6253629696735,97.0,98.0,9.451355291,16.40045847,6.692730309206554,2.2461581482594486
RUS,Russian Federation,2014,High income,ECS,Europe,144237223.0,25688.2265625,736.32177734,96.6274699098944,86.1989352053169,97.0,98.0,8.908808220333333,15.78710859,6.603024401165945,2.1870404749980343
RUS,Russian Federation,2015,High income,ECS,Europe,144640716.0,23994.013671875,496.94955444,96.6488882039926,86.7766922089747,97.0,98.0,8.232074192,14.79449314,6.210498775588615,2.10803801112476
RUS,Russian Federation,2016,High income,ECS,Europe,145015460.0,24012.40234375,463.29275513,96.6715881856809,87.3591528902794,97.0,98.0,7.530459285333333,13.74824055,6.140515291048868,2.0189560340199115
RUS,Russian Federation,2017,High income,ECS,Europe,145293260.0,25777.904296875,577.06811523,96.6956032384839,87.9466409875352,97.0,98.0,6.886781912666667,12.25271779,6.359691708147719,1.9296039095397008
RUS,Russian Federation,2018,High income,ECS,Europe,145398106.0,28628.5625,606.11401367,96.7208870647795,88.5392414303968,97.0,98.0,6.320936543666666,12.02799622,6.40871660483819,1.8438673844691438
RUS,Russian Federation,2019,High income,ECS,Europe,145453291.0,30963.853515625,650.47058105,96.7474557360286,89.1372417555839,97.0,98.0,5.828346980333333,11.75002721,6.479232239827775,1.7627334233371963
RUS,Russian Federation,2020,High income,ECS,Europe,145245148.0,31490.8046875,814.94451904,96.7753426009288,89.7409453652069,97.0,97.0,5.405004841333334,18.78881218,6.70434636128004,1.6873253468046157
RUS,Russian Federation,2021,High income,ECS,Europe,144746762.0,38638.4296875,881.74395752,96.8045794762189,90.3506542509722,97.0,97.0,5.043452936,20.56877781,6.783035189721347,1.6180909538542634
RUS,Russian Federation,2022,High income,ECS,Europe,144236933.0,40938.98828125,1082.82104492,96.8350937043226,90.9663797021895,97.0,97.0,4.740332953333334,13.00374773,6.988248080658938,1.5561073765593074
RWA,Rwanda,2000,Low income,SSF,Africa,8213931.0,609.265855545553,9.00399399,47.5705840769265,43.8876413678193,90.0,74.0,184.806355371875,885.2350631,2.302984412255496,5.2193085491566915
RWA,Rwanda,2001,Low income,SSF,Africa,8287094.0,669.875436350145,7.86746025,48.3703423230961,45.6902028796929,77.0,69.0,166.69415196625,769.0452939,2.1823884249941887,5.116160707955126
RWA,Rwanda,2002,Low income,SSF,Africa,8400180.0,759.662612911492,7.32393837,49.1857227790083,47.4611936352188,88.0,69.0,149.330361503,677.2326797,2.11913550461162,5.0061610428993015
RWA,Rwanda,2003,Low income,SSF,Africa,8586875.0,774.508237332335,17.25927353,49.7561626350801,49.0827278042719,96.0,90.0,133.23286766875,551.06288,2.904673089599922,4.892098481937356
RWA,Rwanda,2004,Low income,SSF,Africa,8816844.0,832.279719304053,20.23413277,50.2902032669002,50.6829486597842,89.0,84.0,118.0667352405,459.9269553,3.0556099232797544,4.771250017486497
RWA,Rwanda,2005,Low income,SSF,Africa,9054528.0,914.227366408104,25.02086639,50.8247607465071,52.2806585813749,95.0,89.0,104.86414748,465.3662622,3.2588987696091936,4.652665678908457
RWA,Rwanda,2006,Low income,SSF,Africa,9299246.0,1002.28949388428,27.1564312,51.3601414899442,53.8759294452882,99.0,95.0,93.683412211375,493.7913615,3.3377757903039966,4.539921142744128
RWA,Rwanda,2007,Low income,SSF,Africa,9549933.0,1078.93885246368,33.50738907,51.89573756501,55.4685962150806,97.0,94.0,84.43780342975,493.6226831,3.5411734770469505,4.436015209256522
RWA,Rwanda,2008,Low income,SSF,Africa,9804269.0,1190.7575798332,39.94568634,52.431851071574,57.0587484402126,97.0,92.0,76.20842122112501,453.8719605,3.712246465067925,4.333471971299226
RWA,Rwanda,2009,Low income,SSF,Africa,10060432.0,1240.54972631385,43.99641418,52.9687937725955,58.6463993130751,97.0,95.0,69.215876388375,418.3249734,3.806582801706421,4.237230263886815
RWA,Rwanda,2010,Low income,SSF,Africa,10317553.0,1314.13559494324,47.96871567,53.5059466163751,60.2315011971765,97.0,95.0,63.235302279,392.9083707,3.8911816384967,4.146862725568795
RWA,Rwanda,2011,Low income,SSF,Africa,10573733.0,1412.90752155318,51.64939499,54.0436163513461,61.8140834716847,97.0,95.0,58.060609487,358.4834346,3.963654747345869,4.0614874560784155
RWA,Rwanda,2012,Low income,SSF,Africa,10829901.0,1454.52507891388,57.26393127,54.5821211607428,63.3941024387453,98.0,97.0,54.43804087075,330.7634096,4.064983227284271,3.997063190191377
RWA,Rwanda,2013,Low income,SSF,Africa,11093340.0,1512.24171253848,47.75388718,55.1208311821785,64.9716279211285,98.0,95.0,51.703118168875,316.5066769,3.8867849312906695,3.9455180924398405
RWA,Rwanda,2014,Low income,SSF,Africa,11364757.0,1677.56869684182,50.63835144,55.6650639617623,66.5451269597636,98.0,97.0,49.590521381625,301.0517234,3.944264641379004,3.90379971429181
RWA,Rwanda,2015,Low income,SSF,Africa,11640022.0,1780.74171636863,48.81296921,56.2151798036552,68.1134578237063,98.0,96.0,47.7399641065,291.5689526,3.9082753760292825,3.86576886905661
RWA,Rwanda,2016,Low income,SSF,Africa,11919183.0,1866.38968530286,43.54212189,56.7706115569257,69.6758086260828,98.0,95.0,46.29234649175,278.1357866,3.796435300793256,3.83497664487422
RWA,Rwanda,2017,Low income,SSF,Africa,12202060.0,1967.94286602499,40.76682663,57.3320450944617,71.2308954690674,98.0,97.0,45.183419939375,275.0631397,3.732102403154751,3.8107302040443702
RWA,Rwanda,2018,Low income,SSF,Africa,12487996.0,2125.49522712839,42.11674881,57.8995436163309,72.7776126104957,97.0,99.0,44.30681982375,268.7325281,3.763911525103204,3.79113861156261
RWA,Rwanda,2019,Low income,SSF,Africa,12776103.0,2336.03967302732,39.81322098,58.4728536131809,74.3150494792337,98.0,96.0,43.416205885875,261.306132,3.70900607254677,3.770832778915766
RWA,Rwanda,2020,Low income,SSF,Africa,13065837.0,2284.89889795328,45.15266418,59.0523587439994,75.8419280137536,91.0,94.0,42.433069253375,252.1236857,3.831954687993349,3.747927993467598
RWA,Rwanda,2021,Low income,SSF,Africa,13355260.0,2733.43566762447,51.64677429,59.6381227763257,77.3571126484404,88.0,87.0,41.558278950625,253.9698641,3.963604969656549,3.7270967541758933
RWA,Rwanda,2022,Low income,SSF,Africa,13651030.0,3098.67700634994,57.83102036,60.2302194003015,78.8594683891809,98.0,99.0,40.792773116125,233.9668163,4.074669272938092,3.708504936214092
SAU,Saudi Arabia,2000,High income,MEA,Eastern Mediterranean,16177722.0,48643.6072177646,493.36984253,99.0787561449635,98.89632012252255,95.0,94.0,22.076610535666664,20.03732528,6.2032839061640885,3.094518701276852
SAU,Saudi Arabia,2001,High income,MEA,Eastern Mediterranean,17041397.0,47380.8031555036,482.10446167,99.0771228125944,98.89632012252255,97.0,94.0,20.80083051233333,18.80576767,6.1802329070176105,3.0349929143877157
SAU,Saudi Arabia,2002,High income,MEA,Eastern Mediterranean,17910910.0,45466.0257673051,449.84130859,99.0755044509286,98.89632012252255,95.0,97.0,19.615334481666665,17.56665149,6.111115411929331,2.9763116318570217
SAU,Saudi Arabia,2003,High income,MEA,Eastern Mediterranean,18786767.0,48078.1186117167,457.08770752,99.0738918579441,98.89632012252255,95.0,96.0,18.515150586,16.48313014,6.127060666915554,2.9185893475218077
SAU,Saudi Arabia,2004,High income,MEA,Eastern Mediterranean,19669480.0,51225.3258202551,471.45797729,99.0722920952378,98.89632012252255,96.0,97.0,17.479445628333334,15.50259088,6.157948806026291,2.8610256550982305
SAU,Saudi Arabia,2005,High income,MEA,Eastern Mediterranean,20559890.0,53548.1964925537,545.73571777,99.0706866241394,98.89632012252255,96.0,97.0,16.498175137333334,14.63040603,6.303965537167223,2.8032497770527804
SAU,Saudi Arabia,2006,High income,MEA,Eastern Mediterranean,21459144.0,54638.7588925129,634.81872559,99.0690879620457,98.89632012252255,96.0,95.0,15.559454640666669,13.85356904,6.454913500056212,2.7446684693356795
SAU,Saudi Arabia,2007,High income,MEA,Eastern Mediterranean,22368313.0,55029.87121382,662.00793457,99.0674880275407,98.89632012252255,96.0,96.0,14.656152097666668,13.1501638,6.496786957791475,2.684860185720902
SAU,Saudi Arabia,2008,High income,MEA,Eastern Mediterranean,23287877.0,57236.0519568285,663.14331055,99.06590853272,98.89632012252255,98.0,97.0,13.801322494333334,12.33951719,6.498497955330242,2.6247644204941833
SAU,Saudi Arabia,2009,High income,MEA,Eastern Mediterranean,24217654.0,54787.3552114775,760.19476318,99.064350805569,98.89632012252255,98.0,98.0,12.9871296,11.48958688,6.634889255708366,2.5639588362881405
SAU,Saudi Arabia,2010,High income,MEA,Eastern Mediterranean,23978487.0,58828.726534911,765.91680908,99.0628033442544,98.89632012252255,98.0,98.0,12.220122792333331,10.54083695,6.642378332746808,2.503084002165413
SAU,Saudi Arabia,2011,High income,MEA,Eastern Mediterranean,25091867.0,64125.2177225838,954.38873291,99.0612486326725,98.89632012252255,98.0,98.0,11.494795366333332,9.854866082,6.862118307825825,2.441894356084816
SAU,Saudi Arabia,2012,High income,MEA,Eastern Mediterranean,26168861.0,65033.6161818077,1093.15588379,99.0596929684961,98.89632012252255,98.0,98.0,10.811378268,9.272152292,6.997738462584425,2.380599122876217
SAU,Saudi Arabia,2013,High income,MEA,Eastern Mediterranean,27624004.0,62202.8859202572,1189.67932129,99.0581282049423,97.5515166629486,98.0,98.0,10.176725995,8.678645158,7.082279281454892,2.3201033479011857
SAU,Saudi Arabia,2014,High income,MEA,Eastern Mediterranean,28309273.0,62578.0708415156,1363.59155273,99.0565545012609,97.5565788684819,98.0,98.0,9.581835945333331,8.293132816,7.218610434071969,2.2598692171844657
SAU,Saudi Arabia,2015,High income,MEA,Eastern Mediterranean,29816382.0,53930.8273872622,1309.27148438,99.054985329852,97.5616457387732,98.0,98.0,9.031249267,7.99909698,7.177989634708691,2.2006907041500727
SAU,Saudi Arabia,2016,High income,MEA,Eastern Mediterranean,30954198.0,49937.0668103808,1353.21813965,99.0534091692416,97.5667358551859,98.0,98.0,8.509535981333334,7.906979256,7.210979548065952,2.1411874148158665
SAU,Saudi Arabia,2017,High income,MEA,Eastern Mediterranean,30977355.0,53120.4572456269,1400.90356445,99.05183493953,97.5718278390654,98.0,96.0,8.029188803,7.944017047,7.245586280956321,2.083083502058715
SAU,Saudi Arabia,2018,High income,MEA,Eastern Mediterranean,30196281.0,59377.8025368768,1488.9753418,99.0502504705906,97.5769396449473,96.0,98.0,7.607638248666666,8.004791018,7.306514849675049,2.0291527753043366
SAU,Saudi Arabia,2019,High income,MEA,Eastern Mediterranean,30063799.0,59560.2537904546,1504.55249023,99.0486721197549,97.5820275772784,96.0,95.0,7.242174891666667,7.850660616,7.316915212959961,1.979921560688232
SAU,Saudi Arabia,2020,High income,MEA,Eastern Mediterranean,31552510.0,47518.4877485153,1574.70068359,99.0470900170106,97.5871417429561,95.0,96.0,6.9242797933333335,11.10272375,7.362455330800488,1.9350340457022315
SAU,Saudi Arabia,2021,High income,MEA,Eastern Mediterranean,30784383.0,62690.4966645929,1654.74353027,99.0455148837977,97.5922328659359,97.0,98.0,6.644971989666668,12.33027512,7.412005449925777,1.8938604769067635
SAU,Saudi Arabia,2022,High income,MEA,Eastern Mediterranean,32175224.0,71968.074955888,1830.89074707,99.043936969943,97.5973210358859,98.0,98.0,6.393376377999999,9.015509199,7.513103907576965,1.8552625135069576
SDN,Sudan,2000,Low income,SSF,Eastern Mediterranean,27816745.0,2616.46459960938,13.99440289,45.7431194646581,17.3575354903131,62.0,58.0,103.36059344525,645.4822854,2.707676990801242,4.638223781554671
SDN,Sudan,2001,Low income,SSF,Eastern Mediterranean,28516770.0,2769.4228515625,15.18372345,45.7567441742092,17.374607093096,66.0,58.0,99.8684087205,615.8055394,2.7840060118548875,4.6038534066195425
SDN,Sudan,2002,Low income,SSF,Eastern Mediterranean,29228727.0,2898.138671875,16.70709991,45.7703695906518,17.3916786977486,60.0,58.0,96.40337693875,588.3703647,2.873965684009472,4.568541231487905
SDN,Sudan,2003,Low income,SSF,Eastern Mediterranean,29896035.0,3058.10375976563,22.58504868,45.7839943368364,17.4087500196024,69.0,65.0,93.04906317025,592.7384631,3.160612980757839,4.533126915012321
SDN,Sudan,2004,Low income,SSF,Eastern Mediterranean,30556637.0,3215.236328125,29.30404472,45.797621974813,17.4258224608883,74.0,67.0,102.522114279,535.5381268,3.411281192715356,4.630078524371395
SDN,Sudan,2005,Low income,SSF,Eastern Mediterranean,31262444.0,3407.35180664063,37.07490158,46.740256350294,19.1365769047278,78.0,69.0,100.084259879875,505.4449666,3.6395553138796575,4.606012429999755
SDN,Sudan,2006,Low income,SSF,Eastern Mediterranean,31992435.0,3637.32666015625,55.32660294,47.6822962076852,20.8471551509776,78.0,73.0,83.956934499375,485.4225151,4.031166944679455,4.430303982844413
SDN,Sudan,2007,Low income,SSF,Eastern Mediterranean,32764135.0,3836.48901367188,81.79016876,48.6237396738538,22.8360801058185,84.0,79.0,81.2870142545,444.8902726,4.416309319559073,4.397986277529253
SDN,Sudan,2008,Low income,SSF,Eastern Mediterranean,33623980.0,3937.52685546875,82.84276581,49.5645926938442,24.8798414748603,86.0,79.0,78.73731958525,426.4274245,4.428943209174594,4.3661172436007645
SDN,Sudan,2009,Low income,SSF,Eastern Mediterranean,34569113.0,3731.61474609375,80.00441742,50.5096584321663,26.985005939161,81.0,82.0,76.38716843575,382.4853505,4.394503689234785,4.33581472965524
SDN,Sudan,2010,Low income,SSF,Eastern Mediterranean,35414399.0,3805.62744140625,73.60398865,51.4588123551418,29.1517069072564,90.0,90.0,74.185857173,370.0063427,4.312193972938575,4.306573527868592
SDN,Sudan,2011,Low income,SSF,Eastern Mediterranean,36140806.0,4112.21875,80.37197876,52.4116810019842,31.3797006029968,93.0,87.0,72.14629068775,356.6349726,4.399030972466224,4.278695872779087
SDN,Sudan,2012,Low income,SSF,Eastern Mediterranean,36923178.0,3710.376953125,75.40776825,53.3676832487134,33.6683780592082,92.0,85.0,70.182286452375,340.4804145,4.336084369668471,4.2510959494530125
SDN,Sudan,2013,Low income,SSF,Eastern Mediterranean,37785849.0,3724.9599609375,97.4931488,54.3266708008702,36.0176959149453,93.0,85.0,68.27135233999999,326.8861908,4.58998699042901,4.223490239934746
SDN,Sudan,2014,Low income,SSF,Eastern Mediterranean,38823318.0,4260.57177734375,88.78498077,55.2880772698351,38.4269401247106,94.0,86.0,66.3430579915,308.8127644,4.497417709315523,4.194839128198164
SDN,Sudan,2015,Low income,SSF,Eastern Mediterranean,40024431.0,4217.01025390625,93.69657135,56.2519336312621,40.8962454458167,93.0,87.0,64.423561120875,297.8966272,4.550677794151175,4.16547942211556
SDN,Sudan,2016,Low income,SSF,Eastern Mediterranean,41259892.0,4470.35498046875,89.39633942,57.2176665079602,43.424779800547,93.0,87.0,62.541604020875,288.2060581,4.504203773436669,4.135831999620125
SDN,Sudan,2017,Low income,SSF,Eastern Mediterranean,42714306.0,4252.42138671875,67.75476837,58.1849054905312,46.0119565679027,95.0,90.0,60.6349473975,276.5923168,4.230546092250609,4.104871416581373
SDN,Sudan,2018,Low income,SSF,Eastern Mediterranean,44230596.0,4199.25048828125,33.88366699,59.1534610514816,48.6574194730533,93.0,88.0,58.855163092875,268.4488132,3.552018725108877,4.075079562956943
SDN,Sudan,2019,Low income,SSF,Eastern Mediterranean,45548175.0,3914.2255859375,31.79406929,60.1227730186922,51.3601722607621,93.0,90.0,57.029492112625,261.8607733,3.490247684711948,4.043568539511135
SDN,Sudan,2020,Low income,SSF,Eastern Mediterranean,46789231.0,3348.57836914063,22.91861534,61.0926356052486,54.1197261681039,90.0,86.0,55.28253066125,273.1027491,3.174657040283161,4.012456957377762
SDN,Sudan,2021,Low income,SSF,Eastern Mediterranean,48066924.0,3248.9755859375,21.69141006,62.0626646208018,56.9352476681987,84.0,81.0,53.51777945675,304.7569503,3.121986441417931,3.9800139249882016
SDN,Sudan,2022,Low income,SSF,Eastern Mediterranean,49383346.0,3355.37817382813,25.75139618,63.032473791163,59.8058415120202,84.0,80.0,51.747019048,262.6782841,3.2865866656248346,3.9463668275491677
SEN,Senegal,2000,Lower middle income,SSF,Africa,9968260.0,1963.27509878739,21.41570663,59.7997359655038,36.6397850159843,52.0,48.0,129.25719841875,580.9831437,3.109761901982242,4.861804205599787
SEN,Senegal,2001,Lower middle income,SSF,Africa,10212942.0,2043.85289540933,23.45893669,60.9066465806354,37.6230679917559,52.0,48.0,122.094656497,559.5607383,3.1969956579322707,4.8047966168256835
SEN,Senegal,2002,Lower middle income,SSF,Africa,10466214.0,2026.77782446969,26.46221161,62.0161291286122,38.6343782520626,60.0,54.0,113.5102981155,531.4736818,3.312810936426642,4.731893565100686
SEN,Senegal,2003,Lower middle income,SSF,Africa,10721176.0,2130.50797474486,35.14493942,63.1942453922298,39.7038070707232,73.0,60.0,104.4811252015,520.1214074,3.587536950423743,4.649006435009754
SEN,Senegal,2004,Lower middle income,SSF,Africa,10975704.0,2236.29400949837,41.94406128,64.4218461577163,40.8160197921212,87.0,57.0,95.848328685375,500.5155103,3.759898368322863,4.562767032567331
SEN,Senegal,2005,Lower middle income,SSF,Africa,11235472.0,2350.20037042455,36.00606155,65.6454033379623,41.9259089969181,84.0,74.0,87.957005007625,488.1222802,3.6110817249019393,4.4768481156255655
SEN,Senegal,2006,Lower middle income,SSF,Africa,11500094.0,2422.09761798858,38.28113556,66.865607080287,43.0340621400577,89.0,80.0,81.030523966375,461.9735628,3.670744392437033,4.39482592277747
SEN,Senegal,2007,Lower middle income,SSF,Africa,11770344.0,2499.31582882192,40.60185623,68.0818461765574,44.1399592498468,94.0,84.0,75.18435512975,457.1440766,3.728144787185196,4.3199431658243785
SEN,Senegal,2008,Lower middle income,SSF,Africa,12048959.0,2580.71949180217,49.05390167,69.2939508159691,45.2434542159987,88.0,77.0,70.303516702125,463.14639,3.913100458167418,4.252821821777754
SEN,Senegal,2009,Lower middle income,SSF,Africa,12337389.0,2605.72280250701,50.27443314,70.5013902121975,46.3440817777614,86.0,79.0,66.27938983275,441.2062066,3.937192248607232,4.193878986613
SEN,Senegal,2010,Lower middle income,SSF,Africa,12635413.0,2662.50486626479,51.38805008,71.7047289784237,47.4423428976999,89.0,81.0,62.939487599125,435.5107392,3.958678513410809,4.1421737505024705
SEN,Senegal,2011,Lower middle income,SSF,Africa,12958897.0,2684.94989722318,57.93114853,72.9034178534763,48.5377592186689,92.0,84.0,60.100085044375,414.7133818,4.076369788393482,4.096011256587998
SEN,Senegal,2012,Lower middle income,SSF,Africa,13310495.0,2764.26130708482,56.61458969,74.0969620089046,49.6298898995035,91.0,83.0,57.678793971375,404.690945,4.053775828857698,4.054889583801354
SEN,Senegal,2013,Lower middle income,SSF,Africa,13710849.0,2768.76818711984,60.51578903,75.2855370773077,50.7188973203129,92.0,84.0,55.64879756425,385.4995377,4.119293874057524,4.019060470376706
SEN,Senegal,2014,Lower middle income,SSF,Africa,14152102.0,2853.80456250635,61.40605545,76.46896680992,51.8046299171747,89.0,80.0,53.912653148,372.8908908,4.133662313135015,3.9873652026469495
SEN,Senegal,2015,Lower middle income,SSF,Africa,14593331.0,2994.28032714875,53.32304382,77.649320243194,52.8890432398602,89.0,80.0,52.405125985875,356.6709264,3.994948516658449,3.9590044107004454
SEN,Senegal,2016,Lower middle income,SSF,Africa,15034521.0,3101.12348494108,53.90053558,78.8258139339832,53.9714940731355,93.0,93.0,51.02844130375,345.0990309,4.005523104023456,3.9323831499052857
SEN,Senegal,2017,Lower middle income,SSF,Africa,15475002.0,3234.36158194088,56.49185944,79.9984726874606,55.0521038030032,93.0,90.0,49.63882969975,325.2286356,4.051643362824103,3.904773384308091
SEN,Senegal,2018,Lower middle income,SSF,Africa,15914498.0,3380.21596529445,64.37467957,81.1662422601817,56.1299701818744,92.0,86.0,48.131373239875,305.3721208,4.180135020958161,3.873934214798185
SEN,Senegal,2019,Lower middle income,SSF,Africa,16352922.0,3647.95137357242,64.33670807,82.3288600505419,57.204943845452,91.0,86.0,46.42663705775,286.2699968,4.179554023361032,3.837873369034943
SEN,Senegal,2020,Lower middle income,SSF,Africa,16789219.0,3752.91947490817,75.16521454,83.4855735664121,58.276399086684,83.0,82.0,44.522804235125,252.2235574,4.332904856364058,3.796001512634025
SEN,Senegal,2021,Lower middle income,SSF,Africa,17220867.0,4173.67741399619,71.12162781,84.636074800772,59.3441523766207,85.0,88.0,42.461127256375,262.8374497,4.278353968934531,3.748589004589092
SEN,Senegal,2022,Lower middle income,SSF,Africa,17651103.0,4530.22059496055,63.44842529,85.7796288430834,60.407587055533,93.0,87.0,40.393241949875,228.2423934,4.16586529603783,3.6986624925060605
SGP,Singapore,2000,High income,EAS,Western Pacific,4027887.0,43781.2691496809,796.03100586,100.0,100.0,98.0,96.0,3.845050844333334,17.16365744,6.68089358124555,1.3467868263638927
SGP,Singapore,2001,High income,EAS,Western Pacific,4138012.0,43109.0641940157,690.01330566,100.0,100.0,96.0,95.0,3.6008140033333333,16.2124902,6.5381590792407485,1.2811599319396274
SGP,Singapore,2002,High income,EAS,Western Pacific,4175950.0,45083.2529904573,749.44445801,100.0,100.0,94.0,94.0,3.384248581,15.61657641,6.620665641685989,1.2191318967884057
SGP,Singapore,2003,High income,EAS,Western Pacific,4114826.0,48778.2983301244,851.10961914,100.0,100.0,96.0,93.0,3.2026252493333334,14.89446292,6.747715179515645,1.1639708638860684
SGP,Singapore,2004,High income,EAS,Western Pacific,4166664.0,54383.8062332219,868.43688965,100.0,100.0,95.0,95.0,3.062799034333333,14.14816538,6.767845748813936,1.119329214967939
SGP,Singapore,2005,High income,EAS,Western Pacific,4265762.0,58821.6934650901,908.3760376,100.0,100.0,96.0,96.0,2.962159224666667,13.52229593,6.812758691362643,1.0859184701964497
SGP,Singapore,2006,High income,EAS,Western Pacific,4401365.0,64060.5686042424,989.73895264,100.0,100.0,95.0,95.0,2.896665119666667,12.98976198,6.8984510815062325,1.063560116546908
SGP,Singapore,2007,High income,EAS,Western Pacific,4588599.0,68804.9832153264,1116.97937012,100.0,100.0,97.0,95.0,2.858936439666666,12.25286516,7.019278201058212,1.0504496814269637
SGP,Singapore,2008,High income,EAS,Western Pacific,4839396.0,67735.3480852019,1286.91345215,100.0,100.0,97.0,95.0,2.838574820333333,11.33222312,7.160778708870864,1.043302102391107
SGP,Singapore,2009,High income,EAS,Western Pacific,4987573.0,66212.962556152,1326.11682129,100.0,100.0,97.0,95.0,2.827872103,10.49094057,7.190764064587047,1.0395245217641091
SGP,Singapore,2010,High income,EAS,Western Pacific,5076732.0,75400.5557984177,1510.66784668,100.0,100.0,96.0,95.0,2.8181199726666666,10.02634681,7.320968854485012,1.036069986263181
SGP,Singapore,2011,High income,EAS,Western Pacific,5183688.0,80052.3914982651,1700.1685791,100.0,100.0,96.0,95.0,2.801708296333333,9.943675985,7.439070693364093,1.0302293369755926
SGP,Singapore,2012,High income,EAS,Western Pacific,5312437.0,82107.7270892092,1853.02429199,100.0,100.0,97.0,95.0,2.7806922383333337,9.856626215,7.525113848515692,1.0226999033002735
SGP,Singapore,2013,High income,EAS,Western Pacific,5399162.0,83088.3185411658,2102.97021484,100.0,100.0,97.0,95.0,2.759251304,9.235905591,7.65158141731253,1.0149593762629348
SGP,Singapore,2014,High income,EAS,Western Pacific,5469724.0,84555.2446100826,2233.34960938,100.0,100.0,96.0,95.0,2.737711662333333,8.763723281,7.71170546218368,1.0071224117274353
SGP,Singapore,2015,High income,EAS,Western Pacific,5535002.0,87156.187383315,2330.39599609,100.0,100.0,96.0,95.0,2.712142441,8.33353013,7.754222507099853,0.9977388911915167
SGP,Singapore,2016,High income,EAS,Western Pacific,5607283.0,89901.8159165036,2509.92163086,100.0,100.0,97.0,95.0,2.671534648,8.202142875,7.828405148339987,0.9826530818243802
SGP,Singapore,2017,High income,EAS,Western Pacific,5612253.0,95744.1821600957,2673.66210938,100.0,100.0,96.0,95.0,2.6134493803333334,7.986218719,7.891578337101323,0.960670950448097
SGP,Singapore,2018,High income,EAS,Western Pacific,5638676.0,103963.36329269,2726.00683594,100.0,100.0,97.0,97.0,2.5338486766666666,7.712650062,7.910959889604456,0.9297393629361159
SGP,Singapore,2019,High income,EAS,Western Pacific,5703569.0,105335.291974111,2924.24707031,100.0,100.0,97.0,96.0,2.436581989,7.429651676,7.981134224580747,0.8905962330533438
SGP,Singapore,2020,High income,EAS,Western Pacific,5685807.0,101518.31798444,3541.36450195,100.0,100.0,98.0,97.0,2.3330683246666664,12.71787098,8.172549721560202,0.8471842787942014
SGP,Singapore,2021,High income,EAS,Western Pacific,5453566.0,132617.354020876,4050.81054688,100.0,100.0,98.0,96.0,2.2361855793333336,20.20444817,8.306919108816471,0.8047715479728961
SGP,Singapore,2022,High income,EAS,Western Pacific,5637022.0,143094.949896959,3902.14428711,100.0,100.0,97.0,96.0,2.147895445,33.67385914,8.269537734755056,0.7644884999498228
SLB,Solomon Islands,2000,Lower middle income,EAS,Western Pacific,440469.0,1502.88776967226,46.02681351,76.7476885901905,21.8188257252679,86.0,91.0,30.58533922566667,166.2647687,3.850717939249445,3.4205207838760048
SLB,Solomon Islands,2001,Lower middle income,EAS,Western Pacific,449125.0,1387.19586861271,60.23266602,76.806666574329,22.0200324772691,84.0,83.0,30.221582504,166.5967814,4.114680805616615,3.408556321588692
SLB,Solomon Islands,2002,Lower middle income,EAS,Western Pacific,457671.0,1343.73916356867,76.49930573,76.8668530163014,22.2253869365298,78.0,78.0,29.90554548233333,167.5219272,4.350268977996595,3.398043930836211
SLB,Solomon Islands,2003,Lower middle income,EAS,Western Pacific,466154.0,1433.09520209123,53.52047729,76.9282622438296,22.4348909969671,84.0,82.0,29.631303370666668,166.72618,3.998576361192067,3.3888313488281683
SLB,Solomon Islands,2004,Lower middle income,EAS,Western Pacific,474611.0,1556.46974913837,64.72148895,76.9908825274907,22.6485431199764,90.0,87.0,29.36742504533333,163.8373506,4.185425948877123,3.3798860684127687
SLB,Solomon Islands,2005,Lower middle income,EAS,Western Pacific,483080.0,1693.19193514828,89.02578735,76.7151460783191,23.2806567827526,89.0,87.0,29.10203853733333,161.0208669,4.500096155400609,3.370808224553186
SLB,Solomon Islands,2006,Lower middle income,EAS,Western Pacific,491594.0,1786.13962900073,87.74922943,76.2781998781212,23.9183247473617,99.0,99.0,28.796873005,158.9965971,4.485814745838959,3.3602668050317983
SLB,Solomon Islands,2007,Lower middle income,EAS,Western Pacific,500156.0,1868.75507214578,89.10964203,75.8508142514165,24.5615868836554,88.0,90.0,28.44420922633333,162.8276606,4.501027173649997,3.347944597722433
SLB,Solomon Islands,2008,Lower middle income,EAS,Western Pacific,508790.0,1989.0135920954,75.66864014,75.4333235805616,25.2110099133869,85.0,71.0,28.05369128133333,153.2789229,4.339492760880314,3.3341202197931192
SLB,Solomon Islands,2009,Lower middle income,EAS,Western Pacific,518141.0,2021.46315086869,93.879776,75.0255056296679,25.8655809274752,86.0,69.0,27.621310378,152.123824,4.552610574369732,3.3185875899404795
SLB,Solomon Islands,2010,Lower middle income,EAS,Western Pacific,532968.0,2182.21603858837,74.17661285,74.6276815743393,26.5258667445609,83.0,74.0,27.163876842,147.5089949,4.319840183250365,3.301888033372912
SLB,Solomon Islands,2011,Lower middle income,EAS,Western Pacific,552945.0,2306.28127950629,95.51364136,74.2385839861818,27.1881944910187,91.0,77.0,26.66269304033333,147.0725357,4.569684359597904,3.283265323915032
SLB,Solomon Islands,2012,Lower middle income,EAS,Western Pacific,573606.0,2320.45346146884,100.84831238,73.8584084824388,27.8531008197691,92.0,87.0,26.183706497666662,145.6217276,4.62348457287427,3.2651373279115927
SLB,Solomon Islands,2013,Lower middle income,EAS,Western Pacific,594945.0,2394.46788083646,98.99965668,73.4869458643753,28.5200623498988,83.0,76.0,25.738409308,147.271268,4.605166752782198,3.2479844018123796
SLB,Solomon Islands,2014,Lower middle income,EAS,Western Pacific,616908.0,2377.38397015815,105.85440826,73.1239607321779,29.1885477185461,77.0,76.0,25.304046309333334,146.8302386,4.671467237441973,3.230964316120758
SLB,Solomon Islands,2015,Lower middle income,EAS,Western Pacific,639415.0,2353.78235283681,91.08989716,72.7696512554907,29.8590956039926,87.0,75.0,24.896663107,146.0190054,4.522765242999022,3.2147337827232145
SLB,Solomon Islands,2016,Lower middle income,EAS,Western Pacific,662379.0,2421.18991118943,94.32994843,72.42353421812,30.5306345641,94.0,82.0,24.495174480333333,142.7342274,4.55734401554237,3.1984761381651214
SLB,Solomon Islands,2017,Lower middle income,EAS,Western Pacific,685672.0,2454.04671914243,89.29357147,72.0857915178444,31.2036978531695,83.0,84.0,24.047246407666663,140.1776691,4.503066267080338,3.180020495513062
SLB,Solomon Islands,2018,Lower middle income,EAS,Western Pacific,709101.0,2493.97675737551,88.03850555,71.761506901506,31.8782846169849,85.0,93.0,23.546304347,136.4816179,4.489068922796786,3.158968880207397
SLB,Solomon Islands,2019,Lower middle income,EAS,Western Pacific,728147.0,2512.01387973448,98.67025757,71.5848927519739,32.5533129184691,94.0,81.0,22.98618790133333,135.0444588,4.601867313203978,3.134893509512186
SLB,Solomon Islands,2020,Lower middle income,EAS,Western Pacific,744498.0,2405.31509364704,100.99560547,71.4129793033283,33.2293129783629,94.0,81.0,22.387658069,131.2238423,4.624929728728694,3.1085098279537524
SLB,Solomon Islands,2021,Lower middle income,EAS,Western Pacific,762591.0,2449.87009821452,98.80261993,71.2454871530386,33.9057348441726,87.0,67.0,21.781472307666665,152.6177736,4.603194434776453,3.081059714286522
SLB,Solomon Islands,2022,Lower middle income,EAS,Western Pacific,781066.0,2496.22734577831,96.74864197,71.3673843057896,34.1549727598984,89.0,90.0,21.167005008,125.8766339,4.582399305878942,3.052443601732705
SLE,Sierra Leone,2000,Low income,SSF,Africa,4423611.0,1242.07432044948,17.66835022,40.8831188702794,7.69468734199492,44.0,37.0,223.67873172962496,1603.144212,2.926829588357277,5.4102107890080235
SLE,Sierra Leone,2001,Low income,SSF,Africa,4692716.0,1121.24260099529,19.32042122,41.2237067367546,7.92617092793216,38.0,50.0,218.19995490637496,1517.585305,3.0116263518261404,5.385411866737056
SLE,Sierra Leone,2002,Low income,SSF,Africa,4971435.0,1359.91725651246,22.29375267,42.3564018737387,8.15825825383365,53.0,62.0,212.5335389685,1492.288175,3.148185198868446,5.359099806350558
SLE,Sierra Leone,2003,Low income,SSF,Africa,5177687.0,1457.80167857458,21.7804718,43.4895263720977,8.39095201927437,73.0,73.0,206.666657708,1432.735623,3.125903668954695,5.33110714602264
SLE,Sierra Leone,2004,Low income,SSF,Africa,5355717.0,1541.00571321438,23.03477859,44.6230449596338,8.94954704248469,65.0,76.0,200.575493501375,1365.910495,3.179501889320968,5.301190702069823
SLE,Sierra Leone,2005,Low income,SSF,Africa,5501712.0,1614.50361925174,26.04933357,45.7867241537435,9.53865069026283,65.0,71.0,194.2527558445,1294.227524,3.297662368020419,5.269160176248794
SLE,Sierra Leone,2006,Low income,SSF,Africa,5624466.0,1697.69680421278,29.63347244,46.9721511803673,10.156650697941,64.0,65.0,187.59509486225,1167.54875,3.422093281706072,5.234285889440579
SLE,Sierra Leone,2007,Low income,SSF,Africa,5749352.0,1769.77972125467,31.90766907,48.1563137689467,10.7956031143398,64.0,60.0,180.56347932225,1132.427783,3.4937057330387864,5.196082401941756
SLE,Sierra Leone,2008,Low income,SSF,Africa,5894722.0,1824.24498367556,37.23431396,49.3391346809252,11.4555098785818,77.0,73.0,173.303692456375,1092.884163,3.64373338361258,5.155045503224956
SLE,Sierra Leone,2009,Low income,SSF,Africa,6055646.0,1814.0708691735,39.29960632,50.520195051474,12.1362206469185,84.0,80.0,165.9785479965,1053.616707,3.696341700170432,5.111858551069018
SLE,Sierra Leone,2010,Low income,SSF,Africa,6222714.0,1900.38515206703,37.84529114,51.6994418329327,12.837725625722,86.0,82.0,158.668391972,1018.048707,3.659586863289988,5.0668164392773
SLE,Sierra Leone,2011,Low income,SSF,Africa,6387251.0,2042.70009101399,49.6336174,52.8771685676355,13.5601796070667,89.0,84.0,151.63467986375,967.1174321,3.9246157311877945,5.021474206042634
SLE,Sierra Leone,2012,Low income,SSF,Africa,6551080.0,2317.1913997528,51.99141312,54.0533047771617,14.3035861709667,91.0,86.0,144.99112123875,914.8796011,3.97012988382224,4.976672507709561
SLE,Sierra Leone,2013,Low income,SSF,Africa,6714051.0,2700.73807805259,84.93772125,55.2271223321324,15.0676033654272,92.0,85.0,138.804548861625,842.3210401,4.453622862403031,4.933066820313966
SLE,Sierra Leone,2014,Low income,SSF,Africa,6876385.0,2762.04553745948,143.60603333,56.3992358539249,15.8525627081666,83.0,80.0,136.757868005125,820.7769464,4.97401303312809,4.918211975333448
SLE,Sierra Leone,2015,Low income,SSF,Africa,7037655.0,2560.04985807593,118.66024017,57.5692588907449,16.6582857856538,86.0,78.0,137.575515470375,730.1059337,4.784656395063331,4.924172969770531
SLE,Sierra Leone,2016,Low income,SSF,Africa,7205328.0,2634.9252433025,84.22316742,58.7374466065884,17.4849469878374,84.0,85.0,122.633093661875,632.9047751,4.445273314947368,4.809196919066219
SLE,Sierra Leone,2017,Low income,SSF,Africa,7379299.0,2501.4531554482,47.37737274,59.9058113970129,18.3338579581936,90.0,80.0,117.87507435475,578.4030383,3.8790321990359775,4.769625371746636
SLE,Sierra Leone,2018,Low income,SSF,Africa,7554563.0,2640.47566787646,44.82733536,61.0747116605736,19.205484723374,93.0,87.0,113.32636688275,491.4969824,3.8248807550022335,4.730271858371203
SLE,Sierra Leone,2019,Low income,SSF,Africa,7731991.0,2704.05835866756,48.13619995,62.2435949536526,20.0997388519849,95.0,93.0,109.0996531105,463.5671591,3.8945960330079994,4.6922617132785165
SLE,Sierra Leone,2020,Low income,SSF,Africa,7912558.0,2719.07286815807,47.8861618,63.4122118828476,21.0167123808123,91.0,87.0,105.040911341375,422.2578755,3.889494366656613,4.654349906093375
SLE,Sierra Leone,2021,Low income,SSF,Africa,8094602.0,2849.38865926436,44.90049362,64.5803175608776,21.9564987659226,92.0,87.0,101.39367035825,403.2205497,3.826475871257039,4.619010666706252
SLE,Sierra Leone,2022,Low income,SSF,Africa,8276807.0,3143.96451050507,41.31875229,65.7476533121916,22.9191878036943,91.0,90.0,97.7088970565,369.6350364,3.7452303043649455,4.581992619963978
SLV,El Salvador,2000,Upper middle income,LCN,Americas,5943366.0,4422.44510574248,155.52601624,85.7434516377226,80.6037786224969,99.0,97.0,32.245131592875,47.69611932,5.053222234119482,3.473367073485956
SLV,El Salvador,2001,Upper middle income,LCN,Americas,5968060.0,4542.92587192498,162.30456543,85.8876471763751,80.6919918345083,92.0,95.0,30.363013166375,45.28337105,5.095616956903441,3.4132251955069965
SLV,El Salvador,2002,Upper middle income,LCN,Americas,5986631.0,4671.55302828125,166.81164551,86.6377642417652,80.7798862617498,81.0,93.0,28.6207493465,39.86729545,5.122842192757259,3.354131956402597
SLV,El Salvador,2003,Upper middle income,LCN,Americas,5998599.0,4828.70297067138,171.59013367,87.3748691864792,81.1318629459244,94.0,90.0,26.979995044875,37.74841066,5.150919614037479,3.295095667120401
SLV,El Salvador,2004,Upper middle income,LCN,Americas,6004671.0,4997.59385258021,185.83404541,87.8573946803212,81.4794904202867,90.0,93.0,25.443152976875,34.61605431,5.23022076513033,3.236446668562514
SLV,El Salvador,2005,Upper middle income,LCN,Americas,6005578.0,5291.66962299243,225.17417908,87.4859778413184,81.8222708575253,89.0,99.0,24.020862878375,33.77924391,5.421305406326352,3.178922739336127
SLV,El Salvador,2006,Upper middle income,LCN,Americas,6002319.0,5694.52330884091,231.73410034,87.0964668490524,82.160813551355,96.0,98.0,22.70451975775,33.1305184,5.449896601643342,3.122564012938861
SLV,El Salvador,2007,Upper middle income,LCN,Americas,6009824.0,5949.42640611971,239.99687195,84.8412397168851,82.5029332594397,99.0,99.0,21.49966225675,33.18813179,5.48478395394584,3.0680372260218576
SLV,El Salvador,2008,Upper middle income,LCN,Americas,6029297.0,6174.69155154574,253.45413208,82.7117169093002,82.8897095830639,98.0,95.0,20.37650973825,33.20441169,5.539120592164138,3.014382753964658
SLV,El Salvador,2009,Upper middle income,LCN,Americas,6048279.0,6062.67571951558,257.19317627,82.3920893796231,83.2704470759254,91.0,91.0,19.350850304625,34.55275156,5.553708049984306,2.962736361901781
SLV,El Salvador,2010,Upper middle income,LCN,Americas,6068249.0,6247.91452716829,270.69418335,82.263858914026,83.6456953805782,89.0,92.0,18.40506206125,34.32536605,5.604677107848337,2.912625738803023
SLV,El Salvador,2011,Upper middle income,LCN,Americas,6090127.0,6593.67806808022,295.64242554,83.1302988113916,84.015819833389,89.0,89.0,17.515324470625,35.43196678,5.692527459056574,2.863076181777602
SLV,El Salvador,2012,Upper middle income,LCN,Americas,6113975.0,6708.39032246284,301.03710938,83.9776688792965,84.3807461910215,93.0,93.0,16.710256696375,36.24238494,5.710549888567617,2.816022704331022
SLV,El Salvador,2013,Upper middle income,LCN,Americas,6138839.0,7092.58852133297,324.28027344,84.8055371617931,84.7403911391232,92.0,94.0,15.930618458875,38.73457357,5.784687190509295,2.768242946700986
SLV,El Salvador,2014,Upper middle income,LCN,Americas,6162955.0,7503.71105811981,315.23168945,85.6145492076128,85.0952739178549,94.0,96.0,15.209824970125,40.74636695,5.756475139393188,2.7219415986523923
SLV,El Salvador,2015,Upper middle income,LCN,Americas,6183676.0,7933.73697858999,331.96725464,86.4045677725112,85.445452477435,94.0,97.0,14.532861414625,42.94737532,5.808044150730884,2.6764123896889123
SLV,El Salvador,2016,Upper middle income,LCN,Americas,6200800.0,8455.61614773975,339.97875977,87.1729025989856,85.789208776824,98.0,98.0,13.894056998875,43.40185821,5.8318201872790185,2.6314611946715876
SLV,El Salvador,2017,Upper middle income,LCN,Americas,6213533.0,8965.2189086345,338.60742188,87.9197798964632,86.1264645689972,92.0,89.0,13.28681465975,43.87454062,5.827790308968698,2.5867721645203874
SLV,El Salvador,2018,Upper middle income,LCN,Americas,6219807.0,9203.76216310773,348.18817139,88.6461069503319,86.456582332616,89.0,87.0,12.702060487375,42.82343646,5.855610949938121,2.5417642234049507
SLV,El Salvador,2019,Upper middle income,LCN,Americas,6222318.0,9756.7521864595,380.53384399,89.3527800998874,86.7364561760088,96.0,96.0,12.1641196075,40.28957283,5.944199559738637,2.4984906026753584
SLV,El Salvador,2020,Upper middle income,LCN,Americas,6234673.0,9392.68913817943,357.78799438,89.9923610939187,87.0096574927862,89.0,84.0,11.677387850875,48.01989016,5.882731669145451,2.4576543094837398
SLV,El Salvador,2021,Upper middle income,LCN,Americas,6255782.0,10809.713399518,470.14025879,90.421388926903,87.2765374387919,97.0,97.0,11.225625960625,58.4776341,6.155155839049023,2.4181991969398853
SLV,El Salvador,2022,Upper middle income,LCN,Americas,6280319.0,11875.9648066233,500.20321655,90.7948411041739,87.5371472547157,95.0,80.0,10.807616952,38.76226035,6.217011640698845,2.380251158875145
SMR,San Marino,2000,High income,ECS,Europe,26799.0,53713.4483344714,2176.20825195,100.0,100.0,98.0,99.0,5.349969221666666,13.95367762,7.685798716719131,1.6770908079318652
SMR,San Marino,2001,High income,ECS,Europe,27143.0,57251.795597303,2202.07763672,99.9999973894558,100.0,97.0,97.0,4.945981043333333,13.98093346,7.69761058754316,1.598575336365097
SMR,San Marino,2002,High income,ECS,Europe,27491.0,57583.9069425178,2253.21850586,99.9999980365223,100.0,96.0,96.0,4.577934333,13.59607594,7.720558631276543,1.521247877390801
SMR,San Marino,2003,High income,ECS,Europe,27843.0,60223.9128467427,2506.68334961,100.0,100.0,96.0,94.0,4.238081960666666,13.08103034,7.8271146376454706,1.444110799127405
SMR,San Marino,2004,High income,ECS,Europe,29457.0,61113.9018661653,2958.87963867,99.9999993980994,100.0,95.0,94.0,3.943675491,12.83866844,7.992903883879873,1.3721131541970584
SMR,San Marino,2005,High income,ECS,Europe,29836.0,63738.5738721939,3055.63232422,100.0,100.0,96.0,94.0,3.680367665333333,12.36390215,8.025069041258652,1.303012656248233
SMR,San Marino,2006,High income,ECS,Europe,30184.0,67434.1560064444,3242.24291992,100.0,100.0,92.0,90.0,3.435708155,12.23396829,8.08432900942862,1.2342230630873805
SMR,San Marino,2007,High income,ECS,Europe,31211.0,71744.0519986492,3804.50634766,100.0,100.0,91.0,90.0,3.219252699,8.065472346,8.244204335728654,1.1691492515654407
SMR,San Marino,2008,High income,ECS,Europe,31662.0,71723.6242187251,4378.24853516,100.0,100.0,91.0,86.0,3.019975289,8.26467228,8.384632421336068,1.1052486489029707
SMR,San Marino,2009,High income,ECS,Europe,33066.0,61969.8285368182,4242.50341797,99.9999973376988,100.0,90.0,88.0,2.844476561,8.056092781,8.353144484869523,1.0453790650621173
SMR,San Marino,2010,High income,ECS,Europe,33270.0,58926.1403701298,3813.88354492,99.9999986796045,100.0,90.0,88.0,2.6765496103333333,8.149830863,8.246665417674661,0.9845285062047688
SMR,San Marino,2011,High income,ECS,Europe,32620.0,56239.9592730018,4550.35058594,100.0,100.0,92.0,90.0,2.5291790473333333,7.923689821,8.423179299973796,0.9278947628620331
SMR,San Marino,2012,High income,ECS,Europe,33469.0,51274.2154785964,4310.10009766,99.9999971732007,100.0,89.0,84.0,2.389202183333333,7.639491792,8.368948393605388,0.8709594957100736
SMR,San Marino,2013,High income,ECS,Europe,33041.0,50770.3673195862,4113.46679688,99.9999985958692,100.0,86.0,82.0,2.2591634013333333,7.882290696,8.322264529230731,0.8149945683508174
SMR,San Marino,2014,High income,ECS,Europe,32655.0,52909.2224071252,4120.02685547,99.9999972428986,100.0,84.0,81.0,2.1370981323333336,7.604951414,8.323857648053812,0.7594488958879018
SMR,San Marino,2015,High income,ECS,Europe,32897.0,52247.2078276415,3530.04614258,100.0,100.0,85.0,84.0,2.025209662,7.521207186,8.16934946369347,0.7056732319890624
SMR,San Marino,2016,High income,ECS,Europe,33101.0,53033.0563376235,3621.23266602,100.0,100.0,86.0,82.0,1.9236500986666665,7.389145775,8.194845873271479,0.6542244743048636
SMR,San Marino,2017,High income,ECS,Europe,33825.0,52463.4196397748,3672.30322266,99.9999955531447,100.0,88.0,86.0,1.826011587,7.190950794,8.208846596907195,0.6021341277167181
SMR,San Marino,2018,High income,ECS,Europe,34522.0,54460.9058332865,3969.36474609,100.0,100.0,90.0,89.0,1.743200692,7.26472876,8.286613245050352,0.555722901619282
SMR,San Marino,2019,High income,ECS,Europe,34663.0,57444.1193582109,3801.21044922,99.9999963796538,100.0,88.0,86.0,1.6672019496666666,7.33348784,8.243337873757422,0.5111467420020106
SMR,San Marino,2020,High income,ECS,Europe,34770.0,55206.5812324405,3758.609375,100.0,100.0,89.0,90.0,1.599284638,45.8623407,8.23207034135938,0.46955642801617
SMR,San Marino,2021,High income,ECS,Europe,34252.0,64745.1316780701,4033.1027832,100.0,100.0,90.0,89.0,1.5357739163333337,34.64816051,8.302539197416142,0.4290344340048334
SMR,San Marino,2022,High income,ECS,Europe,33755.0,75941.4899090162,3874.98535156,100.0,100.0,92.0,91.0,1.478760396,22.23701555,8.26255519373623,0.39120416654779294
SOM,"Somalia, Fed. Rep.",2000,Low income,SSF,Eastern Mediterranean,8838713.0,467.060922117041,29.88321209,26.5548279259121,20.1837885796287,33.0,24.0,172.307867379875,1150.383013,3.4302063513446237,5.14928280343095
SOM,"Somalia, Fed. Rep.",2001,Low income,SSF,Eastern Mediterranean,9198493.0,491.527329981834,29.88321209,27.7109662630007,20.9631310018359,33.0,20.0,172.29220396375,1128.748741,3.4302063513446237,5.149191895637027
SOM,"Somalia, Fed. Rep.",2002,Low income,SSF,Eastern Mediterranean,9550063.0,517.475206104742,29.88321209,28.8628866509847,21.7385524325851,40.0,45.0,172.29917341625,1120.901203,3.4302063513446237,5.149232346170375
SOM,"Somalia, Fed. Rep.",2003,Low income,SSF,Eastern Mediterranean,9909157.0,547.374154777771,29.88321209,30.2245772114979,22.6666436152902,40.0,40.0,172.3166872495,1110.879596,3.4302063513446237,5.149333988812308
SOM,"Somalia, Fed. Rep.",2004,Low income,SSF,Eastern Mediterranean,10280998.0,580.284955539129,29.88321209,31.5789442986576,23.5876311312832,30.0,40.0,172.298886819625,1104.060977,3.4302063513446237,5.14923068280277
SOM,"Somalia, Fed. Rep.",2005,Low income,SSF,Eastern Mediterranean,10644228.0,619.158298420655,29.88321209,33.4314329999319,24.6385730237392,35.0,35.0,172.238613910375,1086.020182,3.4302063513446237,5.148880805592091
SOM,"Somalia, Fed. Rep.",2006,Low income,SSF,Eastern Mediterranean,10975502.0,659.137580504181,29.88321209,35.3395798096483,25.6985522654712,26.0,35.0,171.49358922825002,1085.323982,3.4302063513446237,5.144545885314028
SOM,"Somalia, Fed. Rep.",2007,Low income,SSF,Eastern Mediterranean,11322582.0,700.174057965187,29.88321209,35.5233098422892,25.4724809628705,40.0,35.0,169.660701525375,1074.477427,3.4302063513446237,5.133800569260672
SOM,"Somalia, Fed. Rep.",2008,Low income,SSF,Eastern Mediterranean,11663084.0,739.209469335104,29.88321209,37.9760688340822,26.8675518309153,31.0,34.0,166.07500416075,1035.256436,3.4302063513446237,5.112439518604744
SOM,"Somalia, Fed. Rep.",2009,Low income,SSF,Eastern Mediterranean,11961201.0,773.780862192893,29.88321209,40.466779744943,28.2620333243978,42.0,43.0,161.752758383125,994.9014138,3.4302063513446237,5.086068986608864
SOM,"Somalia, Fed. Rep.",2010,Low income,SSF,Eastern Mediterranean,12261756.0,815.131435994874,29.88321209,42.9914341026077,29.6552314134568,45.0,46.0,185.874152943625,1062.472385,3.4302063513446237,5.225069847640817
SOM,"Somalia, Fed. Rep.",2011,Low income,SSF,Eastern Mediterranean,12348830.0,881.383113050941,29.88321209,45.5410874380133,31.0429095384234,41.0,46.0,358.477297076125,972.333349,3.4302063513446237,5.881865330492212
SOM,"Somalia, Fed. Rep.",2012,Low income,SSF,Eastern Mediterranean,12461160.0,1002.9322657147,29.88321209,47.6056661225373,32.0476374113968,42.0,46.0,184.002555818125,894.1012945,3.4302063513446237,5.214949647828413
SOM,"Somalia, Fed. Rep.",2013,Low income,SSF,Eastern Mediterranean,12869594.0,944.404567280324,12.88169384,49.7134555846093,33.058251557305,44.0,47.0,142.581393246625,854.6860165,2.6305709822151773,4.959913017325181
SOM,"Somalia, Fed. Rep.",2014,Low income,SSF,Eastern Mediterranean,13339491.0,1127.71922200338,13.15052128,51.8635744481295,34.0748734228162,46.0,48.0,137.75626458875,816.2461139,2.6497514629866576,4.925485924957191
SOM,"Somalia, Fed. Rep.",2015,Low income,SSF,Eastern Mediterranean,13806963.0,1341.38999678728,14.11613941,54.0545936900229,35.0972405875154,48.0,50.0,133.531692211375,784.1913401,2.715763008122671,4.8943388445083675
SOM,"Somalia, Fed. Rep.",2016,Low income,SSF,Eastern Mediterranean,14348740.0,1468.50438474605,11.76618958,56.284978016248,36.1250378584049,49.0,51.0,129.594166037625,754.0700382,2.546800237107432,4.86440776776318
SOM,"Somalia, Fed. Rep.",2017,Low income,SSF,Eastern Mediterranean,14916629.0,1596.81409178022,13.51753426,58.5524158667796,37.1573619625344,51.0,52.0,155.37611905149998,715.9144104,2.675357178171736,5.045848752067208
SOM,"Somalia, Fed. Rep.",2018,Low income,SSF,Eastern Mediterranean,15452487.0,1551.52773977473,12.7819252,60.8552872098573,38.1938671112932,53.0,53.0,135.92358276725,726.8841127,2.623357965551256,4.912092836398632
SOM,"Somalia, Fed. Rep.",2019,Low income,SSF,Eastern Mediterranean,16030971.0,1548.27250940098,12.99074364,63.1909737588395,39.2334053088705,57.0,52.0,118.052357764125,655.7733554,2.6383959423755003,4.771128235921018
SOM,"Somalia, Fed. Rep.",2020,Low income,SSF,Eastern Mediterranean,16651191.0,1454.26711848855,12.79912567,65.5578267078208,40.2756265135548,55.0,52.0,114.423299621375,654.9483558,2.624605232909627,4.739904726227194
SOM,"Somalia, Fed. Rep.",2021,Low income,SSF,Eastern Mediterranean,17271431.0,1392.31782053371,15.01879692,67.9535994970856,41.3196817201459,62.0,58.0,110.829310422375,725.8834919,2.773762840193453,4.707991273828072
SOM,"Somalia, Fed. Rep.",2022,Low income,SSF,Eastern Mediterranean,17801897.0,1486.47247333834,16.31684875,70.3763317867306,42.3649691614571,71.0,69.0,142.82815484725,622.0243335,2.851679943740036,4.9616421932673225
SRB,Serbia,2000,Upper middle income,ECS,Europe,7516346.0,6415.70511863535,56.52191544,89.4192393475068,95.5039510992611,95.0,89.0,12.57942509925,15.55836816,4.052166013275591,2.532062550645366
SRB,Serbia,2001,Upper middle income,ECS,Europe,7503433.0,6802.74846643134,112.19754028,89.395392420878,95.5024770214585,93.0,90.0,12.030703615875,14.81963748,4.72913443655774,2.4874620167113677
SRB,Serbia,2002,Upper middle income,ECS,Europe,7500031.0,7562.70244892744,173.24946594,89.3717200962522,95.5013470819749,95.0,92.0,11.36498049675,14.24190573,5.160487984729193,2.4305367412229635
SRB,Serbia,2003,Upper middle income,ECS,Europe,7480591.0,8022.94191295514,230.08865356,89.3482829983993,95.5005404334771,89.0,87.0,10.520290919,13.71639878,5.442801418541476,2.3533058608245403
SRB,Serbia,2004,Upper middle income,ECS,Europe,7463157.0,8715.11016924349,274.45532227,89.3249064672042,95.5001274109086,88.0,89.0,9.687180895125,13.25970645,5.61842544582318,2.2708034542788718
SRB,Serbia,2005,Upper middle income,ECS,Europe,7440769.0,9397.60313235976,307.54705811,89.6720082723316,95.6679289682349,98.0,96.0,9.003229057,12.78247778,5.731874370156722,2.197583297099702
SRB,Serbia,2006,Upper middle income,ECS,Europe,7411569.0,10463.3370106839,371.506073,90.0205820679196,95.836103340787,92.0,88.0,8.500974659375,12.23823632,5.920253341042421,2.140180822731473
SRB,Serbia,2007,Upper middle income,ECS,Europe,7381579.0,11685.3884085742,547.22723389,90.3705744496824,96.0046710847047,94.0,95.0,8.16020883425,12.10156454,6.3066898613833695,2.099269761081133
SRB,Serbia,2008,Upper middle income,ECS,Europe,7350222.0,13122.5030713165,671.88702393,90.7220873327348,96.1735822880127,95.0,92.0,7.93982440875,12.21471111,6.511577446206881,2.0718911602475067
SRB,Serbia,2009,Upper middle income,ECS,Europe,7320807.0,13037.9762942071,575.262146,91.0750720753655,96.3428666633317,95.0,95.0,7.76358850825,12.4660345,6.356562671745994,2.0494446639344157
SRB,Serbia,2010,Upper middle income,ECS,Europe,7291436.0,13320.0282376797,545.33380127,91.4295629669581,96.5124901506423,91.0,95.0,7.569848974,12.62060559,6.303230146579319,2.02417311665589
SRB,Serbia,2011,Upper middle income,ECS,Europe,7236519.0,14298.2677444467,618.89422607,91.7854914551611,96.6825231290354,94.0,93.0,7.34322527025,12.67290435,6.429548860371868,1.9937781562298744
SRB,Serbia,2012,Upper middle income,ECS,Europe,7201497.0,14506.2378578624,559.90545654,92.145298947486,96.8502790858125,91.0,87.0,7.090334278625,12.69421892,6.329552364653815,1.9587324873345833
SRB,Serbia,2013,Upper middle income,ECS,Europe,7166553.0,15246.9321985267,627.53308105,92.5067790597268,97.0173317364733,95.0,92.0,6.825429841625,12.7955001,6.443388661569556,1.920655319545713
SRB,Serbia,2014,Upper middle income,ECS,Europe,7131787.0,15296.1484591287,608.85858154,92.8689758961741,97.1845998620671,93.0,86.0,6.56038110225,13.02132367,6.413227096748824,1.8810486961237398
SRB,Serbia,2015,Upper middle income,ECS,Europe,7095383.0,15546.298142138,491.25177002,93.2319494038819,97.3520264197285,95.0,87.0,6.311031583625,13.28251146,6.198990313287275,1.842299147125311
SRB,Serbia,2016,Upper middle income,ECS,Europe,7058322.0,16455.4261201487,486.42944336,93.5956537011763,97.519678308202,93.0,82.0,6.08734896725,13.16988503,6.189145548394047,1.806212677792919
SRB,Serbia,2017,Upper middle income,ECS,Europe,7020858.0,17285.4272257972,515.84570313,93.9598808103349,97.6881908970258,95.0,86.0,5.906877581,12.7571434,6.2477443834073325,1.7761173637155592
SRB,Serbia,2018,Upper middle income,ECS,Europe,6982604.0,18469.022619005,617.08691406,94.3248090621333,97.8576090639596,97.0,93.0,5.767940799875,12.28852718,6.426629085206685,1.7523151363854212
SRB,Serbia,2019,Upper middle income,ECS,Europe,6945235.0,20587.382536041,641.04754639,94.6906306889653,97.9156406613819,97.0,87.0,5.648561099375,12.10226667,6.464662360745177,1.7314008400467653
SRB,Serbia,2020,Upper middle income,ECS,Europe,6899126.0,21013.0512590365,670.03564453,95.0575271243011,97.9188486059038,92.0,78.0,5.52513862025,15.69567372,6.508822257066001,1.7093083367270858
SRB,Serbia,2021,Upper middle income,ECS,Europe,6834326.0,23406.4036315634,889.09753418,95.4256771978758,97.9231088276216,91.0,75.0,5.40593671475,26.38974064,6.791331045688046,1.6874977413021977
SRB,Serbia,2022,Upper middle income,ECS,Europe,6664449.0,26142.8279237665,843.57733154,95.4163594509615,97.9283883905418,92.0,81.0,5.30582196,14.35143204,6.738836302854795,1.6688047006859428
SSD,South Sudan,2000,Low income,SSF,Africa,6032267.0,10929.3002607587,29.88321209,95.08595516798411,21.08321822098955,77.0,73.0,182.655991904125,1657.763652,3.4302063513446237,5.207604558091243
SSD,South Sudan,2001,Low income,SSF,Africa,6308391.0,10929.3002607587,29.88321209,95.08595516798411,21.08321822098955,77.0,73.0,173.78415134675,1580.064807,3.4302063513446237,5.157814019644263
SSD,South Sudan,2002,Low income,SSF,Africa,6596806.0,10929.3002607587,29.88321209,95.08595516798411,21.08321822098955,77.0,73.0,165.02018784225,1521.041479,3.4302063513446237,5.106067816975452
SSD,South Sudan,2003,Low income,SSF,Africa,6903127.0,10929.3002607587,29.88321209,95.08595516798411,21.08321822098955,77.0,73.0,156.533099493875,1199.001499,3.4302063513446237,5.053267485981
SSD,South Sudan,2004,Low income,SSF,Africa,7233041.0,10929.3002607587,29.88321209,95.08595516798411,21.08321822098955,77.0,73.0,148.368694588875,1149.61875,3.4302063513446237,4.999700355574431
SSD,South Sudan,2005,Low income,SSF,Africa,7590143.0,10929.3002607587,29.88321209,95.08595516798411,21.08321822098955,77.0,73.0,140.731965254125,1074.164192,3.4302063513446237,4.946857125624429
SSD,South Sudan,2006,Low income,SSF,Africa,7976526.0,10929.3002607587,29.88321209,95.08595516798411,21.08321822098955,77.0,73.0,133.504420258125,1005.149874,3.4302063513446237,4.894134587839915
SSD,South Sudan,2007,Low income,SSF,Africa,8388788.0,10929.3002607587,29.88321209,95.08595516798411,21.08321822098955,77.0,73.0,126.940632865875,932.5363151,3.4302063513446237,4.8437195194171405
SSD,South Sudan,2008,Low income,SSF,Africa,8817647.0,2887.37415932878,29.88321209,95.08595516798411,21.08321822098955,77.0,73.0,120.6018861455,857.5966255,3.4302063513446237,4.7924949238515495
SSD,South Sudan,2009,Low income,SSF,Africa,9243556.0,2911.0429729878,29.88321209,95.08595516798411,21.08321822098955,77.0,73.0,114.663942687125,822.8949927,3.4302063513446237,4.742005612787581
SSD,South Sudan,2010,Low income,SSF,Africa,9745953.0,2948.0500149385,29.88321209,95.08595516798411,21.08321822098955,77.0,73.0,109.283608642375,776.1832753,3.4302063513446237,4.693946417260932
SSD,South Sudan,2011,Low income,SSF,Africa,10288109.0,2718.04847850752,29.88321209,40.2979213684027,6.98593579388276,61.0,62.0,104.424814449,770.1919649,3.4302063513446237,4.64846733349873
SSD,South Sudan,2012,Low income,SSF,Africa,10756240.0,1417.38566439045,29.88321209,40.3182204862037,7.58007556158214,63.0,59.0,100.84379931375,755.0650342,3.4302063513446237,4.613572778263581
SSD,South Sudan,2013,Low income,SSF,Africa,11166275.0,1916.8535588619,29.88321209,40.3170036685797,8.20089254501599,53.0,57.0,99.18251920375,771.4185057,3.4302063513446237,4.59696178105853
SSD,South Sudan,2014,Low income,SSF,Africa,11235073.0,1372.75618491146,29.88321209,40.2950996381389,8.84915620851998,50.0,54.0,182.291159476875,1215.602782,3.4302063513446237,5.205605186141613
SSD,South Sudan,2015,Low income,SSF,Africa,11107561.0,1154.88686304107,29.88321209,40.2538150385171,9.52607939004663,46.0,52.0,236.55229831725,1435.578641,3.4302063513446237,5.466169318019177
SSD,South Sudan,2016,Low income,SSF,Africa,10830102.0,10929.3002607587,29.88321209,40.1939250394891,10.2323689883362,45.0,51.0,263.91721331962503,1629.399793,3.4302063513446237,5.575635468057462
SSD,South Sudan,2017,Low income,SSF,Africa,10259154.0,10929.3002607587,28.05690956,40.1164221655228,10.968942628146,52.0,56.0,278.203667805875,1661.52114,3.36925630561836,5.62835346346381
SSD,South Sudan,2018,Low income,SSF,Africa,10122977.0,10929.3002607587,31.12328529,40.0226124064879,11.737005779493,59.0,61.0,132.43401651925,912.8396626,3.469581165604054,4.886084532854843
SSD,South Sudan,2019,Low income,SSF,Africa,10423384.0,10929.3002607587,35.18021774,39.9136238003103,12.5375975656084,61.0,65.0,98.76213823275,744.851351,3.5885124981911622,4.592714315039991
SSD,South Sudan,2020,Low income,SSF,Africa,10698467.0,10929.3002607587,47.40253067,39.7909332940047,13.0864589618101,67.0,69.0,98.780737689625,729.0375251,3.879552098925939,4.592902623090516
SSD,South Sudan,2021,Low income,SSF,Africa,10865780.0,10929.3002607587,34.78803635,39.6554918601002,13.6458281034803,69.0,74.0,98.7968167955,749.2421991,3.5776136573884214,4.593065385565762
SSD,South Sudan,2022,Low income,SSF,Africa,11021177.0,10929.3002607587,48.03352737,39.5092288005932,14.2167630894524,73.0,72.0,98.83175820775,703.686347,3.892504296171425,4.593418992452959
STP,Sao Tome and Principe,2000,Lower middle income,SSF,Africa,144018.0,1830.36629942706,49.63587952,69.1887073923262,20.7903937086521,82.0,69.0,82.087993851,180.1489483,3.92466040643689,4.407791767652489
STP,Sao Tome and Principe,2001,Lower middle income,SSF,Africa,146375.0,1897.87411122439,47.14751816,69.6465271453616,21.9474707249804,92.0,75.0,76.55171591125,178.3878939,3.874269592990467,4.337966537414192
STP,Sao Tome and Principe,2002,Lower middle income,SSF,Africa,149922.0,1944.99838482036,50.61143494,70.122877439146,23.1391737283234,92.0,85.0,71.005381663125,178.580239,3.943743255300573,4.26275567224097
STP,Sao Tome and Principe,2003,Lower middle income,SSF,Africa,153814.0,2093.50493378321,71.20994568,70.5928591242701,24.3386290849609,94.0,87.0,65.638129318375,178.4907609,4.279577788212427,4.184156766705104
STP,Sao Tome and Principe,2004,Lower middle income,SSF,Africa,157705.0,2170.94121914898,71.05591583,71.0518333467706,25.5404255353565,96.0,91.0,60.441980793875,177.4561405,4.277442426361519,4.101683909764193
STP,Sao Tome and Principe,2005,Lower middle income,SSF,Africa,161639.0,2329.01423017277,80.13071442,71.4990303925917,26.8577839135173,97.0,88.0,55.574676618875,181.1283194,4.3960616122353295,4.017727641009669
STP,Sao Tome and Principe,2006,Lower middle income,SSF,Africa,165638.0,2550.59553998213,57.2040329,71.9349975867541,28.1835957707981,97.0,85.0,51.028137042,176.8524435,4.06395464615112,3.9323771872960163
STP,Sao Tome and Principe,2007,Lower middle income,SSF,Africa,169700.0,2650.1038762996,59.71631241,72.3598122085936,29.5170578703442,97.0,86.0,46.82037307725,173.8525818,4.106212400182563,3.846318430361859
STP,Sao Tome and Principe,2008,Lower middle income,SSF,Africa,173793.0,2801.83579340874,64.58831787,72.7735646723353,30.857384929578,99.0,93.0,42.997592750125,173.5758363,4.183397598841695,3.7611441315712484
STP,Sao Tome and Principe,2009,Lower middle income,SSF,Africa,177853.0,2845.73589383231,64.90551758,73.1759256432541,32.2032374350904,98.0,90.0,39.468533917625,171.7542826,4.188222164558976,3.6755037447645984
STP,Sao Tome and Principe,2010,Lower middle income,SSF,Africa,181802.0,2858.56899092769,60.94829941,73.5674385311181,33.5544418305556,98.0,92.0,36.244305068625,169.6717826,4.126300156689488,3.5902822674037695
STP,Sao Tome and Principe,2011,Lower middle income,SSF,Africa,185649.0,2914.21285695222,69.45979309,73.9480124273014,34.9099928554753,96.0,91.0,33.234456700875,164.3310125,4.25504223634903,3.5035871901619444
STP,Sao Tome and Principe,2012,Lower middle income,SSF,Africa,189439.0,2652.87879478958,86.29039001,74.3179711797514,36.2694678517073,96.0,92.0,30.389041118625,158.4401168,4.469240376717573,3.414082053901295
STP,Sao Tome and Principe,2013,Lower middle income,SSF,Africa,193148.0,2945.73664283744,124.59179688,74.6744974780629,37.6279828671376,97.0,91.0,27.735197977375,149.730993,4.833036940436243,3.3227022916600157
STP,Sao Tome and Principe,2014,Lower middle income,SSF,Africa,196767.0,3233.3568807314,118.70980835,75.018493599873,38.9858756147002,95.0,92.0,25.346911182125,138.4267823,4.785070550309696,3.2326568757542864
STP,Sao Tome and Principe,2015,Lower middle income,SSF,Africa,200291.0,3171.50905832741,85.37828827,75.3502679497471,40.3427054934035,96.0,93.0,23.110812582875,127.8140542,4.458736351059294,3.1403005851945327
STP,Sao Tome and Principe,2016,Lower middle income,SSF,Africa,203689.0,3319.54261733278,109.73142242,75.6703085298352,41.6983508891345,96.0,93.0,21.139131594125,119.4160207,4.707107651468745,3.0511259007963005
STP,Sao Tome and Principe,2017,Lower middle income,SSF,Africa,206970.0,3436.31010124694,117.07767487,75.9790930081593,43.0527347494608,95.0,90.0,19.4668007285,110.1970337,4.771342669516691,2.968710487880372
STP,Sao Tome and Principe,2018,Lower middle income,SSF,Africa,210187.0,3941.03280858409,108.87628937,76.2770612146702,44.4058041526004,95.0,95.0,18.095793557,100.2735464,4.699355090817034,2.895679511096931
STP,Sao Tome and Principe,2019,Lower middle income,SSF,Africa,213392.0,4655.48496449805,106.86884308,76.5646613120149,45.7575570286583,95.0,95.0,16.99311984625,94.77671845,4.68091607319772,2.8328085472105564
STP,Sao Tome and Principe,2020,Lower middle income,SSF,Africa,217435.0,5144.53560286014,159.84396362,76.8423036078909,47.1080132831109,96.0,86.0,16.045559931625,92.43941151,5.080434724973382,2.7754321715300407
STP,Sao Tome and Principe,2021,Lower middle income,SSF,Africa,221961.0,5732.69456061536,187.06524658,77.1104795429933,48.4573502739393,97.0,77.0,15.247510894875,97.68470729,5.236788958896446,2.7244162697233887
STP,Sao Tome and Principe,2022,Lower middle income,SSF,Africa,226305.0,6033.6811722183,139.02836609,77.5574116741511,48.5350542796998,92.0,82.0,14.566418687875,82.46700036,4.941845017014243,2.6787187895728546
SUR,Suriname,2000,Upper middle income,LCN,Americas,476643.0,7535.45294158294,166.90083313,89.0616565682896,78.0261256777533,71.0,84.0,31.029575232625003,281.5474613,5.123373526131934,3.4349407894405553
SUR,Suriname,2001,Upper middle income,LCN,Americas,486560.0,7865.10262346231,91.73781586,89.5297821338861,78.3498083783454,68.0,82.0,29.946199965125,269.7183992,4.52977632746752,3.399402437216942
SUR,Suriname,2002,Upper middle income,LCN,Americas,496551.0,8045.7598267146,158.21212769,89.996030258504,78.6724770234777,73.0,73.0,28.952009180625,253.1904834,5.0702374494661,3.365639603359519
SUR,Suriname,2003,Upper middle income,LCN,Americas,506414.0,8551.63742854977,166.88664246,90.4599421429217,78.9935674670335,75.0,69.0,28.058681294375,237.9153171,5.123289004396968,3.334298077646059
SUR,Suriname,2004,Upper middle income,LCN,Americas,513923.0,9388.81890796976,212.50817871,90.9217521407363,79.3133628506981,85.0,86.0,27.210557568125,218.7272994,5.363675139710131,3.303605043879772
SUR,Suriname,2005,Upper middle income,LCN,Americas,519313.0,10013.9196135296,241.68415833,91.3567891042984,79.9454355206116,83.0,91.0,26.4276126695,202.0663509,5.491760837961084,3.2744093979947015
SUR,Suriname,2006,Upper middle income,LCN,Americas,524997.0,10802.5481845432,313.68301392,91.7905024637707,80.5786141828713,84.0,83.0,25.702513872375,186.5596319,5.751565827144933,3.2465888031632164
SUR,Suriname,2007,Upper middle income,LCN,Americas,531016.0,11530.1565508683,309.17565918,92.2251674961398,81.2158259074575,84.0,85.0,25.0164934295,173.2642604,5.737138779514071,3.2195353445172974
SUR,Suriname,2008,Upper middle income,LCN,Americas,537245.0,12097.3491165234,334.24771118,92.6609808211452,81.8573477450076,85.0,86.0,24.373780244875,160.7152677,5.814869694934903,3.193507974395909
SUR,Suriname,2009,Upper middle income,LCN,Americas,543568.0,12392.9333583436,380.04019165,93.098083849425,82.5034153738866,87.0,88.0,23.74901133425,147.1977245,5.942904859458047,3.167540901582601
SUR,Suriname,2010,Upper middle income,LCN,Americas,549923.0,13039.4491198099,399.59710693,93.5361705637667,83.1536012115357,94.0,87.0,23.169377296,134.3904075,5.992956201363404,3.142831462640751
SUR,Suriname,2011,Upper middle income,LCN,Americas,556269.0,13926.2226223035,375.34957886,93.9753934172561,83.8081495753945,80.0,79.0,22.629308000375,125.6867051,5.930518442468356,3.119245880316878
SUR,Suriname,2012,Upper middle income,LCN,Americas,562633.0,15184.9254680409,406.05526733,94.415755076208,84.4670825315891,76.0,64.0,22.096901986375,122.0095153,6.008948968189302,3.0954374170853556
SUR,Suriname,2013,Upper middle income,LCN,Americas,569020.0,16172.6961959961,434.50332642,94.8572504353224,85.1304175026747,77.0,81.0,21.5599783035,121.2071522,6.076502434426418,3.0708387397091212
SUR,Suriname,2014,Upper middle income,LCN,Americas,575373.0,16597.5853539637,440.95263672,95.3013933634171,85.8011033502861,71.0,70.0,21.039981969625,119.510088,6.091202719593923,3.046424530912155
SUR,Suriname,2015,Upper middle income,LCN,Americas,581627.0,16543.5743051372,511.91244507,95.747692023521,86.4788537727956,73.0,76.0,20.518061510125,115.1353816,6.240105158226414,3.0213055475226613
SUR,Suriname,2016,Upper middle income,LCN,Americas,587757.0,14475.3069644921,338.24822998,96.1954574091076,87.1630073725614,77.0,76.0,20.017078657,108.5633584,5.82673208125111,2.9965858420107647
SUR,Suriname,2017,Upper middle income,LCN,Americas,593713.0,17567.6802396432,322.00415039,96.6441085330734,87.8530834622316,67.0,76.0,19.50020852675,104.8176161,5.777665172644746,2.970425159192011
SUR,Suriname,2018,Upper middle income,LCN,Americas,599513.0,17855.4787141437,440.32211304,97.0931070190456,88.5487221622628,81.0,77.0,18.940276172125,101.1650287,6.08977502388028,2.9412906690732186
SUR,Suriname,2019,Upper middle income,LCN,Americas,605768.0,19771.5473885151,588.83825684,97.5417727368103,89.2491417475009,77.0,64.0,18.359599145,97.15344738,6.379848358367114,2.9101525518929976
SUR,Suriname,2020,Upper middle income,LCN,Americas,612317.0,16946.8942361914,409.86743164,97.9896319071823,89.9542117560027,51.0,45.0,17.827647933625,94.49408797,6.018270611711293,2.8807505069436687
SUR,Suriname,2021,Upper middle income,LCN,Americas,617896.0,18458.234999681,270.37786865,97.9911262229976,89.9622405684379,72.0,58.0,17.296165586249998,144.2711865,5.603512198939453,2.8504848345241287
SUR,Suriname,2022,Upper middle income,LCN,Americas,623164.0,20078.836554595,344.74603271,97.9930097991992,89.9723387364091,77.0,74.0,16.770132666374998,87.71918331,5.845704496032181,2.819599486738531
SVK,Slovak Republic,2000,High income,ECS,Europe,5388720.0,11369.9916167703,203.50627136,97.9808934698164,99.8249510243293,99.0,98.0,9.629752982666666,8.215910866,5.320598641809706,2.2648575746676163
SVK,Slovak Republic,2001,High income,ECS,Europe,5378867.0,12367.3391520167,212.22207642,97.9794231997538,99.8323941977163,99.0,99.0,9.31149561,8.037293974,5.362334234867182,2.23124972392929
SVK,Slovak Republic,2002,High income,ECS,Europe,5376912.0,13291.7864712556,254.12765503,97.9762727758847,99.8348565220667,99.0,99.0,9.046279880333335,7.244930632,5.541764027856848,2.202353610255709
SVK,Slovak Republic,2003,High income,ECS,Europe,5373374.0,14088.2610150529,344.47335815,97.9731193457204,99.6609124436808,99.0,99.0,8.811158373666666,7.016849046,5.844915529235966,2.1760189152624543
SVK,Slovak Republic,2004,High income,ECS,Europe,5372280.0,15165.8836134619,511.52990723,97.9699700750668,99.4697212161582,99.0,99.0,8.569931581333334,6.689166329,6.2393590648806745,2.1482597490694575
SVK,Slovak Republic,2005,High income,ECS,Europe,5372807.0,16570.2574196157,601.31323242,97.966819867386,99.2778705224537,99.0,98.0,8.291715592333333,6.62807709,6.400777629624049,2.115256894942053
SVK,Slovak Republic,2006,High income,ECS,Europe,5373054.0,18905.7195772335,729.01324463,97.9636510753121,99.085354726035,99.0,98.0,7.984762099333333,5.780900626,6.593062677306616,2.0775349877770974
SVK,Slovak Republic,2007,High income,ECS,Europe,5374622.0,21232.2703380662,1029.30029297,97.9604813763943,98.8921747745398,99.0,99.0,7.672131796666666,6.421853928,6.937605585305054,2.037594516352594
SVK,Slovak Republic,2008,High income,ECS,Europe,5379233.0,23714.1353570991,1251.67724609,97.9573332015085,98.6983446411072,99.0,99.0,7.372645962333333,5.47861488,7.133038336791191,1.997776659725396
SVK,Slovak Republic,2009,High income,ECS,Europe,5386406.0,23077.3712084636,1320.09301758,98.2516516843309,98.5038356202912,99.0,99.0,7.1033864326666665,5.543844142,7.186214716562643,1.9605716326843028
SVK,Slovak Republic,2010,High income,ECS,Europe,5391428.0,25381.7112298749,1296.54284668,98.6223366381553,98.3065426945289,99.0,98.0,6.875394938,5.159208811,7.168227636984216,1.9279490874299767
SVK,Slovak Republic,2011,High income,ECS,Europe,5398384.0,26201.6502820886,1352.43835449,98.9975424818939,98.1082605200532,99.0,98.0,6.689092853000001,5.122266361,7.210403562756703,1.9004782674870768
SVK,Slovak Republic,2012,High income,ECS,Europe,5407579.0,27022.7747321382,1319.43823242,99.3758319231796,97.9115016184272,99.0,99.0,6.539603444333333,4.868977757,7.185718954740094,1.877876528207668
SVK,Slovak Republic,2013,High income,ECS,Europe,5413393.0,28075.4326236719,1370.46765137,99.5201711980616,97.7141281271847,98.0,98.0,6.419330035666666,5.001456405,7.223636723785242,1.8593137564412618
SVK,Slovak Republic,2014,High income,ECS,Europe,5418649.0,29108.072180194,1289.34851074,99.7867504210911,97.516126759043,97.0,97.0,6.310649531666667,4.785254807,7.162667624232509,1.8422386081281743
SVK,Slovak Republic,2015,High income,ECS,Europe,5423801.0,30147.9903672541,1108.87817383,99.7871905460043,97.5208284449085,96.0,95.0,6.201991169333333,4.569333322,7.012005534976739,1.824870396835472
SVK,Slovak Republic,2016,High income,ECS,Europe,5430798.0,29867.9803390081,1175.6270752,99.7875130290361,97.526250341086,96.0,95.0,6.096130905,4.985067877,7.070407213554345,1.8076542920711067
SVK,Slovak Republic,2017,High income,ECS,Europe,5439232.0,30245.7825869756,1189.07983398,99.7877332249029,97.532398820711,96.0,96.0,6.008123875333333,4.792900074,7.081775671233469,1.7931125326469692
SVK,Slovak Republic,2018,High income,ECS,Europe,5446771.0,31509.8187291635,1299.91125488,99.7878360952322,97.5317758845703,97.0,96.0,5.948387452333333,4.653782053,7.170820263180512,1.7831201664113874
SVK,Slovak Republic,2019,High income,ECS,Europe,5454147.0,33985.6758419661,1342.07580566,99.7878205729011,97.5318474506964,97.0,96.0,5.919468829,4.811105407,7.202717639948893,1.77824672003932
SVK,Slovak Republic,2020,High income,ECS,Europe,5458827.0,35327.9439165588,1393.62438965,99.7877016868458,97.5326284865492,97.0,96.0,5.918614140333333,4.084217723,7.24038040326872,1.7781023235740532
SVK,Slovak Republic,2021,High income,ECS,Europe,5447247.0,38346.0935768177,1684.51550293,99.7874622291047,97.5341310938748,97.0,95.0,5.9493087933333335,12.22553869,7.42982673245442,1.7832750436217006
SVK,Slovak Republic,2022,High income,ECS,Europe,5431752.0,41562.1497793913,1642.39208984,99.7871105591553,97.5363631509113,97.0,95.0,6.003008367666666,5.441605909,7.404517732195981,1.7922607381828886
SVN,Slovenia,2000,High income,ECS,Europe,1988925.0,17891.5856596003,796.64703369,99.689229399328,99.1116751269035,91.0,95.0,5.436848022,7.201921921,6.681666185928583,1.6931994852257433
SVN,Slovenia,2001,High income,ECS,Europe,1992060.0,18763.4715912597,826.22576904,99.6842452602705,99.1116751269035,92.0,94.0,5.155322752333333,6.376803055,6.718077655396607,1.6400297250790228
SVN,Slovenia,2002,High income,ECS,Europe,1994530.0,20004.2990959715,944.87145996,99.679261121213,99.1116751269035,93.0,93.0,4.892060133333334,5.67332545,6.852106682398986,1.587613509927083
SVN,Slovenia,2003,High income,ECS,Europe,1995733.0,20915.5593835145,1203.06359863,99.6742769821555,99.1116751269035,95.0,94.0,4.647556854333334,5.819077489,7.0934574472560845,1.5363416738540383
SVN,Slovenia,2004,High income,ECS,Europe,1997012.0,22587.7819716494,1368.64855957,99.669292843098,99.1116751269035,94.0,94.0,4.412983839,5.828109294,7.22230946005247,1.4845510681461023
SVN,Slovenia,2005,High income,ECS,Europe,2000474.0,23682.3710849153,1449.18920898,99.6643087040405,99.1116751269035,95.0,94.0,4.186072312333333,6.023837063,7.279449315853402,1.4317628986795055
SVN,Slovenia,2006,High income,ECS,Europe,2006868.0,25571.066947369,1541.66430664,99.6593245649829,99.1116751269035,97.0,96.0,3.9679069716666655,6.304991044,7.341266269808505,1.3782387445073392
SVN,Slovenia,2007,High income,ECS,Europe,2018122.0,27468.038850682,1795.95043945,99.6543404259254,99.0583073018352,97.0,96.0,3.757332474,6.368339745,7.493846306798337,1.3237092572199396
SVN,Slovenia,2008,High income,ECS,Europe,2021316.0,29460.9414243515,2179.45239258,99.6493562868679,99.0049394767669,97.0,96.0,3.5583679710000005,6.781585013,7.687287653786045,1.2693020046380772
SVN,Slovenia,2009,High income,ECS,Europe,2039669.0,27228.6387025436,2125.05688477,99.6443721478104,98.9515716516986,96.0,95.0,3.3748140650000003,6.600434977,7.662024315256074,1.2163402309550295
SVN,Slovenia,2010,High income,ECS,Europe,2048583.0,27579.428605763,2017.14660645,99.6393880087529,98.8982038266302,96.0,95.0,3.208845515666667,6.603462077,7.609934847655291,1.1659112200111836
SVN,Slovenia,2011,High income,ECS,Europe,2052843.0,28715.6339954963,2147.80517578,99.6344038696953,98.8448360015619,96.0,96.0,3.058553397666667,6.37629757,7.672667234449989,1.1179420583241684
SVN,Slovenia,2012,High income,ECS,Europe,2057159.0,28786.7105517686,1974.85400391,99.6294197306378,98.7914681764936,96.0,95.0,2.925877052,6.175792522,7.588755990917276,1.0735942825763478
SVN,Slovenia,2013,High income,ECS,Europe,2059953.0,29634.0657611471,2055.38134766,99.6244355915803,98.7381003514252,95.0,94.0,2.8085074596666666,5.729167459,7.628703089755074,1.0326531890903183
SVN,Slovenia,2014,High income,ECS,Europe,2061980.0,30571.9753019832,2062.38476563,99.6194514525228,98.6847325263569,95.0,94.0,2.7088518026666666,5.599342196,7.632103003499542,0.9965248560571517
SVN,Slovenia,2015,High income,ECS,Europe,2063531.0,31336.2043858881,1775.86071777,99.6144673134653,98.6313647012886,95.0,94.0,2.622725963333333,5.189629802,7.482603444536872,0.9642142209066242
SVN,Slovenia,2016,High income,ECS,Europe,2065042.0,33575.1775435757,1838.65405273,99.6094831744078,98.5779968762202,94.0,92.0,2.549685057,4.969978255,7.517332818105377,0.9359698444838864
SVN,Slovenia,2017,High income,ECS,Europe,2066388.0,36180.0384547624,1925.03466797,99.6044990353502,98.5246290511519,94.0,93.0,2.486797590333333,4.734074342,7.563218592180497,0.9109957744296795
SVN,Slovenia,2018,High income,ECS,Europe,2073894.0,38620.2045436305,2169.57885742,99.5995148962927,98.4712612260836,93.0,93.0,2.4344722253333333,4.126640535,7.682749165533259,0.889729987798924
SVN,Slovenia,2019,High income,ECS,Europe,2088385.0,42373.2506369279,2219.09790039,99.5945307572352,98.4178934010152,95.0,94.0,2.389862344,3.84993993,7.705306573168755,0.8712357676319488
SVN,Slovenia,2020,High income,ECS,Europe,2102419.0,41767.2579899957,2417.20874023,99.5895466181777,98.3645255759469,95.0,94.0,2.3516728356666667,11.7916206,7.790782355087266,0.8551269198791518
SVN,Slovenia,2021,High income,ECS,Europe,2108079.0,45914.0572392406,2779.56591797,99.5845624791202,98.3111577508786,86.0,95.0,2.317173850666667,8.069519663,7.930409753582715,0.8403482752926018
SVN,Slovenia,2022,High income,ECS,Europe,2112076.0,52347.109726538,2737.84936523,99.5795783400627,98.3111577508786,89.0,96.0,2.283292215,15.12944315,7.915293171485668,0.8256183554146806
SWE,Sweden,2000,High income,ECS,Europe,8872109.0,29636.237888475,2173.1940918,99.4843695619829,99.2347634124279,99.0,91.0,4.088660949,5.463315417,7.684413342352906,1.4082175201163123
SWE,Sweden,2001,High income,ECS,Europe,8895960.0,29946.0301894984,2154.63354492,99.4963792681382,99.2332384165328,99.0,94.0,4.040826729666667,5.231549864,7.675839947693687,1.3964493070940627
SWE,Sweden,2002,High income,ECS,Europe,8924958.0,30987.2674908129,2456.70068359,99.5085347124105,99.2277089490057,99.0,95.0,3.972079191666667,5.400075373,7.806981510371827,1.3792896834631971
SWE,Sweden,2003,High income,ECS,Europe,8958229.0,31787.5295342593,3107.48876953,99.5206514635942,99.2051754500928,99.0,95.0,3.868275194,5.488565964,8.041891960876743,1.35280872138912
SWE,Sweden,2004,High income,ECS,Europe,8993531.0,33804.8571053135,3488.65771484,99.5327102571296,99.182623862092,99.0,96.0,3.7378978276666666,5.264529567,8.157558934409632,1.3185233752372987
SWE,Sweden,2005,High income,ECS,Europe,9029572.0,34198.3864576781,3546.78686523,99.5447070775688,99.1600494494,98.0,96.0,3.592957649,5.074767192,8.174079269818435,1.278975720975913
SWE,Sweden,2006,High income,ECS,Europe,9080505.0,37671.6747821444,3755.67529297,99.5571126332243,99.1374844622195,98.0,97.0,3.4465557556666666,5.299096985,8.231289614628382,1.2373754006874482
SWE,Sweden,2007,High income,ECS,Europe,9148092.0,40812.8056059315,4295.55224609,99.5698405523295,99.1149041183548,98.0,96.0,3.317139806,5.198804618,8.36556817683063,1.199102907403501
SWE,Sweden,2008,High income,ECS,Europe,9219637.0,41906.6990173542,4609.91845703,99.5824390950452,99.0922716215488,98.0,96.0,3.210388364,5.154134792,8.436182347606612,1.1663919154935305
SWE,Sweden,2009,High income,ECS,Europe,9298515.0,40094.0288624173,4118.41650391,99.5949006103398,99.0695949437167,98.0,97.0,3.1251587486666668,5.105617499,8.323466807049204,1.1394850814714435
SWE,Sweden,2010,High income,ECS,Europe,9378126.0,41951.4533673936,4391.1171875,99.6072194103312,99.0468670356081,98.0,97.0,3.0578719233333334,4.765045123,8.387566664868926,1.1177192241357696
SWE,Sweden,2011,High income,ECS,Europe,9449213.0,44332.5217389078,6363.61474609,99.6200368706399,99.0240725950998,98.0,97.0,3.006825498,4.912232579,8.758508982229593,1.1008848703969676
SWE,Sweden,2012,High income,ECS,Europe,9519374.0,45206.9864434727,6280.82519531,99.6332110988659,99.0011691334878,98.0,97.0,2.967637045,4.99613368,8.745415853431586,1.087766028406688
SWE,Sweden,2013,High income,ECS,Europe,9600379.0,46098.2321368832,6716.21484375,99.6460882913132,98.9781745144205,98.0,97.0,2.933720106666667,4.977055527,8.812428889830535,1.0762712786694593
SWE,Sweden,2014,High income,ECS,Europe,9696110.0,46841.4019746739,6632.23681641,99.6586774345315,98.9550794456992,98.0,97.0,2.8995225286666666,4.905958948,8.799848171648668,1.0645460781495488
SWE,Sweden,2015,High income,ECS,Europe,9799186.0,48772.0696057277,5626.04833984,99.6710064082341,98.9319079494218,98.0,98.0,2.859356051666667,4.527355805,8.635340310091243,1.0505964427202659
SWE,Sweden,2016,High income,ECS,Europe,9923085.0,50289.7687144136,5719.45996094,99.6830482298688,98.9086418804905,98.0,97.0,2.8117776413333337,4.548960867,8.65180449389266,1.0338168959048102
SWE,Sweden,2017,High income,ECS,Europe,10057698.0,51474.1199115161,5871.52294922,99.694829304649,98.8852906425608,97.0,97.0,2.7564423713333333,4.536414567,8.678039624438586,1.0139408523655475
SWE,Sweden,2018,High income,ECS,Europe,10175214.0,53122.438677218,6042.13525391,99.7063476379423,98.8618710894005,97.0,97.0,2.696109594333333,4.508020047,8.706678238025699,0.9918098429409543
SWE,Sweden,2019,High income,ECS,Europe,10278887.0,57046.4463076951,5688.04492188,99.7175968808231,98.8383650468889,98.0,97.0,2.6377744583333333,4.45582661,8.646297660989466,0.969935553419911
SWE,Sweden,2020,High income,ECS,Europe,10353442.0,57489.2657196219,6030.53271484,99.7286050632105,98.8147945547194,97.0,97.0,2.5853072016666667,5.199592406,8.704756438988076,0.949844341002626
SWE,Sweden,2021,High income,ECS,Europe,10415811.0,62731.700616293,6894.20166016,99.7393684296399,98.7911500544417,98.0,97.0,2.5413832233333333,5.128944337,8.838581037103552,0.9327085089181698
SWE,Sweden,2022,High income,ECS,Europe,10486941.0,67075.6762724717,6022.39257813,99.7499137536867,98.767447686991,94.0,93.0,2.504169006,5.069334432,8.703405930751918,0.9179569453691527
SWZ,Eswatini,2000,Lower middle income,SSF,Africa,1041414.0,4400.66419449933,76.93126678,52.3827344327009,50.2519164138463,84.0,92.0,109.06646740075,360.7371594,4.355827243080725,4.691957489048575
SWZ,Eswatini,2001,Lower middle income,SSF,Africa,1051064.0,4521.4032108244,75.41345978,53.4258407035318,50.7480641733809,84.0,93.0,112.526276135125,306.5845361,4.336158855786349,4.723186760017821
SWZ,Eswatini,2002,Lower middle income,SSF,Africa,1059441.0,4741.61187847577,74.66481781,54.4752825791537,51.2776269086054,85.0,93.0,114.275528013,331.2664548,4.326313294285698,4.73861244475406
SWZ,Eswatini,2003,Lower middle income,SSF,Africa,1066700.0,5020.28286278551,131.40959167,55.5310495688809,51.8180236273176,85.0,93.0,115.660480700125,392.1844938,4.885900085516384,4.750659008869845
SWZ,Eswatini,2004,Lower middle income,SSF,Africa,1073159.0,5309.60507878112,175.89544678,56.5922875058508,52.3689358798259,86.0,93.0,116.15897232225,450.9201969,5.1755588618859285,4.754959703949282
SWZ,Eswatini,2005,Lower middle income,SSF,Africa,1079022.0,5772.68986514959,217.26066589,57.6602730930279,52.9308437622057,86.0,93.0,115.500784005375,528.8265571,5.385690063582883,4.749277317864135
SWZ,Eswatini,2006,Lower middle income,SSF,Africa,1084436.0,6319.41444308281,237.50752258,58.7341694131305,53.5034552326693,87.0,93.0,105.31422118075,511.2774385,5.474400851046915,4.65694846396921
SWZ,Eswatini,2007,Lower middle income,SSF,Africa,1090705.0,6731.95411367419,252.24301147,59.8325678287226,54.091290182986,87.0,94.0,99.99772916175,646.8141573,5.534349547367974,4.605147477347752
SWZ,Eswatini,2008,Lower middle income,SSF,Africa,1098091.0,6913.68732720184,265.72091675,61.0508081483967,54.7111665894608,88.0,94.0,98.164701350875,766.128819,5.586202856121652,4.586646694028303
SWZ,Eswatini,2009,Lower middle income,SSF,Africa,1105153.0,7010.9331263514,279.68212891,62.2691676110764,55.3293473329565,88.0,94.0,92.455257456875,855.1832336,5.637222815185023,4.526724824327346
SWZ,Eswatini,2010,Lower middle income,SSF,Africa,1111650.0,7324.46393085837,343.04284668,63.4875943995962,55.9457205621273,89.0,94.0,81.74730639475,752.1108817,5.840766203919481,4.403632859934828
SWZ,Eswatini,2011,Lower middle income,SSF,Africa,1117833.0,7570.9966142438,365.25265503,64.7063885949655,56.5601896645653,91.0,87.0,68.097303884875,765.0727072,5.90332340953367,4.220937621841271
SWZ,Eswatini,2012,Lower middle income,SSF,Africa,1123863.0,7760.32280456285,340.03012085,65.8999215766669,57.1723082291424,95.0,88.0,63.78712459525,612.6885032,5.831970804320986,4.155551361132717
SWZ,Eswatini,2013,Lower middle income,SSF,Africa,1129990.0,8231.15139767951,303.40438843,67.0946646886489,57.7849166217817,98.0,97.0,61.58004596075,491.4062818,5.718357042539328,4.120337888854471
SWZ,Eswatini,2014,Lower middle income,SSF,Africa,1136299.0,8365.743287389,282.43395996,68.290236770265,58.3979502299524,98.0,97.0,61.697528107875,368.8472003,5.646979150564425,4.122243867027353
SWZ,Eswatini,2015,Lower middle income,SSF,Africa,1142813.0,8391.07006084602,250.71520996,69.4869405286673,59.0113147479488,90.0,89.0,58.601213685375,282.9534519,5.5282983292388375,4.070755407723012
SWZ,Eswatini,2016,Lower middle income,SSF,Africa,1149507.0,8484.12117278345,226.41770935,70.6869219395068,59.6244143156364,90.0,89.0,55.280609058,212.8734634,5.426788455812722,4.012422197090471
SWZ,Eswatini,2017,Lower middle income,SSF,Africa,1158195.0,8584.31100767837,265.50152588,71.889631274468,60.236840423133,90.0,89.0,54.2340585515,151.4230312,5.5853799692180255,3.9933090976524785
SWZ,Eswatini,2018,Lower middle income,SSF,Africa,1168929.0,8535.25593160454,292.33929443,73.0951527386502,60.8480464368627,90.0,85.0,50.9221952145,132.6090441,5.6813299405181095,3.9302988838066915
SWZ,Eswatini,2019,Lower middle income,SSF,Africa,1179874.0,9248.32206714455,320.05084229,74.3032304184965,61.4575194811054,90.0,81.0,51.59546570875,96.2412409,5.77159949778435,3.943433794764949
SWZ,Eswatini,2020,Lower middle income,SSF,Africa,1192729.0,9329.30453360939,236.99609375,75.5136191882992,62.0647533053702,83.0,76.0,49.78476677275,102.2562364,5.472254260721657,3.907709049139911
SWZ,Eswatini,2021,Lower middle income,SSF,Africa,1206593.0,9990.43491951205,297.72213745,76.7260694607932,62.6692355268683,77.0,80.0,47.614992683125,219.3369073,5.699513835130695,3.863147683978561
SWZ,Eswatini,2022,Lower middle income,SSF,Africa,1218917.0,10635.3924156113,284.75802612,77.9405822265556,63.2702587161203,97.0,83.0,46.167650722,111.5081495,5.655145390189474,3.8322793520100946
SXM,Sint Maarten (Dutch part),2000,High income,LCN,Americas,30773.0,10929.3002607587,1610.73034668,98.5885136863648,98.3844236135577,96.0,95.0,20.469548690625,10.015977665,7.385063630339435,3.018938352074265
SXM,Sint Maarten (Dutch part),2001,High income,LCN,Americas,30726.0,10929.3002607587,1610.73034668,98.6441033512407,98.4149315325455,96.0,95.0,20.469548690625,10.015977665,7.385063630339435,3.018938352074265
SXM,Sint Maarten (Dutch part),2002,High income,LCN,Americas,30960.0,10929.3002607587,1610.73034668,98.6996930161167,98.4454394515333,96.0,95.0,20.469548690625,10.015977665,7.385063630339435,3.018938352074265
SXM,Sint Maarten (Dutch part),2003,High income,LCN,Americas,31327.0,10929.3002607587,1610.73034668,98.7552826809926,98.4759473705211,96.0,95.0,20.469548690625,10.015977665,7.385063630339435,3.018938352074265
SXM,Sint Maarten (Dutch part),2004,High income,LCN,Americas,31690.0,10929.3002607587,1610.73034668,98.8108723458685,98.5064552895088,96.0,95.0,20.469548690625,10.015977665,7.385063630339435,3.018938352074265
SXM,Sint Maarten (Dutch part),2005,High income,LCN,Americas,32057.0,10929.3002607587,1610.73034668,98.8664620107444,98.5369632084966,96.0,95.0,20.469548690625,10.015977665,7.385063630339435,3.018938352074265
SXM,Sint Maarten (Dutch part),2006,High income,LCN,Americas,32428.0,10929.3002607587,1610.73034668,98.9220516756204,98.5674711274844,96.0,95.0,20.469548690625,10.015977665,7.385063630339435,3.018938352074265
SXM,Sint Maarten (Dutch part),2007,High income,LCN,Americas,32791.0,10929.3002607587,1610.73034668,98.9776413404963,98.5979790464721,96.0,95.0,20.469548690625,10.015977665,7.385063630339435,3.018938352074265
SXM,Sint Maarten (Dutch part),2008,High income,LCN,Americas,33145.0,10929.3002607587,1610.73034668,99.0332310053722,98.6284869654599,96.0,95.0,20.469548690625,10.015977665,7.385063630339435,3.018938352074265
SXM,Sint Maarten (Dutch part),2009,High income,LCN,Americas,33491.0,36454.0882416339,1610.73034668,99.0888206702481,98.6589948844477,96.0,95.0,20.469548690625,10.015977665,7.385063630339435,3.018938352074265
SXM,Sint Maarten (Dutch part),2010,High income,LCN,Americas,33794.0,37736.4056799196,1610.73034668,99.1444103351241,98.6895028034355,96.0,95.0,20.469548690625,10.015977665,7.385063630339435,3.018938352074265
SXM,Sint Maarten (Dutch part),2011,High income,LCN,Americas,34267.0,39730.5467349267,1610.73034668,99.2,98.7200107224233,96.0,95.0,20.469548690625,10.015977665,7.385063630339435,3.018938352074265
SXM,Sint Maarten (Dutch part),2012,High income,LCN,Americas,35023.0,35520.5138693527,1610.73034668,99.2555896648759,98.750518641411,96.0,95.0,20.469548690625,10.015977665,7.385063630339435,3.018938352074265
SXM,Sint Maarten (Dutch part),2013,High income,LCN,Americas,35854.0,36178.1870158544,1610.73034668,99.3111793297519,98.7810265603988,96.0,95.0,20.469548690625,10.015977665,7.385063630339435,3.018938352074265
SXM,Sint Maarten (Dutch part),2014,High income,LCN,Americas,36672.0,43514.2365385271,1610.73034668,99.3111793297519,98.7810265603988,96.0,95.0,20.469548690625,10.015977665,7.385063630339435,3.018938352074265
SXM,Sint Maarten (Dutch part),2015,High income,LCN,Americas,37471.0,44587.5911500766,1610.73034668,99.3111793297519,98.7810265603988,96.0,95.0,20.469548690625,10.015977665,7.385063630339435,3.018938352074265
SXM,Sint Maarten (Dutch part),2016,High income,LCN,Americas,38249.0,44845.106868735,1610.73034668,99.3111793297519,98.7810265603988,96.0,95.0,20.469548690625,10.015977665,7.385063630339435,3.018938352074265
SXM,Sint Maarten (Dutch part),2017,High income,LCN,Americas,38996.0,44479.2967076826,1610.73034668,99.3111793297519,98.7810265603988,96.0,95.0,20.469548690625,10.015977665,7.385063630339435,3.018938352074265
SXM,Sint Maarten (Dutch part),2018,High income,LCN,Americas,39712.0,41653.2008964784,1610.73034668,95.08595516798411,98.89632012252255,96.0,95.0,20.469548690625,10.015977665,7.385063630339435,3.018938352074265
SXM,Sint Maarten (Dutch part),2019,High income,LCN,Americas,40385.0,45715.6970519376,1610.73034668,95.08595516798411,98.89632012252255,96.0,95.0,20.469548690625,10.015977665,7.385063630339435,3.018938352074265
SXM,Sint Maarten (Dutch part),2020,High income,LCN,Americas,41008.0,38901.4867603712,1610.73034668,95.08595516798411,98.89632012252255,96.0,95.0,20.469548690625,10.015977665,7.385063630339435,3.018938352074265
SXM,Sint Maarten (Dutch part),2021,High income,LCN,Americas,41571.0,40507.0672411717,1610.73034668,95.08595516798411,98.89632012252255,96.0,95.0,20.469548690625,10.015977665,7.385063630339435,3.018938352074265
SXM,Sint Maarten (Dutch part),2022,High income,LCN,Americas,42139.0,48760.6820580997,1610.73034668,95.08595516798411,98.89632012252255,96.0,95.0,20.469548690625,10.015977665,7.385063630339435,3.018938352074265
SYC,Seychelles,2000,High income,SSF,Africa,81131.0,14637.9590709133,340.23703003,93.566407764684,95.4940997507991,98.0,97.0,13.750509812,44.59895554,5.832577338538781,2.6210759006616002
SYC,Seychelles,2001,High income,SSF,Africa,81202.0,14614.8329926864,334.48275757,93.7397794837197,95.6912191218088,96.0,95.0,13.727653304,42.9407638,5.81557056185708,2.6194122877646975
SYC,Seychelles,2002,High income,SSF,Africa,83723.0,14569.6256457696,340.82293701,93.9131512027555,95.8883384928185,99.0,98.0,13.719003266333331,45.19913739,5.834292874954231,2.6187819714322953
SYC,Seychelles,2003,High income,SSF,Africa,82781.0,14141.7230046746,394.09664917,94.0865229217912,96.0854578638281,99.0,99.0,13.728055081333332,47.3250849,5.979130416414537,2.619441555072444
SYC,Seychelles,2004,High income,SSF,Africa,82475.0,14160.4071686004,444.24789429,94.259894640827,96.2825772348378,99.0,99.0,13.738781866666663,52.37139754,6.0986311928829,2.6202226268717914
SYC,Seychelles,2005,High income,SSF,Africa,82858.0,15846.0514029555,457.77093506,94.4332663598628,96.4796966058475,99.0,99.0,13.769100599333331,50.07729914,6.128551033335709,2.6224269946548295
SYC,Seychelles,2006,High income,SSF,Africa,84600.0,17503.1964981748,487.17950439,94.6066380788986,96.6768159768572,99.0,99.0,13.811921585,51.43553517,6.190683175082507,2.625532102202044
SYC,Seychelles,2007,High income,SSF,Africa,85033.0,19473.4206754148,428.61749268,94.7800097979343,96.8739353478668,99.0,99.0,13.862366157,52.10551061,6.062895260894543,2.629177697589298
SYC,Seychelles,2008,High income,SSF,Africa,86956.0,18880.5748562445,367.36502075,94.9533815169701,97.0710547188765,99.0,99.0,13.918913977,51.42184542,5.909074350768965,2.6332486329689635
SYC,Seychelles,2009,High income,SSF,Africa,87298.0,18453.4410730348,310.96310425,95.1267532360059,97.2681740898861,99.0,97.0,13.990849633000002,50.64729828,5.742884925207762,2.6384035182843464
SYC,Seychelles,2010,High income,SSF,Africa,89770.0,18981.6586503443,449.52416992,95.3001249550416,97.4652934608958,99.0,99.0,14.072439214,50.21290806,6.110411726929967,2.644218218858352
SYC,Seychelles,2011,High income,SSF,Africa,87441.0,21780.7075576057,457.16436768,95.4734966740774,97.6624128319055,99.0,99.0,14.155986047,49.71878863,6.12722800112904,2.6501375768229405
SYC,Seychelles,2012,High income,SSF,Africa,88303.0,22263.822159947,562.99871826,95.6468683931132,97.8595322029151,98.0,98.0,14.257922422333332,48.79719109,6.335051978906824,2.657312711688443
SYC,Seychelles,2013,High income,SSF,Africa,89949.0,22487.2497747,545.24871826,95.820240112149,98.0566515739248,98.0,97.0,14.354863018333331,48.25365734,6.303074399972265,2.664088771091645
SYC,Seychelles,2014,High income,SSF,Africa,91359.0,24984.526915426,588.18261719,95.9936118311847,98.2537709449345,99.0,99.0,14.450267346,45.86372986,6.378736181760195,2.6707129158405785
SYC,Seychelles,2015,High income,SSF,Africa,93419.0,25435.2289894362,566.96704102,96.1669835502205,98.4508903159442,97.0,98.0,14.529871706,46.48182753,6.3420633906643165,2.6762066479492668
SYC,Seychelles,2016,High income,SSF,Africa,94677.0,28811.3970334958,673.19622803,96.2317404863787,98.6480096869539,96.0,97.0,14.605458446666669,46.9944495,6.513521208049809,2.681395325053779
SYC,Seychelles,2017,High income,SSF,Africa,95843.0,30674.6487335442,667.09515381,96.2382549357375,98.8451290579635,97.0,99.0,14.666299385333334,47.23220189,6.504430609215556,2.6855523030275066
SYC,Seychelles,2018,High income,SSF,Africa,96762.0,32091.2988657346,685.10827637,96.2447469000147,98.8746286644801,99.0,96.0,14.737429958,48.60859439,6.531035452544946,2.690390513214367
SYC,Seychelles,2019,High income,SSF,Africa,97625.0,34219.061370118,675.47839355,96.8604704263635,98.885830584073,99.0,99.0,14.797561154,47.89680353,6.516900508519864,2.694462380299326
SYC,Seychelles,2020,High income,SSF,Africa,98462.0,31055.9442055039,670.88684082,97.0338421453993,98.8969906145227,97.0,97.0,14.782343308333331,51.12119916,6.510089934706781,2.6934334488483374
SYC,Seychelles,2021,High income,SSF,Africa,99258.0,29979.8272686091,629.85974121,97.2072138644351,98.8985665517452,94.0,94.0,14.676337473666663,73.94598178,6.447083557658988,2.6862365011636973
SYC,Seychelles,2022,High income,SSF,Africa,119878.0,29972.8758315937,707.34448242,97.3805855834709,99.7,97.0,98.0,14.479125273666668,88.59012388,6.562930532453596,2.6727079758556926
SYR,Syrian Arab Republic,2000,Low income,MEA,Eastern Mediterranean,16637888.0,10929.3002607587,53.69049835,91.6158541063871,88.4362434436707,86.0,84.0,23.16309470575,30.68058993,4.001689989586319,3.142560266651542
SYR,Syrian Arab Republic,2001,Low income,MEA,Eastern Mediterranean,17051338.0,10929.3002607587,57.71026993,91.7586218999109,88.5934283502185,83.0,80.0,22.27228991425,28.56343482,4.072614667749055,3.1033433010504967
SYR,Syrian Arab Republic,2002,Low income,MEA,Eastern Mediterranean,17468332.0,10929.3002607587,62.74715805,91.8997721443818,88.7492874257757,86.0,84.0,21.505510587875,26.26134247,4.154924603436992,3.068309208705531
SYR,Syrian Arab Republic,2003,Low income,MEA,Eastern Mediterranean,17889296.0,10929.3002607587,59.87030792,92.0391528942306,88.9036732275118,85.0,83.0,20.8450945755,24.03762541,4.108745501142619,3.037118648405701
SYR,Syrian Arab Republic,2004,Low income,MEA,Eastern Mediterranean,18336875.0,10929.3002607587,60.20412827,92.1769036904115,89.0567218578073,84.0,82.0,20.28723849525,22.43684073,4.1142146426354245,3.0099920428130864
SYR,Syrian Arab Republic,2005,Low income,MEA,Eastern Mediterranean,18814091.0,10929.3002607587,62.29284668,92.3127500006423,89.4008999377627,83.0,81.0,19.824032507375,21.23961281,4.147772316129329,2.9868949646844234
SYR,Syrian Arab Republic,2006,Low income,MEA,Eastern Mediterranean,19637022.0,10929.3002607587,64.00552368,92.4468435279916,89.7438154668414,82.0,81.0,19.4494595995,19.76895772,4.174472245977375,2.967819285591067
SYR,Syrian Arab Republic,2007,Low income,MEA,Eastern Mediterranean,20884125.0,10929.3002607587,72.10467529,92.5793268908565,90.0855961151044,82.0,81.0,19.18090920175,19.15060304,4.291892322166082,2.953915471968376
SYR,Syrian Arab Republic,2008,Low income,MEA,Eastern Mediterranean,21636564.0,10929.3002607587,82.92500305,92.7100619487553,90.4260958959399,81.0,81.0,19.02793579475,19.94105684,4.42992357920807,2.9459082043132385
SYR,Syrian Arab Republic,2009,Low income,MEA,Eastern Mediterranean,21976969.0,10929.3002607587,88.00678253,92.8389950924631,90.765252574693,81.0,82.0,18.940052894875,19.29470136,4.488712575030689,2.941278880514064
SYR,Syrian Arab Republic,2010,Low income,MEA,Eastern Mediterranean,22482421.0,10929.3002607587,91.5537796,92.9663113079077,91.1032333325641,81.0,82.0,18.94399017075,19.41435523,4.527789876651333,2.941486739843247
SYR,Syrian Arab Republic,2011,Low income,MEA,Eastern Mediterranean,22878098.0,10929.3002607587,78.28834534,93.0142407575588,91.3661532755884,72.0,80.0,21.657201135875,20.68426866,4.373091148608998,3.0753380151198186
SYR,Syrian Arab Republic,2012,Low income,MEA,Eastern Mediterranean,22759763.0,10929.3002607587,66.27796173,93.0666090748755,91.6346537137352,58.0,72.0,33.84519761325,22.37757353,4.208832719872842,3.5217971167158697
SYR,Syrian Arab Republic,2013,Low income,MEA,Eastern Mediterranean,21666917.0,10929.3002607587,47.07229233,93.1236567198274,91.9089982459699,54.0,69.0,36.517672002,24.98110245,3.8727059680998406,3.5977963078570183
SYR,Syrian Arab Republic,2014,Low income,MEA,Eastern Mediterranean,20273659.0,10929.3002607587,48.91549683,93.1852908581408,92.1891347366773,56.0,65.0,35.28743459025,24.90870536,3.9103315122598383,3.563526939954085
SYR,Syrian Arab Republic,2015,Low income,MEA,Eastern Mediterranean,19424618.0,10929.3002607587,38.17871475,93.3313690922038,92.5483239351902,54.0,64.0,36.940724943,24.30132086,3.66813360825195,3.6093145994567095
SYR,Syrian Arab Republic,2016,Low income,MEA,Eastern Mediterranean,19193834.0,10929.3002607587,27.40652657,93.4743194436067,92.9046403526053,55.0,73.0,32.189959620875,22.60018783,3.346618927567979,3.471654590910272
SYR,Syrian Arab Republic,2017,Low income,MEA,Eastern Mediterranean,19224668.0,3265.07029374996,35.57104874,93.6141078832072,93.258034132691,61.0,78.0,32.938148309375,22.68961031,3.5992569093546893,3.494631509124951
SYR,Syrian Arab Republic,2018,Low income,MEA,Eastern Mediterranean,19577845.0,3455.89227013449,46.24067307,93.7507061762982,93.6084625778636,60.0,74.0,32.57275358975,21.18335921,3.8552552391108112,3.4834761594587644
SYR,Syrian Arab Republic,2019,Low income,MEA,Eastern Mediterranean,20353534.0,3502.17511543737,55.2208252,93.8841397011328,93.9559328365603,67.0,76.0,24.940587279875,24.48132931,4.02928724342118,3.21649648768415
SYR,Syrian Arab Republic,2020,Low income,MEA,Eastern Mediterranean,21049429.0,3737.65751831376,37.03173065,94.0143506731298,94.3003801258049,62.0,70.0,22.345650558,23.06178597,3.6384208283988175,3.1066316962153513
SYR,Syrian Arab Republic,2021,Low income,MEA,Eastern Mediterranean,21628839.0,4592.83860100874,53.4726181,94.0536912960994,94.6418305675614,61.0,70.0,20.969826281375,30.00054313,3.997698155230401,3.0430845607295387
SYR,Syrian Arab Republic,2022,Low income,MEA,Eastern Mediterranean,22462173.0,4772.4616766716,53.26486588,94.077936305752,94.980328483975,59.0,52.0,21.10538520975,20.73012504,3.993876980320244,3.049528231129018
TCA,Turks and Caicos Islands,2000,High income,LCN,Americas,18730.0,10929.3002607587,1610.73034668,95.08595516798411,98.89632012252255,96.0,95.0,10.621830076666669,10.015977665,7.385063630339435,2.3629113245710505
TCA,Turks and Caicos Islands,2001,High income,LCN,Americas,19576.0,10929.3002607587,1610.73034668,95.08595516798411,98.89632012252255,96.0,95.0,10.128544069666669,10.015977665,7.385063630339435,2.315357583317861
TCA,Turks and Caicos Islands,2002,High income,LCN,Americas,20597.0,10929.3002607587,1610.73034668,95.08595516798411,98.89632012252255,96.0,95.0,9.683270183666666,10.015977665,7.385063630339435,2.270399673128339
TCA,Turks and Caicos Islands,2003,High income,LCN,Americas,21727.0,10929.3002607587,1610.73034668,95.08595516798411,98.89632012252255,96.0,95.0,9.293655271333334,10.015977665,7.385063630339435,2.229331938446294
TCA,Turks and Caicos Islands,2004,High income,LCN,Americas,22856.0,10929.3002607587,1610.73034668,95.08595516798411,98.89632012252255,96.0,95.0,8.944179982,10.015977665,7.385063630339435,2.1910030394213655
TCA,Turks and Caicos Islands,2005,High income,LCN,Americas,23988.0,10929.3002607587,1610.73034668,95.08595516798411,98.89632012252255,96.0,95.0,8.631293568333334,10.015977665,7.385063630339435,2.1553943859059066
TCA,Turks and Caicos Islands,2006,High income,LCN,Americas,25123.0,10929.3002607587,1610.73034668,95.08595516798411,98.89632012252255,96.0,95.0,8.353733442,10.015977665,7.385063630339435,2.122708557737333
TCA,Turks and Caicos Islands,2007,High income,LCN,Americas,26270.0,32002.5459345285,1610.73034668,95.08595516798411,98.89632012252255,96.0,95.0,8.108933886666668,10.015977665,7.385063630339435,2.092966402848245
TCA,Turks and Caicos Islands,2008,High income,LCN,Americas,27427.0,33827.5100141307,1610.73034668,95.08595516798411,98.89632012252255,96.0,95.0,7.896350795,10.015977665,7.385063630339435,2.0664007280693593
TCA,Turks and Caicos Islands,2009,High income,LCN,Americas,28588.0,26269.9773569727,1610.73034668,95.08595516798411,98.89632012252255,96.0,95.0,7.705085046333333,10.015977665,7.385063630339435,2.041880506522108
TCA,Turks and Caicos Islands,2010,High income,LCN,Americas,29739.0,25811.8877130918,1610.73034668,95.08595516798411,98.89632012252255,96.0,95.0,7.517193778666666,10.015977665,7.385063630339435,2.017192900586848
TCA,Turks and Caicos Islands,2011,High income,LCN,Americas,30846.0,26572.5269470054,1610.73034668,95.08595516798411,98.89632012252255,96.0,95.0,7.357234789666666,10.015977665,7.385063630339435,1.9956841542191546
TCA,Turks and Caicos Islands,2012,High income,LCN,Americas,32127.0,23610.474221961,1610.73034668,95.08595516798411,98.89632012252255,96.0,95.0,7.210726829666668,10.015977665,7.385063630339435,1.975569754768953
TCA,Turks and Caicos Islands,2013,High income,LCN,Americas,33653.0,23931.6892982133,1610.73034668,95.08595516798411,98.89632012252255,96.0,95.0,7.069091027333333,10.015977665,7.385063630339435,1.9557319040804932
TCA,Turks and Caicos Islands,2014,High income,LCN,Americas,35050.0,25546.2927320872,1610.73034668,95.08595516798411,98.89632012252255,96.0,95.0,6.937084765333334,10.015977665,7.385063630339435,1.9368816236356063
TCA,Turks and Caicos Islands,2015,High income,LCN,Americas,36605.0,27484.6414432499,1610.73034668,95.08595516798411,98.89632012252255,96.0,95.0,6.8173391453333325,10.015977665,7.385063630339435,1.9194692410820393
TCA,Turks and Caicos Islands,2016,High income,LCN,Americas,38315.0,29780.5785774422,1610.73034668,98.6894074101365,93.1209288772918,96.0,95.0,6.694817845666667,10.015977665,7.385063630339435,1.9013337712549563
TCA,Turks and Caicos Islands,2017,High income,LCN,Americas,39913.0,30097.3550560987,1610.73034668,98.7117916463255,93.1258920918043,96.0,95.0,6.561269651333333,10.015977665,7.385063630339435,1.8811841286392637
TCA,Turks and Caicos Islands,2018,High income,LCN,Americas,41559.0,31151.4748574464,1610.73034668,98.7327474313209,93.1305309193473,96.0,95.0,6.42110103,10.015977665,7.385063630339435,1.859589602997426
TCA,Turks and Caicos Islands,2019,High income,LCN,Americas,43166.0,31173.3797811743,1610.73034668,98.75229483365,93.1348642536176,96.0,95.0,6.273550603,10.015977665,7.385063630339435,1.8363424787363574
TCA,Turks and Caicos Islands,2020,High income,LCN,Americas,44386.0,19530.0254075613,1610.73034668,98.7705716728616,93.1389142647071,96.0,95.0,6.112097501,10.015977665,7.385063630339435,1.810270004125725
TCA,Turks and Caicos Islands,2021,High income,LCN,Americas,45243.0,25056.4880515569,1610.73034668,98.7876500176188,93.1426950995276,96.0,95.0,5.948894524666667,10.015977665,7.385063630339435,1.7832054081219932
TCA,Turks and Caicos Islands,2022,High income,LCN,Americas,45847.0,30220.8240138134,1610.73034668,98.8035372363525,93.1462139429881,96.0,95.0,5.784979689333333,10.015977665,7.385063630339435,1.755264849720433
TCD,Chad,2000,Low income,SSF,Africa,8512093.0,1043.54539995059,10.07452297,38.6325926482475,9.69267435850219,38.0,28.0,183.490358205,1207.780164,2.4046472423173144,5.212162122272187
TCD,Chad,2001,Low income,SSF,Africa,8804124.0,1151.92026849056,11.64042854,39.2138920881582,9.7751135418566,26.0,26.0,180.1439799105,1204.359349,2.536900291625014,5.193756419541651
TCD,Chad,2002,Low income,SSF,Africa,9116192.0,1225.70701162711,18.01737785,39.797511560643,9.85770983495689,25.0,25.0,176.7164911035,1198.997449,2.945353184837273,5.174546703230602
TCD,Chad,2003,Low income,SSF,Africa,9487833.0,1377.74659566702,18.0202446,40.3843409836693,9.94081082830359,23.0,23.0,173.34328266775,1169.995929,2.945503917181767,5.155273921266296
TCD,Chad,2004,Low income,SSF,Africa,9920036.0,1808.21202176525,27.74994278,40.9739132233023,10.0242446229249,22.0,16.0,169.95386458375,1167.110682,3.3586357769805093,5.1355270154172725
TCD,Chad,2005,Low income,SSF,Africa,10328092.0,2101.69135982144,31.27608871,41.5662153725752,10.1080110721991,26.0,27.0,166.448225340625,1188.594429,3.474326668464327,5.114684302147585
TCD,Chad,2006,Low income,SSF,Africa,10706424.0,2078.60167039399,33.8651123,42.1612381034332,10.1921113947544,41.0,39.0,162.78861267125,1219.981456,3.551486681663054,5.0924525043852595
TCD,Chad,2007,Low income,SSF,Africa,11081660.0,2149.25986052772,34.0423584,42.759391223653,10.2767459840374,29.0,31.0,159.092733947,1240.364516,3.556557569739321,5.069487264577403
TCD,Chad,2008,Low income,SSF,Africa,11476296.0,2180.51680433217,36.89921951,43.3598104531509,10.3615175647599,19.0,27.0,155.311534920875,1264.224413,3.63493051847264,5.045433002482508
TCD,Chad,2009,Low income,SSF,Africa,11893754.0,2087.14718677867,34.82435226,43.9629137566651,10.4835847980319,26.0,36.0,151.489980616125,1284.858812,3.578627892880855,5.020519488215409
TCD,Chad,2010,Low income,SSF,Africa,12312575.0,2319.68883187561,35.26005936,44.5760310573362,10.6144013332631,40.0,46.0,147.62838118525,1284.382883,3.590716842391002,4.994698178135
TCD,Chad,2011,Low income,SSF,Africa,12754997.0,2388.16512149441,37.35868073,45.1988546215139,10.7545443393763,33.0,54.0,143.836832001875,1264.195513,3.646980857609436,4.968679546022169
TCD,Chad,2012,Low income,SSF,Africa,13210998.0,2435.1240819184,36.20247269,45.8314573063676,10.9048548883194,40.0,63.0,140.070222775875,1244.884111,3.616375229231348,4.94214388811071
TCD,Chad,2013,Low income,SSF,Africa,13691079.0,2110.24705136988,38.59413528,46.473095846077,11.0657152698931,39.0,57.0,136.44199092375,1216.102042,3.6786810083027977,4.91589954938
TCD,Chad,2014,Low income,SSF,Africa,14188678.0,2133.18441198787,42.16276169,47.123415071397,11.2377495765285,36.0,45.0,132.90805393975,1197.802593,3.764978125599556,4.889657565386012
TCD,Chad,2015,Low income,SSF,Africa,14647621.0,2377.51137185751,33.82092285,47.7824336610333,11.421878644262,42.0,46.0,129.25756008324998,1176.03091,3.550218437435128,4.86180700361799
TCD,Chad,2016,Low income,SSF,Africa,15114655.0,2120.08751553857,31.96038055,48.4497536859394,11.6187911677525,41.0,37.0,125.61407861625,1133.239383,3.495306250787725,4.833214338646093
TCD,Chad,2017,Low income,SSF,Africa,15622759.0,2097.14425483604,29.9935894,49.124967257941,11.8291930674672,41.0,37.0,121.94060301525,1084.986459,3.4337803895520254,4.803534065647449
TCD,Chad,2018,Low income,SSF,Africa,16156531.0,2227.81335372611,31.2043705,49.8080053480297,12.0541194503815,47.0,41.0,118.268265362125,1020.293719,3.4721021731535693,4.772955479394032
TCD,Chad,2019,Low income,SSF,Africa,16685223.0,2351.65339767739,30.23690224,50.4980631195055,12.2940184363217,53.0,40.0,114.5692093095,957.776542,3.4416001600035857,4.741179088507015
TCD,Chad,2020,Low income,SSF,Africa,17224679.0,2185.99034173537,37.73088074,51.195378612918,12.5503209104072,55.0,45.0,110.962334156,877.2994277,3.656637233779331,4.7091908117983
TCD,Chad,2021,Low income,SSF,Africa,17828273.0,2435.07274651099,37.59156799,51.8991024750567,12.823518442494,62.0,53.0,107.5323225485,868.6261291,3.653033806753092,4.677791477243855
TCD,Chad,2022,Low income,SSF,Africa,18455316.0,2624.11789713994,40.17007446,51.9951528405103,12.9220668166821,66.0,54.0,104.28872974175,775.4962686,3.717711644378672,4.6471633000009325
TGO,Togo,2000,Low income,SSF,Africa,5140037.0,1314.73739642693,13.0541811,45.8401052749538,8.03359662210635,64.0,58.0,119.54141362125,495.5133087,2.642919938698082,4.783662868834385
TGO,Togo,2001,Low income,SSF,Africa,5277382.0,1320.13616908956,13.04282379,47.2066551581281,8.26404186167869,50.0,40.0,115.9595532145,478.0335005,2.64211150301869,4.753241451118298
TGO,Togo,2002,Low income,SSF,Africa,5413274.0,1357.0098170239,14.65135479,48.548643782428,8.49612982372265,59.0,48.0,112.474206096875,447.2045103,2.7505574812904827,4.722723916217106
TGO,Togo,2003,Low income,SSF,Africa,5552167.0,1439.85178331415,17.7094574,49.8657131320708,8.7296739646634,72.0,68.0,109.078786398625,431.0861765,2.9290291393310013,4.6920704321236455
TGO,Togo,2004,Low income,SSF,Africa,5696508.0,1427.00228439547,18.62999153,51.0022965045224,8.96468393915561,71.0,70.0,105.82173792975,431.2132676,2.977058576805852,4.661755960793683
TGO,Togo,2005,Low income,SSF,Africa,5844631.0,1367.51066289847,20.9699707,51.9453319211915,9.61445795262473,82.0,70.0,102.681737025875,434.4428295,3.0896765527588523,4.631634272746051
TGO,Togo,2006,Low income,SSF,Africa,6010668.0,1407.06825596295,22.74487495,52.8533718752421,10.2925202802465,84.0,78.0,99.685004135625,452.5802089,3.16736671561535,4.602015255781723
TGO,Togo,2007,Low income,SSF,Africa,6188344.0,1387.20061733991,22.34309769,53.7264798079458,10.9986369472506,82.0,71.0,96.864645221625,448.1448314,3.150301338274654,4.57331459392574
TGO,Togo,2008,Low income,SSF,Africa,6368812.0,1429.30636492931,26.89384079,54.5651625096366,11.7327806563873,81.0,63.0,94.068770713375,457.3824401,3.328405904241143,4.5440261181125186
TGO,Togo,2009,Low income,SSF,Africa,6551865.0,1474.18338993482,28.3035717,55.3677359070846,12.493855912589,78.0,66.0,91.357403916625,471.4842751,3.3777094096175864,4.5147793295300644
TGO,Togo,2010,Low income,SSF,Africa,6732590.0,1537.05369658593,30.54597664,56.1360720615008,13.2824677060048,83.0,68.0,88.624050043875,496.8376767,3.4514460575590804,4.484403265966918
TGO,Togo,2011,Low income,SSF,Africa,6916474.0,1615.98146436985,34.41139603,56.877895720393,14.1028173218821,85.0,72.0,85.915488629875,501.3403349,3.567033690085452,4.4533641227465
TGO,Togo,2012,Low income,SSF,Africa,7100736.0,1645.31290397424,35.40290833,57.5887896171643,14.9528006713975,84.0,72.0,83.25652807725,506.4046667,3.59464867062675,4.421926541128573
TGO,Togo,2013,Low income,SSF,Africa,7285442.0,1715.36073848665,39.56414795,58.2632949727303,15.8290583040509,84.0,72.0,80.65959606425,500.0460809,3.702884621065848,4.390237781550833
TGO,Togo,2014,Low income,SSF,Africa,7472450.0,1803.14811022135,41.96416092,58.9022839214157,16.7317561082878,84.0,77.0,78.061127940125,489.9338657,3.760366301190103,4.3574922113037875
TGO,Togo,2015,Low income,SSF,Africa,7663195.0,1879.66835517243,46.92110825,59.5058666846818,17.6606158910418,82.0,75.0,75.554698465625,470.3524976,3.8695560806265785,4.324856876932275
TGO,Togo,2016,Low income,SSF,Africa,7858289.0,1932.92614273869,50.8783493,60.0753126449292,18.6162879264339,82.0,73.0,73.151516368375,460.1199412,3.948901541285921,4.292532856825783
TGO,Togo,2017,Low income,SSF,Africa,8057140.0,1985.52622129406,51.5464592,60.6102462342239,19.5982705218929,84.0,78.0,70.83354160637501,443.3930567,3.961697715414411,4.260332640017333
TGO,Togo,2018,Low income,SSF,Africa,8258778.0,2067.0664295966,52.43610382,61.1106166110229,20.6062840876452,82.0,73.0,68.533742193625,435.3548658,3.9784866190106247,4.2273262107553915
TGO,Togo,2019,Low income,SSF,Africa,8463068.0,2214.69915550677,48.85387421,61.5763879815796,21.6400439153227,86.0,78.0,66.29229230025,415.9724048,3.909096210740066,4.194073635535502
TGO,Togo,2020,Low income,SSF,Africa,8669720.0,2384.06645451827,52.75213242,62.0075237539343,22.6992561746885,85.0,75.0,64.2307992455,397.7650601,3.984383339151055,4.162482834684419
TGO,Togo,2021,Low income,SSF,Africa,8878379.0,2638.81095267963,52.72237015,62.4040009740747,23.7836212231427,87.0,77.0,62.1854513935,396.591514,3.983829491121074,4.130121071960118
TGO,Togo,2022,Low income,SSF,Africa,9089738.0,2935.01367320787,55.79545593,62.7656132616006,24.8925910881783,86.0,79.0,60.22080566262501,362.2930338,4.039456321294442,4.098017901619442
THA,Thailand,2000,Upper middle income,EAS,South-East Asia,63007815.0,7289.10499432356,62.21043015,93.7765869713253,92.1750602372757,97.0,94.0,21.762019686125,48.52156649,4.146469321555183,3.0801662341385114
THA,Thailand,2001,Upper middle income,EAS,South-East Asia,63651141.0,7632.01609417121,57.19389343,94.1405368582414,92.4269815292223,96.0,94.0,20.737449304875,46.88326653,4.063780425349335,3.0319412109023633
THA,Thailand,2002,Upper middle income,EAS,South-East Asia,64266437.0,8148.43702909083,69.68746185,94.4998959008986,92.6825085503493,96.0,94.0,19.788142515625,44.47218042,4.2582682141768124,2.985082895463289
THA,Thailand,2003,Upper middle income,EAS,South-East Asia,64868166.0,8824.06945008499,76.13368225,94.8543257310885,92.9418411854686,98.0,96.0,18.895245682,41.77829752,4.3455400496335255,2.938910339204351
THA,Thailand,2004,Upper middle income,EAS,South-East Asia,65452047.0,9545.33813809417,82.91682434,95.2036653761552,93.2050846909476,98.0,96.0,18.067348377625,43.54667186,4.429826121856304,2.8941063521444907
THA,Thailand,2005,Upper middle income,EAS,South-East Asia,66017420.0,10169.0453611636,90.61147308,95.5388009228928,93.4725323543909,98.0,96.0,17.288559885999998,40.0422685,4.517556515801777,2.850045004496927
THA,Thailand,2006,Upper middle income,EAS,South-East Asia,66567687.0,10912.4427926329,103.26116943,95.8682489978773,93.7441160220544,98.0,96.0,16.56315054275,38.39015515,4.646898995755091,2.8071803810279086
THA,Thailand,2007,Upper middle income,EAS,South-East Asia,67102394.0,11723.0995588653,125.10979462,96.1916628762461,94.0200504764456,98.0,96.0,15.9012417705,37.91039908,4.837152913388231,2.7663972049502203
THA,Thailand,2008,Upper middle income,EAS,South-East Asia,67619830.0,12062.1598751814,149.06762695,96.5089112924914,94.3003992134307,99.0,98.0,15.26861054575,36.83852471,5.011086038828918,2.7257991226707023
THA,Thailand,2009,Upper middle income,EAS,South-East Asia,68121080.0,11964.0529467715,149.67800903,96.8196905562878,94.5853633004337,99.0,98.0,14.68869828,37.02729793,5.015145169503203,2.6870783735977777
THA,Thailand,2010,Upper middle income,EAS,South-East Asia,68579447.0,12932.2633444457,168.61891174,97.1240162959277,94.8749317339833,99.0,98.0,14.15228331325,36.83293367,5.133554225042202,2.6498759759653256
THA,Thailand,2011,Upper middle income,EAS,South-East Asia,69007208.0,13227.454108915,191.74464417,97.4082908052725,95.1764985756383,99.0,98.0,13.641380683625,36.99884086,5.261366225650126,2.6131078704322626
THA,Thailand,2012,Upper middle income,EAS,South-East Asia,69436098.0,14616.6497925392,201.70690918,97.6857256811255,95.4825472825224,99.0,98.0,13.162024500625,36.4248639,5.311761138619525,2.577335751498917
THA,Thailand,2013,Upper middle income,EAS,South-East Asia,69845114.0,15215.9492506383,207.81243896,97.9592475537445,95.7914583178376,99.0,99.0,12.7141164375,34.70838088,5.341436427797268,2.5427129066837013
THA,Thailand,2014,Upper middle income,EAS,South-East Asia,70216367.0,15365.3175402829,213.74395752,98.2288774371451,96.1032346574694,99.0,99.0,12.284820972875,34.08645602,5.369446423192602,2.50836443304441
THA,Thailand,2015,Upper middle income,EAS,South-East Asia,70540795.0,15791.1714762207,219.15092468,98.4945735276121,96.417885275126,99.0,99.0,11.877986262875,33.72087215,5.39431333242006,2.4746867930746466
THA,Thailand,2016,Upper middle income,EAS,South-East Asia,70859841.0,16671.2506902144,229.7849884,98.7563664509808,96.7354102291453,99.0,99.0,11.493413137875,34.14548026,5.441486490924194,2.4417741006538853
THA,Thailand,2017,Upper middle income,EAS,South-East Asia,71160187.0,17573.339815536,247.08152771,99.0141678969544,97.0558447818026,99.0,99.0,11.1242598775,33.87781932,5.513757432907705,2.4091282979740587
THA,Thailand,2018,Upper middle income,EAS,South-East Asia,71376079.0,18876.2208766741,274.71221924,99.2453414879961,97.3791754669481,97.0,96.0,10.770493285125,33.63946553,5.619357637831074,2.3768102918951937
THA,Thailand,2019,Upper middle income,EAS,South-East Asia,71522271.0,19963.3918407099,288.31097412,99.4287701898312,97.705394777576,97.0,96.0,10.41966630675,33.84793706,5.667502144619015,2.3436950115082094
THA,Thailand,2020,Upper middle income,EAS,South-East Asia,71641484.0,19163.7415152349,304.3817749,99.487572734038,98.0344733663979,97.0,96.0,10.099637173125,36.23927447,5.721562714841429,2.3124994997489807
THA,Thailand,2021,Upper middle income,EAS,South-East Asia,71727332.0,20242.7700035656,363.72845459,99.9512350608319,98.3663780543942,92.0,93.0,9.78783587675,38.21132466,5.899153116679502,2.281140377637433
THA,Thailand,2022,Upper middle income,EAS,South-East Asia,71735329.0,22243.0747727026,369.97647095,99.9999987802384,98.7010762721829,92.0,93.0,9.488836551,112.4770106,5.9161386399763165,2.2501160077405173
TJK,Tajikistan,2000,Lower middle income,ECS,Europe,6284735.0,1036.12988868059,5.90626955,55.4730051221322,91.5699996065089,83.0,88.0,79.66631964425,57.85284982,1.9324296294832504,4.377846907323997
TJK,Tajikistan,2001,Lower middle income,ECS,Europe,6407377.0,1138.74372892552,7.56599855,56.9482130526026,91.8092789104417,85.0,88.0,73.37219881075,58.13828497,2.1478007099192915,4.295545101075403
TJK,Tajikistan,2002,Lower middle income,ECS,Europe,6531669.0,1256.95258174881,8.21969986,58.4307742770428,92.048248339145,85.0,89.0,67.40580711125,47.72985218,2.2213424838933014,4.210731173127418
TJK,Tajikistan,2003,Lower middle income,ECS,Europe,6658575.0,1395.64684232567,10.97546482,59.9206871400257,92.2869078236657,85.0,91.0,61.758444818125,38.94574153,2.482859958410051,4.123230724345797
TJK,Tajikistan,2004,Lower middle income,ECS,Europe,6790547.0,1550.072020439,14.6509676,61.4175479349986,92.5252394619312,86.0,92.0,56.66471958575,36.44385012,2.750532742550961,4.037151787540354
TJK,Tajikistan,2005,Lower middle income,ECS,Europe,6924720.0,1672.73374996313,17.38472557,62.9221859580014,92.7632910189712,84.0,85.0,52.111835215875,35.61157119,2.9115201877992942,3.953392086414106
TJK,Tajikistan,2006,Lower middle income,ECS,Europe,7057566.0,1810.29125697328,20.04485893,64.4341771355512,93.0010371753061,83.0,82.0,48.13533563075,34.55376559,3.046656298945137,3.874016535902203
TJK,Tajikistan,2007,Lower middle income,ECS,Europe,7194477.0,1966.22189890915,28.58950996,65.9535229781878,93.2384821622591,86.0,85.0,44.6831456395,30.14902513,3.387419905274645,3.799596375471653
TJK,Tajikistan,2008,Lower middle income,ECS,Europe,7338403.0,2120.01845704928,41.35135651,67.4802180746637,93.4756158486128,86.0,86.0,41.69188592475,28.75930843,3.746000451517788,3.730306527730907
TJK,Tajikistan,2009,Lower middle income,ECS,Europe,7490230.0,2171.36091638488,38.9187851,69.0142603257663,93.7124382355308,93.0,89.0,39.184757181875,28.52064044,3.6868470176134256,3.6682878237745142
TJK,Tajikistan,2010,Lower middle income,ECS,Europe,7652141.0,2291.07823631732,42.28567886,70.5556572457132,93.9489613656333,93.0,94.0,36.99491977125,26.40582311,3.767821838037879,3.610780599737509
TJK,Tajikistan,2011,Lower middle income,ECS,Europe,7824785.0,2455.97278263399,48.8431282,72.1041170163843,94.185174547708,96.0,98.0,35.131311760625,25.1294869,3.908880637357079,3.5590928057635005
TJK,Tajikistan,2012,Lower middle income,ECS,Europe,8014084.0,2679.0692960897,56.97117615,73.6660677042202,94.4209455801784,94.0,97.0,33.5351926435,22.93218812,4.05994592408838,3.5125954140856703
TJK,Tajikistan,2013,Lower middle income,ECS,Europe,8216724.0,2918.56048007357,67.62356567,75.2394845284164,94.6560052528961,96.0,97.0,32.231127473375,20.98356943,4.228635998627659,3.4729326773245464
TJK,Tajikistan,2014,Lower middle income,ECS,Europe,8425552.0,3151.72452793203,73.06859589,76.8237114189289,94.8900877135893,97.0,98.0,31.1393425205,20.57559859,4.304991635317911,3.438472052518858
TJK,Tajikistan,2015,Lower middle income,ECS,Europe,8643840.0,2975.47097476092,62.75804901,78.4172891677318,95.1229285632346,96.0,97.0,30.172877330625,20.24444389,4.155095435048933,3.4069434192109886
TJK,Tajikistan,2016,Lower middle income,ECS,Europe,8865631.0,2913.85679547445,54.9213562,80.0192106177573,95.3542477429458,96.0,97.0,29.3643893955,19.99898465,4.023946350135044,3.379782695143445
TJK,Tajikistan,2017,Lower middle income,ECS,Europe,9085946.0,3017.00314887354,56.85092545,81.6282043537707,95.5837707483272,97.0,98.0,28.750176183625,16.91689772,4.057869450918815,3.3586438953506694
TJK,Tajikistan,2018,Lower middle income,ECS,Europe,9307333.0,3069.10385079592,58.51539993,83.2428335664729,95.8112529374464,96.0,98.0,28.321218683375,16.33187943,4.086235101415799,3.3436113005046924
TJK,Tajikistan,2019,Lower middle income,ECS,Europe,9529966.0,3459.97365083434,60.51568222,84.8621252488683,95.9706194331764,97.0,98.0,28.0896002775,16.1177442,4.119292137753813,3.3353994109508243
TJK,Tajikistan,2020,Lower middle income,ECS,Europe,9749310.0,3653.95976759112,74.17329407,86.2958090457045,95.9796685499025,97.0,98.0,27.961643877625,25.43924653,4.319796035833602,3.330833709543789
TJK,Tajikistan,2021,Lower middle income,ECS,Europe,9966908.0,3985.91247611219,75.10315704,87.724619438918,95.98782600032,97.0,97.0,27.83817232825,24.64517249,4.3320897494210735,3.3264081841822692
TJK,Tajikistan,2022,Lower middle income,ECS,Europe,10182222.0,4514.17512398164,78.61326599,89.1472350011508,95.9951184722517,97.0,98.0,27.649369350625,14.39169613,4.377180737130237,3.3196029194125707
TKM,Turkmenistan,2000,Upper middle income,ECS,Europe,4582677.0,4208.66515457033,75.52490234,90.0851084900887,93.3187665874563,97.0,96.0,69.692051746,24.96451324,4.337616208646408,4.244086276055935
TKM,Turkmenistan,2001,Upper middle income,ECS,Europe,4675409.0,4401.30380449396,120.8463974,90.4468711751016,93.3098698647818,95.0,98.0,66.029181687625,22.01148831,4.802761213774473,4.190096791090537
TKM,Turkmenistan,2002,Upper middle income,ECS,Europe,4769465.0,4392.82381539457,128.08802795,90.8108818994509,93.3009582565221,98.0,88.0,62.338407270375,19.87051536,4.860494558850687,4.132577724933164
TKM,Turkmenistan,2003,Upper middle income,ECS,Europe,4863865.0,4536.19781505202,199.93019104,91.1770647124339,93.2921017323084,83.0,97.0,58.80343257675,18.00185246,5.302957539474888,4.074200230356314
TKM,Turkmenistan,2004,Upper middle income,ECS,Europe,4958093.0,4798.15317447398,302.85839844,91.5454676640224,93.283297506944,97.0,97.0,55.511949847625,16.56124134,5.716561798284952,4.016598310145784
TKM,Turkmenistan,2005,Upper middle income,ECS,Europe,5052257.0,5489.34542179295,324.81155396,92.0373759307942,93.6603556052315,99.0,99.0,52.456664438125,15.48373663,5.786319158890884,3.959987389461184
TKM,Turkmenistan,2006,Upper middle income,ECS,Europe,5147105.0,6163.85018154343,349.6842041,92.5306501265555,94.0385120989703,98.0,99.0,49.8417557625,14.40649146,5.859886115071018,3.9088531018382415
TKM,Turkmenistan,2007,Upper middle income,ECS,Europe,5244046.0,6901.0175688569,261.83258057,93.0251197848515,94.4179027341964,98.0,99.0,47.65699603575,12.97854473,5.571517253697908,3.8640294406399103
TKM,Turkmenistan,2008,Upper middle income,ECS,Europe,5345029.0,7915.54792420973,235.91514587,93.5202593447869,94.7888881171857,96.0,99.0,45.90681595925,11.40232131,5.46770204272175,3.8266136018863093
TKM,Turkmenistan,2009,Upper middle income,ECS,Europe,5451592.0,8285.01893015361,178.44587708,94.0160473149034,95.1582461913449,96.0,99.0,44.515668468125,9.854233365,5.189873642016222,3.795841227606696
TKM,Turkmenistan,2010,Upper middle income,ECS,Europe,5564356.0,8971.61628736812,202.7792511,94.4138672514986,95.5291246544019,96.0,99.0,43.52900398487501,8.751970288,5.317037305497674,3.7734274741830864
TKM,Turkmenistan,2011,Upper middle income,ECS,Europe,5683417.0,10282.7266190528,251.85777283,94.9164818491611,95.901679888436,97.0,99.0,42.883508457625,7.944335608,5.532827167927537,3.7584873337891596
TKM,Turkmenistan,2012,Upper middle income,ECS,Europe,5808546.0,11035.451277853,289.13015747,95.4189411344182,96.2760286614644,97.0,99.0,42.506342979875,7.385273098,5.670329641153529,3.7496533113795016
TKM,Turkmenistan,2013,Upper middle income,ECS,Europe,5939341.0,11722.8086272577,339.92349243,95.9209538308361,96.6523278427633,98.0,99.0,42.429968857125,6.965606416,5.831658089735147,3.7478549252315223
TKM,Turkmenistan,2014,Upper middle income,ECS,Europe,6075283.0,12476.5344358387,393.86843872,96.4221394795384,97.0307986182985,98.0,99.0,42.522523703375,6.48022796,5.9785526428905,3.750033905037314
TKM,Turkmenistan,2015,Upper middle income,ECS,Europe,6215770.0,12714.8137240363,362.72949219,96.9223218117375,97.4115357683835,99.0,99.0,42.876772118875,6.048591182,5.896410438037248,3.75833023685061
TKM,Turkmenistan,2016,Upper middle income,ECS,Europe,6360041.0,12919.371222426,376.65567017,97.4211611367234,97.7947178741168,98.0,99.0,43.29335681525,5.699322184,5.933982854998656,3.767999200957442
TKM,Turkmenistan,2017,Upper middle income,ECS,Europe,6507061.0,13278.4030353381,410.81082153,97.9183405901452,98.1805141094557,99.0,99.0,43.631900539125,5.492509822,6.020564072854532,3.7757885465609617
TKM,Turkmenistan,2018,Upper middle income,ECS,Europe,6655524.0,14368.4621432532,411.32562256,98.3109148568141,98.5690477632557,99.0,99.0,43.6208963605,5.313713542,6.021813383209993,3.7755363098631283
TKM,Turkmenistan,2019,Upper middle income,ECS,Europe,6803944.0,15477.7237643978,432.78118896,98.9744384290085,98.960474453072,99.0,99.0,43.263630481375,5.117117165,6.072540234059286,3.76731233936551
TKM,Turkmenistan,2020,Upper middle income,ECS,Europe,6949912.0,15090.9394971778,420.0083313,99.3966548614914,99.3549516187618,98.0,98.0,42.56743013925,5.255740723,6.042652622797739,3.7510894101355357
TKM,Turkmenistan,2021,Upper middle income,ECS,Europe,7092043.0,16434.1399060353,471.86325073,99.6108510416355,99.7409287319658,97.0,97.0,41.788586436125,5.507999649,6.1588062361840334,3.732623250477945
TKM,Turkmenistan,2022,Upper middle income,ECS,Europe,7230193.0,18340.1112805299,579.15454102,99.8205720859417,99.7391494278379,98.0,98.0,40.91873452925,4.590257045,6.363294518083442,3.711588015122574
TLS,Timor-Leste,2000,Lower middle income,EAS,South-East Asia,745088.0,1483.17006741499,67.13735199,95.08595516798411,45.65048591164205,85.0,84.0,110.493195381375,796.1313911,4.22152555016276,4.704953938802616
TLS,Timor-Leste,2001,Lower middle income,EAS,South-East Asia,812249.0,1618.59278862518,67.13735199,95.08595516798411,45.65048591164205,85.0,84.0,105.517589385375,761.169685,4.22152555016276,4.6588776630512045
TLS,Timor-Leste,2002,Lower middle income,EAS,South-East Asia,879159.0,1416.88558318293,67.13735199,49.6179443771692,18.7862054534433,54.0,56.0,100.678908422,723.5831926,4.22152555016276,4.611936328154307
TLS,Timor-Leste,2003,Lower middle income,EAS,South-East Asia,916878.0,1355.18642736145,15.18759537,51.3108607473429,21.2656644837503,55.0,55.0,96.058202233625,713.6249336,2.784245231025413,4.564954281025375
TLS,Timor-Leste,2004,Lower middle income,EAS,South-East Asia,929074.0,1378.85404331124,20.22569466,53.0007196129337,23.7373821027999,57.0,55.0,91.659710223,683.2549685,3.055212460048186,4.518082917642422
TLS,Timor-Leste,2005,Lower middle income,EAS,South-East Asia,948311.0,1434.82207202052,25.72540092,54.6754050235907,26.1851944213066,55.0,48.0,87.4904030255,647.8162044,3.285614458482401,4.471529107639738
TLS,Timor-Leste,2006,Lower middle income,EAS,South-East Asia,976597.0,1377.11354073037,27.90169907,56.3470575289693,28.6397241043122,63.0,61.0,83.60469911575,599.5189188,3.363900384739724,4.4260997280295005
TLS,Timor-Leste,2007,Lower middle income,EAS,South-East Asia,1004889.0,1515.70892647364,30.51906586,58.0156475742205,31.0966445042485,70.0,63.0,80.035247374625,558.8654055,3.450592628129191,4.382467129824458
TLS,Timor-Leste,2008,Lower middle income,EAS,South-East Asia,1032429.0,1675.04570455243,43.71953964,59.6817264826487,33.5563864330636,79.0,73.0,76.763881662125,518.0030569,3.800410534518365,4.340734238674449
TLS,Timor-Leste,2009,Lower middle income,EAS,South-East Asia,1058782.0,1810.18601908925,50.18856049,61.438249315098,36.0178392685678,72.0,70.0,73.784001537125,477.4499278,3.935516079152036,4.301141926766186
TLS,Timor-Leste,2010,Lower middle income,EAS,South-East Asia,1084679.0,1955.32940794731,52.6151619,63.1966745548591,38.4806929868607,72.0,66.0,71.070466219125,438.5729565,3.981831899344879,4.263671866816232
TLS,Timor-Leste,2011,Lower middle income,EAS,South-East Asia,1110207.0,2065.9605552203,64.43626404,64.9574170311788,40.9452765286363,67.0,62.0,68.54568458225,403.5338203,4.181076600811503,4.2275004511784235
TLS,Timor-Leste,2012,Lower middle income,EAS,South-East Asia,1134885.0,2386.13598109278,71.46888733,66.7197738098251,43.41056257646,83.0,73.0,66.274975127125,374.3763542,4.283157329477727,4.193812376877018
TLS,Timor-Leste,2013,Lower middle income,EAS,South-East Asia,1158695.0,2566.03074458421,102.79840851,68.4836127023317,45.8762265623181,82.0,70.0,64.193684820125,349.3061561,4.6424506383406445,4.161904838569764
TLS,Timor-Leste,2014,Lower middle income,EAS,South-East Asia,1181903.0,2859.86058251703,93.10574341,70.2490467993202,48.3422173517987,77.0,74.0,62.3204091085,327.4105238,4.544419079904109,4.132288966183115
TLS,Timor-Leste,2015,Lower middle income,EAS,South-East Asia,1205131.0,3107.57184587966,101.4779892,72.0159260209215,50.808161320469,76.0,70.0,60.618293970625,304.951062,4.629648036006437,4.10459672822184
TLS,Timor-Leste,2016,Lower middle income,EAS,South-East Asia,1228312.0,3390.76224054133,92.69400787,73.7840931370356,53.273678577949,79.0,73.0,59.11858208375,286.6940783,4.540034237039392,4.079545292653923
TLS,Timor-Leste,2017,Lower middle income,EAS,South-East Asia,1251703.0,3463.11739023437,86.16269684,75.5531586283782,55.7381542550198,83.0,77.0,57.753841195125,268.9939824,4.467776450855205,4.05618986139123
TLS,Timor-Leste,2018,Lower middle income,EAS,South-East Asia,1275959.0,3561.2877375981,78.07413483,77.3234209050104,58.2016694124243,83.0,77.0,56.606640905125,250.679414,4.370385828000021,4.036126308805695
TLS,Timor-Leste,2019,Lower middle income,EAS,South-East Asia,1300945.0,4556.61425715784,78.01346588,79.094491992256,60.663593946828,83.0,75.0,55.49422789375,237.4650582,4.369618292118574,4.016279013429401
TLS,Timor-Leste,2020,Lower middle income,EAS,South-East Asia,1326053.0,6132.08299806495,118.49451447,80.8664062920622,63.1237035257288,83.0,74.0,54.19184395025,257.3216361,4.783270466301207,3.992530416499562
TLS,Timor-Leste,2021,Lower middle income,EAS,South-East Asia,1350139.0,6825.04588630745,132.07870483,82.6385824192743,65.5812259785817,83.0,72.0,52.8126380855,262.6883558,4.890940718836611,3.966750519750661
TLS,Timor-Leste,2022,Lower middle income,EAS,South-East Asia,1369295.0,5729.81171382517,174.91529846,84.411254635514,68.0360936203576,83.0,72.0,51.3836684695,234.9521837,5.170002620445992,3.9393203879165393
TON,Tonga,2000,Upper middle income,EAS,Western Pacific,102677.0,3833.92767581697,53.3949585,98.5410497914921,89.1918092232378,95.0,95.0,16.9611253535,99.72178918,3.996271474934985,2.8309239815527985
TON,Tonga,2001,Upper middle income,EAS,Western Pacific,103288.0,3955.22854483513,55.2772522,98.5407585756614,89.1948394556071,94.0,93.0,16.526000256125,98.23661025,4.03029040731582,2.804934913777298
TON,Tonga,2002,Upper middle income,EAS,Western Pacific,103874.0,4170.93724886821,62.6541748,98.5404796097005,89.1977672693598,90.0,90.0,16.072135002,97.94460853,4.153464912797501,2.7770870273031387
TON,Tonga,2003,Upper middle income,EAS,Western Pacific,104464.0,4231.45362875342,68.05188751,98.540184845287,89.200794074455,98.0,99.0,15.633229860125,95.44639102,4.23485821489082,2.7493987680068894
TON,Tonga,2004,Upper middle income,EAS,Western Pacific,105071.0,4235.12041303239,102.70134735,98.5398938298048,89.2038246506717,99.0,99.0,15.213675693375,92.06050506,4.641515107918675,2.722194740019203
TON,Tonga,2005,Upper middle income,EAS,Western Pacific,105671.0,4314.54719822881,108.29302216,98.5855837440187,89.6551557415148,99.0,99.0,14.8152213265,92.0057265,4.69403255197347,2.6956551202659456
TON,Tonga,2006,Upper middle income,EAS,Western Pacific,106253.0,4327.44661888542,149.22753906,98.6313008465176,90.1063131747226,99.0,99.0,14.421795694625,88.94360526,5.012151071791255,2.668740652163814
TON,Tonga,2007,Upper middle income,EAS,Western Pacific,106726.0,4315.94450579455,134.56217957,98.6769462069557,90.558457375061,99.0,99.0,14.050881680375,88.15936681,4.909430424877522,2.642685146862466
TON,Tonga,2008,Upper middle income,EAS,Western Pacific,107020.0,4600.34882862684,190.86582947,98.7225624072798,91.0111252112613,99.0,99.0,13.715669305375,87.53148788,5.256796322906118,2.6185389241740475
TON,Tonga,2009,Upper middle income,EAS,Western Pacific,107203.0,4383.81130248019,118.79367065,98.7682421108779,91.4632691263774,99.0,99.0,13.41104286825,90.66966201,4.785770851647927,2.596078462222837
TON,Tonga,2010,Upper middle income,EAS,Western Pacific,107400.0,4465.46050009263,166.58139038,98.8139923432634,91.914895774654,99.0,99.0,13.123795735375,85.2260341,5.121469145964184,2.5744270507728397
TON,Tonga,2011,Upper middle income,EAS,Western Pacific,107570.0,4855.42923652355,193.43716431,98.8097360298525,92.0921967178499,99.0,99.0,12.8553670575,83.75760248,5.270109048188991,2.553761393985817
TON,Tonga,2012,Upper middle income,EAS,Western Pacific,107460.0,4996.44460870387,318.4196167,98.8058202724573,92.2619222236095,95.0,95.0,12.60589538875,82.7103261,5.766505651239966,2.5341645925280067
TON,Tonga,2013,Upper middle income,EAS,Western Pacific,107078.0,5119.6947531684,171.82066345,98.8019244079513,92.4258220900949,99.0,99.0,12.37467021625,80.28368574,5.152254429371282,2.5156516589077387
TON,Tonga,2014,Upper middle income,EAS,Western Pacific,106609.0,5335.91576294869,210.86004639,98.7978307642076,92.587068935407,98.0,99.0,12.15750514875,79.65555318,5.35592589813368,2.497946686799724
TON,Tonga,2015,Upper middle income,EAS,Western Pacific,106095.0,5471.79679402302,181.91452026,98.7935498846236,92.7457956111317,96.0,99.0,11.92427572375,78.81485841,5.209018941310738,2.478576298976024
TON,Tonga,2016,Upper middle income,EAS,Western Pacific,105524.0,5920.1576147281,208.53982544,98.7890715916912,92.9019205295168,96.0,98.0,11.67890427925,77.92616671,5.344913818861572,2.4577841612914395
TON,Tonga,2017,Upper middle income,EAS,Western Pacific,105356.0,6229.07024223894,246.34036255,98.7844002121241,93.0554424910355,99.0,99.0,11.45733977825,76.80714063,5.510765374108907,2.4386305532972554
TON,Tonga,2018,Upper middle income,EAS,Western Pacific,105567.0,6392.60067749647,278.49508667,98.7796364058123,93.2070910925577,99.0,99.0,11.22441177975,73.953365,5.63298471344243,2.4180910295603715
TON,Tonga,2019,Upper middle income,EAS,Western Pacific,105669.0,6473.32058675406,266.68792725,98.7748337024529,93.3566618540617,99.0,99.0,10.9889502105,72.69656677,5.589821851451831,2.396890241605492
TON,Tonga,2020,Upper middle income,EAS,Western Pacific,105704.0,6675.6030498711,262.55459595,98.7700847369517,93.5041088737025,99.0,99.0,10.743424327625,74.06105744,5.574260541775612,2.374293876961252
TON,Tonga,2021,Upper middle income,EAS,Western Pacific,105490.0,6929.17669288438,348.79745483,98.7654258730206,93.6491554246251,99.0,99.0,10.4697383955,75.67800654,5.8573542864859895,2.348489038467136
TON,Tonga,2022,Upper middle income,EAS,Western Pacific,105042.0,7296.17082139288,382.79116821,98.8114765892813,93.7917923415777,99.0,99.0,10.190489494,71.80472809,5.950098571870583,2.3214548827835575
TTO,Trinidad and Tobago,2000,High income,LCN,Americas,1319774.0,13953.1361523366,266.16275024,95.08595516798411,98.89632012252255,90.0,90.0,28.798528027666663,75.50073539,5.587858024159891,3.3603242756852687
TTO,Trinidad and Tobago,2001,High income,LCN,Americas,1325567.0,14797.1038365267,272.72851563,95.08595516798411,98.89632012252255,91.0,91.0,28.408185377333336,72.47841447,5.612136796333965,3.3466773211522094
TTO,Trinidad and Tobago,2002,High income,LCN,Americas,1332011.0,16141.2357287614,324.36880493,95.08595516798411,98.89632012252255,96.0,87.0,28.016399208666662,69.17330837,5.784959323348607,3.3327900247518936
TTO,Trinidad and Tobago,2003,High income,LCN,Americas,1338709.0,18742.6419219735,358.59500122,95.08595516798411,98.89632012252255,91.0,88.0,27.600873451,67.20644826,5.884978401555351,3.317847418997718
TTO,Trinidad and Tobago,2004,High income,LCN,Americas,1345380.0,20673.7458449273,431.37268066,95.08595516798411,98.89632012252255,94.0,95.0,27.18741342533333,63.03609453,6.069287903056765,3.302754124488277
TTO,Trinidad and Tobago,2005,High income,LCN,Americas,1294494.0,23536.0268722394,530.35229492,97.3094204121503,94.3756517863125,95.0,93.0,26.781176657333333,60.20431331,6.275425256845794,3.2876992772116505
TTO,Trinidad and Tobago,2006,High income,LCN,Americas,1297944.0,27393.3505461307,568.72583008,97.3097399307231,94.3805673799329,92.0,89.0,26.336644318666668,58.1434583,6.345155245251406,3.270961289515356
TTO,Trinidad and Tobago,2007,High income,LCN,Americas,1303188.0,29354.5290108253,667.35321045,97.3100621994255,94.3855102571565,88.0,91.0,25.897198845666665,56.80667155,6.504816791951991,3.254134810179607
TTO,Trinidad and Tobago,2008,High income,LCN,Americas,1308587.0,30807.284851992,751.54608154,97.3103838303241,94.3904280017838,90.0,91.0,25.456853631666664,55.38831221,6.623462232674976,3.236985004646747
TTO,Trinidad and Tobago,2009,High income,LCN,Americas,1310106.0,29601.6194466575,776.62243652,97.3107038668244,94.3953687318109,90.0,94.0,25.025168166333334,54.4337063,6.6562411062793565,3.2198820451121057
TTO,Trinidad and Tobago,2010,High income,LCN,Americas,1317714.0,30778.3127370297,825.16088867,97.4402693697619,94.3852371604895,90.0,92.0,24.609204738999995,54.41115099,6.71678953502588,3.203120549333906
TTO,Trinidad and Tobago,2011,High income,LCN,Americas,1328019.0,31077.796969852,872.96398926,97.5697030865947,94.3740852058431,90.0,92.0,24.20333853433333,53.13813207,6.773039172587021,3.186490579611779
TTO,Trinidad and Tobago,2012,High income,LCN,Americas,1335194.0,31883.2297483766,895.08026123,97.6989849398985,94.3614743999076,92.0,85.0,23.799585929,51.034338,6.798029986228752,3.1696681825849065
TTO,Trinidad and Tobago,2013,High income,LCN,Americas,1340557.0,31746.2052441651,970.90222168,97.828150538828,94.3476328778078,92.0,91.0,23.382313197666665,50.03270021,6.879255204421001,3.151979890314294
TTO,Trinidad and Tobago,2014,High income,LCN,Americas,1345343.0,32026.5300957073,1010.82769775,97.9572291808289,94.3327824248919,92.0,96.0,22.98265199933333,49.76050527,6.9195135762113615,3.134739670432731
TTO,Trinidad and Tobago,2015,High income,LCN,Americas,1349667.0,29825.4628753017,1061.58666992,98.0862562464858,94.317158860963,96.0,89.0,22.57310075933333,50.39196626,6.968461469161195,3.1167589655018104
TTO,Trinidad and Tobago,2016,High income,LCN,Americas,1353895.0,28231.6820670092,1064.41772461,98.2152623526831,94.3009655351862,97.0,86.0,22.174396659333336,50.62311782,6.971122230922323,3.098938319678182
TTO,Trinidad and Tobago,2017,High income,LCN,Americas,1356633.0,28484.2557157494,1083.37609863,98.344276330186,94.2844344672468,89.0,93.0,21.776309846333334,51.24100883,6.988760076280532,3.0808226746071714
TTO,Trinidad and Tobago,2018,High income,LCN,Americas,1359193.0,28673.2413951653,1080.45397949,98.4733339387866,94.2677930697495,99.0,90.0,21.397361022,52.60987474,6.986061692005068,3.0632675976947006
TTO,Trinidad and Tobago,2019,High income,LCN,Americas,1363985.0,29315.8054064667,1097.20556641,98.6024616253734,94.251259726399,93.0,99.0,21.00176238333333,53.36725799,7.0014328234988366,3.0446063572179565
TTO,Trinidad and Tobago,2020,High income,LCN,Americas,1366725.0,26731.3556410029,1059.72583008,98.7316957265811,94.2350621411755,96.0,91.0,20.582578753666667,34.96898878,6.966708698133465,3.0244450264271014
TTO,Trinidad and Tobago,2021,High income,LCN,Americas,1367558.0,30482.1201798631,1170.93859863,98.8610651706074,94.2194207686008,94.0,93.0,20.08964127133333,54.208305,7.066414578517101,3.0002043225864523
TTO,Trinidad and Tobago,2022,High income,LCN,Americas,1365805.0,32978.8585763159,1266.28820801,98.9906054804652,94.204562265161,93.0,92.0,19.538889824666665,30.42045269,7.144634627231346,2.9724068294768617
TUN,Tunisia,2000,Lower middle income,MEA,Eastern Mediterranean,9764935.0,6278.98680881057,111.01378632,87.5364530934515,77.6805623507761,97.0,95.0,29.168668749875,55.75277762,4.718621955862735,3.3730951451925035
TUN,Tunisia,2001,Lower middle income,MEA,Eastern Mediterranean,9869677.0,6593.38196542465,114.00454712,87.8472449975765,78.3012933034024,98.0,92.0,27.215306380625,54.63184726,4.744971667755471,3.3037795496080236
TUN,Tunisia,2002,Lower middle income,MEA,Eastern Mediterranean,9971515.0,6715.11078442505,124.64620972,88.1389782075232,79.2381759455373,96.0,94.0,25.47263140025,53.08259461,4.833470098154593,3.237604597367082
TUN,Tunisia,2003,Lower middle income,MEA,Eastern Mediterranean,10071632.0,7098.4235616264,148.93447876,88.4264953069514,80.1731149302556,95.0,90.0,23.966096793125,51.74930444,5.010198390401068,3.1766401980206327
TUN,Tunisia,2004,Lower middle income,MEA,Eastern Mediterranean,10166163.0,7671.84535965305,167.27586365,88.7051137784581,81.0995386424089,97.0,95.0,22.67958614675,50.27621377,5.12560467825621,3.1214652311952684
TUN,Tunisia,2005,Lower middle income,MEA,Eastern Mediterranean,10255472.0,8116.9548993789,169.84550476,88.9588512587041,81.9968796979531,98.0,96.0,21.58903495375,48.95261268,5.14075966718209,3.0721855447666964
TUN,Tunisia,2006,Lower middle income,MEA,Eastern Mediterranean,10346410.0,8728.65712549855,178.82592773,89.2096520385554,82.8949793127084,99.0,98.0,20.684928369,47.56931339,5.191989314811432,3.0294053369632166
TUN,Tunisia,2007,Lower middle income,MEA,Eastern Mediterranean,10441702.0,9479.35063936328,202.32022095,89.4569801310422,83.7929328669292,98.0,98.0,19.967427517,46.3317601,5.314782179288716,2.994102321753989
TUN,Tunisia,2008,Lower middle income,MEA,Eastern Mediterranean,10542635.0,9975.02232125899,230.50152588,89.8868255561027,84.6908993579876,99.0,98.0,19.407263207875,45.22682518,5.444586464778864,2.9656473881605314
TUN,Tunisia,2009,Lower middle income,MEA,Eastern Mediterranean,10650681.0,10237.08899945,231.3591156,90.3433938079576,85.5886831809273,99.0,98.0,18.99167238775,44.27340672,5.448284086954238,2.9440005877053657
TUN,Tunisia,2010,Lower middle income,MEA,Eastern Mediterranean,10765980.0,10555.0887033221,240.75447083,90.7959166490344,86.4858177057762,98.0,97.0,18.70729746475,43.76706411,5.487922627771499,2.9289136864938854
TUN,Tunisia,2011,Lower middle income,MEA,Eastern Mediterranean,10886035.0,10435.9956675373,270.67507935,91.2448200352834,87.3826542238521,98.0,96.0,18.513614382,43.77050092,5.604606791025803,2.9185063739739614
TUN,Tunisia,2012,Lower middle income,MEA,Eastern Mediterranean,11009647.0,10614.531301194,270.29055786,91.6898273701058,88.2787188281284,97.0,96.0,18.395427858125,43.38275556,5.603190415741875,2.9121021477657183
TUN,Tunisia,2013,Lower middle income,MEA,Eastern Mediterranean,11141361.0,10671.569727457,284.64538574,92.130516839447,89.1734065275524,98.0,94.0,18.326839172375,42.78121052,5.654751131495454,2.9083666068498077
TUN,Tunisia,2014,Lower middle income,MEA,Eastern Mediterranean,11274288.0,10946.8935757638,287.60955811,92.5674570508114,90.0672030566408,98.0,98.0,18.27484301825,41.78524123,5.665074764675621,2.905525415626308
TUN,Tunisia,2015,Lower middle income,MEA,Eastern Mediterranean,11402264.0,10782.5438382441,249.46418762,93.0017471400427,90.9610365626904,98.0,98.0,18.214519876125,40.27136187,5.523315946711836,2.902219071404648
TUN,Tunisia,2016,Lower middle income,MEA,Eastern Mediterranean,11528674.0,10993.6638464522,240.40258789,93.4329020352708,91.8540914293083,98.0,96.0,18.111776487625,38.91514673,5.486466028945654,2.8965623613762195
TUN,Tunisia,2017,Lower middle income,MEA,Eastern Mediterranean,11650498.0,11288.7800135085,223.85903931,93.8606207367796,92.7457440160073,98.0,98.0,17.906260853875,37.85947327,5.415473713920776,2.8851504200649165
TUN,Tunisia,2018,Lower middle income,MEA,Eastern Mediterranean,11765514.0,11841.4061980603,215.418396,94.2847367416076,93.6354735142668,97.0,96.0,17.510260110249998,37.54945739,5.37721355260139,2.8627870011417387
TUN,Tunisia,2019,Lower middle income,MEA,Eastern Mediterranean,11875081.0,12494.7905733455,212.60031128,94.7047945067718,94.5224940632681,98.0,98.0,16.857570457625002,37.27698533,5.364106564388349,2.8247998412189332
TUN,Tunisia,2020,Lower middle income,MEA,Eastern Mediterranean,11974057.0,11918.066205483,250.40145874,95.120374054685,95.4060813673203,97.0,98.0,15.974800857625,39.69159877,5.527051098605503,2.7710125343095293
TUN,Tunisia,2021,Lower middle income,MEA,Eastern Mediterranean,12048622.0,12444.3264026887,285.25247192,95.5312981932344,96.2856817943005,97.0,95.0,14.957380993125,64.65765966,5.656874190359548,2.7052048899157835
TUN,Tunisia,2022,Lower middle income,MEA,Eastern Mediterranean,12119334.0,13618.5389918651,276.46380615,95.9372584120703,97.1606271679566,97.0,95.0,13.894954522625,38.11569494,5.625690496391692,2.6315257902582005
TUR,Turkiye,2000,Upper middle income,ECS,Europe,65425961.0,9325.80817565573,192.8344574,92.5207717291777,86.5326055844195,85.0,87.0,37.417587534125,32.0359894,5.267004482413949,3.62214084880842
TUR,Turkiye,2001,Upper middle income,ECS,Europe,66245128.0,9014.05844261591,148.86210632,92.6069916760716,86.6924044195484,88.0,91.0,34.727315170625,31.10523101,5.009715580088959,3.54752655799823
TUR,Turkiye,2002,Upper middle income,ECS,Europe,67048795.0,9154.45153457514,181.39144897,92.8175922761901,87.4876884090788,78.0,83.0,32.208460377625,29.93343445,5.206155195894369,3.472229162685772
TUR,Turkiye,2003,Upper middle income,ECS,Europe,67831730.0,9474.02925535051,232.5562439,93.0240916066264,88.2670291386027,68.0,75.0,29.8636544945,28.85637698,5.453422921337057,3.396642172247876
TUR,Turkiye,2004,Upper middle income,ECS,Europe,68592617.0,10759.3363431927,292.65307617,93.2266012493425,89.0308156718015,85.0,81.0,27.681184875,27.85591659,5.682399057547918,3.3207529360110564
TUR,Turkiye,2005,Upper middle income,ECS,Europe,69329557.0,11803.3604424476,357.40197754,93.4249804113802,89.7785316915136,90.0,91.0,25.663028814125,26.72551354,5.881655198775285,3.2450513886256784
TUR,Turkiye,2006,Upper middle income,ECS,Europe,70045349.0,13555.3359748623,409.25881958,93.6194753638319,90.5110315275318,90.0,98.0,23.796357368125,25.76190801,6.016788227801277,3.1695325172043596
TUR,Turkiye,2007,Upper middle income,ECS,Europe,70158112.0,14951.141675678,504.37646484,93.8100251611177,91.2280737248533,96.0,96.0,22.093797288625,24.8198135,6.2253036264776345,3.095296903456649
TUR,Turkiye,2008,Upper middle income,ECS,Europe,71051678.0,16141.6888074925,561.73529053,93.9967938201436,91.9302207848415,96.0,97.0,20.54666208175,24.01083178,6.332809340893469,3.0226984986372845
TUR,Turkiye,2009,Upper middle income,ECS,Europe,72039206.0,15559.7425332501,492.30032349,94.1796628732745,92.6170977664848,96.0,97.0,19.157450705625,23.16614626,6.201118164006759,2.952691710748059
TUR,Turkiye,2010,Upper middle income,ECS,Europe,73142150.0,17466.2641738935,531.82861328,94.3588134972971,93.2892782391218,97.0,97.0,17.8959537705,22.65707743,6.278199821387796,2.8845746409536024
TUR,Turkiye,2011,Upper middle income,ECS,Europe,74223629.0,19717.2438317111,525.89105225,94.5342469768029,93.9467893956226,97.0,98.0,16.7749581965,23.07414172,6.266993795195928,2.8198871908427177
TUR,Turkiye,2012,Upper middle income,ECS,Europe,75175827.0,20739.2725488506,520.44274902,94.7061073056509,94.5901003264673,97.0,96.0,15.7666456985,21.43384045,6.256599487052955,2.7578966769240307
TUR,Turkiye,2013,Upper middle income,ECS,Europe,76147624.0,22475.2909778388,547.95465088,94.8740402203655,95.2181862351683,98.0,98.0,14.86015195125,20.17048227,6.308015834964735,2.698683264758867
TUR,Turkiye,2014,Upper middle income,ECS,Europe,77181884.0,24192.537613837,520.40753174,95.0383332367469,95.8319919153338,96.0,94.0,14.043256920625,19.77905577,6.256531946619466,2.6421423460992535
TUR,Turkiye,2015,Upper middle income,ECS,Europe,78218479.0,25890.0548901058,444.70803833,95.1990408276222,96.4317908505569,97.0,97.0,13.305523903875,19.38313771,6.099664115082674,2.5881792801200345
TUR,Turkiye,2016,Upper middle income,ECS,Europe,79277962.0,26730.7599731835,456.3659668,95.3562997823,97.0180744384543,98.0,98.0,12.6416879365,19.28334049,6.1254838730486805,2.5369999190831987
TUR,Turkiye,2017,Upper middle income,ECS,Europe,80312698.0,28353.5406410966,432.13754272,95.5101526427098,97.5910900486757,96.0,96.0,12.038591144375,18.25951396,6.071055328185769,2.48811741844714
TUR,Turkiye,2018,Upper middle income,ECS,Europe,81407204.0,28640.3401839802,380.27835083,95.6607630886075,98.1513969936455,98.0,96.0,11.4878344765,17.44600256,5.9435296879896296,2.4412886038194066
TUR,Turkiye,2019,Upper middle income,ECS,Europe,82579440.0,29016.4555653445,388.67486572,95.8081999457908,98.6993304992011,99.0,97.0,10.981637542125,16.85565805,5.9653127137802,2.3962245635883743
TUR,Turkiye,2020,Upper middle income,ECS,Europe,83384680.0,29209.3308866883,386.2593689,95.9525757495893,99.2307423449242,98.0,95.0,10.515157067125,19.31132926,5.959094672419429,2.352817746477718
TUR,Turkiye,2021,Upper middle income,ECS,Europe,84147318.0,32105.5474400506,431.33978271,95.9614082696356,99.2429248259355,95.0,96.0,10.068004980125,20.00294363,6.069211813139226,2.3093625719218345
TUR,Turkiye,2022,Upper middle income,ECS,Europe,84979913.0,39564.1103267333,385.87997437,95.9700345956399,99.2548217497769,99.0,95.0,9.639933298625,21.20924148,5.9581145011784935,2.2659141893687442
TUV,Tuvalu,2000,Upper middle income,EAS,Western Pacific,9544.0,2597.25208316056,351.92758179,98.9489058922468,78.9362425407756,82.0,81.0,42.590427467875,237.2960894,5.866262885150462,3.7516295206979726
TUV,Tuvalu,2001,Upper middle income,EAS,Western Pacific,9586.0,2595.91651072877,261.71032715,98.9547762217723,79.3657428797952,96.0,99.0,41.551379308,234.941826,5.57105200749095,3.7269307170922277
TUV,Tuvalu,2002,Upper middle income,EAS,Western Pacific,9623.0,2915.30037644437,207.1824646,98.9600772515552,79.792403408127,98.0,99.0,40.64264056537501,233.8067356,5.338414928810597,3.7048177757011804
TUV,Tuvalu,2003,Upper middle income,EAS,Western Pacific,9695.0,2770.10016154552,274.99337769,98.9637268810734,80.2316998514364,93.0,95.0,39.79685401375,210.1843483,5.620376871552481,3.6837878642855277
TUV,Tuvalu,2004,Upper middle income,EAS,Western Pacific,9816.0,2764.91389633307,216.72221375,98.9655447437616,80.6725239368512,98.0,97.0,38.891577815375,208.7784257,5.383220001390478,3.6607777185808446
TUV,Tuvalu,2005,Upper middle income,EAS,Western Pacific,9940.0,2727.66493096898,232.03250122,98.9659492701757,81.1061453638606,93.0,62.0,37.92983455475,229.8030664,5.451177934052438,3.635737993833926
TUV,Tuvalu,2006,Upper middle income,EAS,Western Pacific,10056.0,2787.10956568152,291.76730347,98.9649313855609,81.6022136044618,97.0,84.0,36.792083849125,226.1169014,5.679378107374992,3.605282709239293
TUV,Tuvalu,2007,Upper middle income,EAS,Western Pacific,10182.0,3034.34916256495,292.23049927,98.9624863760549,82.0929697634575,97.0,95.0,35.528970199125,222.0490153,5.680958986669425,3.5703484256310456
TUV,Tuvalu,2008,Upper middle income,EAS,Western Pacific,10321.0,3291.09772372222,319.3182373,98.958630738777,82.5784281170616,99.0,93.0,34.143474697375,218.7627878,5.769314993177149,3.530571490083439
TUV,Tuvalu,2009,Upper middle income,EAS,Western Pacific,10461.0,3081.93890586604,349.2015686,98.953383966919,83.0584767783353,88.0,90.0,32.747193522125,215.1664551,5.858508898996488,3.488817264428406
TUV,Tuvalu,2010,Upper middle income,EAS,Western Pacific,10614.0,2945.12892457303,490.41107178,98.9467468568781,83.5331982349857,89.0,85.0,31.418358609375,212.8620838,6.197280990928088,3.4473923911502036
TUV,Tuvalu,2011,Upper middle income,EAS,Western Pacific,10780.0,3175.92841210274,536.10473633,98.9387256390915,84.0026188953189,96.0,98.0,30.1922512715,168.5034316,6.286193115211762,3.4075853110445307
TUV,Tuvalu,2012,Upper middle income,EAS,Western Pacific,10934.0,3170.40106063439,499.21899414,98.929330064394,84.4667679679391,97.0,98.0,29.0708475835,168.2711838,6.215045990813323,3.369735870784885
TUV,Tuvalu,2013,Upper middle income,EAS,Western Pacific,11001.0,3277.2133431185,484.58966064,98.9186170640434,84.9256140127628,90.0,96.0,28.02730358175,167.6978987,6.1853639475911,3.333179162966466
TUV,Tuvalu,2014,Upper middle income,EAS,Western Pacific,10984.0,3418.8526428885,512.64215088,98.9067978780049,85.3791357361949,89.0,94.0,27.05119249725,168.1861517,6.241526818478642,3.2977310892468417
TUV,Tuvalu,2015,Upper middle income,EAS,Western Pacific,10963.0,3775.7556591637,451.35287476,98.8939303808876,85.8275541717816,96.0,94.0,26.100978270375,168.9803082,6.114462571619016,3.2619727952497923
TUV,Tuvalu,2016,Upper middle income,EAS,Western Pacific,10930.0,4030.86241535456,697.99798584,98.8800941799152,86.2711177988143,94.0,96.0,25.187121830625,170.3757269,6.549647860741819,3.2263328254254535
TUV,Tuvalu,2017,Upper middle income,EAS,Western Pacific,10869.0,4226.71874686288,1017.49633789,98.8653597782107,86.7100762257543,96.0,95.0,24.290371846875,171.2093718,6.92608264006884,3.1900800515372922
TUV,Tuvalu,2018,Upper middle income,EAS,Western Pacific,10751.0,4431.73186603207,819.41162109,98.8497651952118,87.1446773088525,89.0,88.0,23.493229887,152.7325724,6.709806191249046,3.1567122897293483
TUV,Tuvalu,2019,Upper middle income,EAS,Western Pacific,10581.0,5209.70002131965,1138.82617188,98.8333705888805,87.5751591368596,92.0,96.0,22.693298984625,154.9827969,7.038631048955144,3.1220696819923823
TUV,Tuvalu,2020,Upper middle income,EAS,Western Pacific,10399.0,5122.19827984698,899.59460449,98.8162535576204,88.0017857400393,95.0,93.0,21.9173245705,206.0343323,6.803055216832425,3.087277400365076
TUV,Tuvalu,2021,Upper middle income,EAS,Western Pacific,10194.0,5352.97862537897,1122.39929199,98.798446877674,88.424780639943,94.0,93.0,21.227436411875,156.6477155,7.024114449859572,3.0552945153327786
TUV,Tuvalu,2022,Upper middle income,EAS,Western Pacific,9992.0,5661.14384766376,1300.46679688,98.7800317187717,88.8444072299231,91.0,90.0,20.5353729725,220.2516027,7.17124721268392,3.02214891001446
TZA,Tanzania,2000,Lower middle income,SSF,Africa,34260139.0,1163.64367675781,12.33031845,28.6115317838844,3.44646184127631,79.0,78.0,128.37134787325,567.5058726,2.590041023627693,4.854927218950179
TZA,Tanzania,2001,Lower middle income,SSF,Africa,35198299.0,1228.52233886719,15.1739912,29.8677621346393,4.73290413603406,87.0,86.0,120.5826039515,492.576938,2.783404470590386,4.792335028047028
TZA,Tanzania,2002,Lower middle income,SSF,Africa,36121304.0,1302.05554199219,17.0355854,31.1241267343725,6.02169752992319,89.0,89.0,112.73634182675,453.5442937,2.8923467729360084,4.72505183425356
TZA,Tanzania,2003,Lower middle income,SSF,Africa,37089555.0,1379.45776367188,20.39437675,32.4757991553598,7.3420470245643,95.0,97.0,105.260439244,396.8909252,3.063128118806475,4.656437652860115
TZA,Tanzania,2004,Lower middle income,SSF,Africa,38109668.0,1482.162109375,23.4493866,33.9471157006674,8.68990145112376,95.0,94.0,98.51912971775,365.3352029,3.196605127671613,4.590250739654145
TZA,Tanzania,2005,Lower middle income,SSF,Africa,39182076.0,1598.03747558594,27.71374512,35.4283532789457,10.0407875300945,90.0,91.0,92.336074342875,349.6971663,3.357375932159872,4.525434903102524
TZA,Tanzania,2006,Lower middle income,SSF,Africa,40294902.0,1706.54846191406,35.59762955,36.9195071413939,11.3955838103187,90.0,93.0,86.875761911,365.8322074,3.5999834719164445,4.46447907404506
TZA,Tanzania,2007,Lower middle income,SSF,Africa,41435512.0,1820.00134277344,36.23610306,38.4195983532873,12.7548704063114,83.0,90.0,81.52537341675,452.76937,3.6172788030020513,4.400914302060477
TZA,Tanzania,2008,Lower middle income,SSF,Africa,42570728.0,1908.37353515625,36.26182556,39.9290568171928,14.1197491698762,86.0,88.0,77.0040919215,510.5330012,3.6179693591423,4.343858562279369
TZA,Tanzania,2009,Lower middle income,SSF,Africa,43633982.0,1972.16784667969,33.9993782,41.4454872812529,15.4903054261921,85.0,91.0,72.420074620125,501.7820448,3.555330295617316,4.282483534717039
TZA,Tanzania,2010,Lower middle income,SSF,Africa,44758488.0,2069.40185546875,37.18493271,42.9702242043012,16.8680409613497,91.0,92.0,68.58175709325,486.0461124,3.642441006128503,4.228026567780488
TZA,Tanzania,2011,Lower middle income,SSF,Africa,46029367.0,2211.466796875,37.75179672,44.5013525843349,18.2532282424589,90.0,93.0,64.963203005125,474.6139346,3.6571771216921833,4.17382100198276
TZA,Tanzania,2012,Lower middle income,SSF,Africa,47374260.0,2083.48486328125,41.99654007,46.0392257141693,19.6470733482155,92.0,97.0,62.0996238415,447.9779017,3.76111964896783,4.12873993161835
TZA,Tanzania,2013,Lower middle income,SSF,Africa,48824128.0,2176.21655273438,43.46931839,47.5819698290827,21.049832968174,91.0,99.0,59.424214196375,479.067851,3.7947994769934006,4.084701789706997
TZA,Tanzania,2014,Lower middle income,SSF,Africa,50351512.0,2221.1796875,39.85456848,49.1277716374045,22.4616949820223,97.0,97.0,56.680623249125,453.5956139,3.710018650548605,4.0374324106887185
TZA,Tanzania,2015,Lower middle income,SSF,Africa,52020962.0,2317.27978515625,33.27184296,50.6761681803936,23.8834363913571,96.0,95.0,54.743462776625,433.1921051,3.5343241120886404,4.00265796022752
TZA,Tanzania,2016,Lower middle income,SSF,Africa,53824013.0,2434.69995117188,36.65267563,52.2258564710625,25.3153858621226,92.0,83.0,52.420894778875,395.5496649,3.628404017590697,3.9593052671672635
TZA,Tanzania,2017,Lower middle income,SSF,Africa,55652890.0,2472.4931640625,39.03767014,53.7768153446022,26.7585271322434,90.0,90.0,50.21394689325,345.2948196,3.689820764442326,3.916292814669797
TZA,Tanzania,2018,Lower middle income,SSF,Africa,57437145.0,2727.88012695313,41.27171326,55.3281861083023,28.2133927251419,89.0,88.0,47.974379817625,318.9423015,3.744118145103434,3.8706671146111447
TZA,Tanzania,2019,Lower middle income,SSF,Africa,59174891.0,2981.87451171875,39.97783661,56.8787467857379,29.6802357492442,91.0,89.0,45.968154634,291.6775527,3.713031350055601,3.8279488661801095
TZA,Tanzania,2020,Lower middle income,SSF,Africa,60972798.0,3290.60986328125,31.7036171,58.4288709914851,31.1602899873696,91.0,87.0,44.134443899625,159.8512566,3.4874856864647543,3.7872405184069766
TZA,Tanzania,2021,Lower middle income,SSF,Africa,62830412.0,3493.0830078125,37.53121185,59.9769893426504,32.6535108479798,86.0,80.0,42.126900823625,162.1406231,3.6514686102586937,3.740686511063991
TZA,Tanzania,2022,Lower middle income,SSF,Africa,64711821.0,3799.8623046875,35.93323135,61.5231007781577,34.1608687863697,87.0,84.0,40.44951083325,151.6530178,3.609111724359673,3.700054550310241
UGA,Uganda,2000,Low income,SSF,Africa,24000150.0,1124.20958232447,16.42602158,26.2357051861037,14.7116633613524,52.0,57.0,145.55937000325,475.0966326,2.857964582187761,4.980584044644802
UGA,Uganda,2001,Low income,SSF,Africa,24745676.0,1172.6831745569,15.99579906,27.5298826781499,15.1044104366213,55.0,59.0,138.73528332825,440.3102368,2.8329661994008446,4.932567680898434
UGA,Uganda,2002,Low income,SSF,Africa,25532870.0,1254.98203506699,15.74441719,28.8504493952135,15.4966529446954,57.0,62.0,131.112603737875,415.7563075,2.8180649006240364,4.876056524500108
UGA,Uganda,2003,Low income,SSF,Africa,26352124.0,1320.23991630988,14.23364067,30.1967437598834,15.8883472908915,59.0,64.0,122.990645201375,394.5486691,2.723506184302054,4.812108297206694
UGA,Uganda,2004,Low income,SSF,Africa,27154515.0,1405.24288438896,18.60707474,31.5685635634506,16.2795981231902,62.0,66.0,114.805252671375,384.3490806,2.9758904572299314,4.743237237815873
UGA,Uganda,2005,Low income,SSF,Africa,27963289.0,1496.50947836066,25.86819267,32.9633010331223,16.6697698999299,64.0,68.0,106.90949495225,416.9045373,3.290943158362977,4.671982634968324
UGA,Uganda,2006,Low income,SSF,Africa,28794003.0,1659.72529096776,31.60310555,34.3826242141433,17.0595600245412,64.0,75.0,99.638008799,408.6582515,3.4844075461054387,4.60154370624207
UGA,Uganda,2007,Low income,SSF,Africa,29653430.0,1794.53518881483,36.10126495,35.824381726143,17.4484827686049,73.0,75.0,92.93598577975,344.593261,3.613651064719477,4.53191093119995
UGA,Uganda,2008,Low income,SSF,Africa,30539553.0,1930.70869517816,40.04308701,37.2887308722368,17.8367866196346,71.0,70.0,86.840462934375,324.4711593,3.7146224175755767,4.4640726758845855
UGA,Uganda,2009,Low income,SSF,Africa,31451151.0,2014.60879442098,44.3670578,38.7739967915564,18.2241387733923,79.0,77.0,81.40006712237499,322.4205947,3.814786242553908,4.399376097607356
UGA,Uganda,2010,Low income,SSF,Africa,32390802.0,2091.55963145331,51.88574982,40.2802562427772,18.6107811745522,80.0,73.0,76.094559858,304.3459374,3.968133922990935,4.331976775558069
UGA,Uganda,2011,Low income,SSF,Africa,33354543.0,2267.72270357093,55.2076683,41.8062522892618,18.9965285314938,82.0,75.0,70.998732521125,294.5312016,4.029053194210869,4.262662025066829
UGA,Uganda,2012,Low income,SSF,Africa,34337438.0,2031.94669538814,55.03918457,43.3515394345294,19.3814718588075,83.0,80.0,66.63930310112501,285.0679652,4.026051170506411,4.199294540137714
UGA,Uganda,2013,Low income,SSF,Africa,35337042.0,2044.88182485845,52.906353,44.9140772703055,19.7651604775123,84.0,83.0,62.405178445875,307.6948049,3.9872483373885457,4.133648259846739
UGA,Uganda,2014,Low income,SSF,Africa,36395539.0,2134.00916281741,50.957798,46.4945464801436,20.1480923027985,85.0,85.0,59.0991218365,311.3423804,3.950431812151507,4.079216065359187
UGA,Uganda,2015,Low income,SSF,Africa,37531446.0,2189.96485919003,40.09843445,48.0912598324733,20.5299518497404,89.0,79.0,55.803865229,299.1615982,3.715970029535823,4.021843136325173
UGA,Uganda,2016,Low income,SSF,Africa,38799152.0,2165.29759404413,39.08125305,49.7026063632453,20.9104342628765,93.0,79.0,52.446883484875,272.4576777,3.690908720010464,3.959800914294767
UGA,Uganda,2017,Low income,SSF,Africa,40177388.0,2157.95747503369,31.43818092,51.32772813986,21.2895047336164,94.0,83.0,49.804342812125,246.2628782,3.4793361524591555,3.908102185291218
UGA,Uganda,2018,Low income,SSF,Africa,41565831.0,2312.05752813495,32.9515686,52.9651082839112,21.6668720905552,93.0,86.0,47.37815150875,231.9684218,3.5249350561774278,3.858161183802197
UGA,Uganda,2019,Low income,SSF,Africa,42999637.0,2441.37445233821,33.36559677,54.6148662999288,22.0428914452572,93.0,87.0,45.285969849,218.7125453,3.537055970056427,3.812997268159356
UGA,Uganda,2020,Low income,SSF,Africa,44457152.0,2532.21950102069,44.73381805,56.2751724073816,22.4171466106688,89.0,89.0,43.47352798475,209.4898774,3.8228380253284415,3.772152200776955
UGA,Uganda,2021,Low income,SSF,Africa,45910930.0,2684.92035939744,51.03484726,57.9452003284678,22.789614286416,91.0,90.0,41.754862119,215.7510252,3.9519136337535263,3.731815902456285
UGA,Uganda,2022,Low income,SSF,Africa,47312719.0,2919.17775407108,44.47286224,59.6243670283511,23.1603896161507,89.0,90.0,40.466187072625,183.9035302,3.8171157137335054,3.7004667383044794
UKR,Ukraine,2000,Upper middle income,ECS,Europe,49556660.0,4228.1162109375,34.62232971,98.2039141812344,94.3966034938473,99.0,99.0,18.27688891075,31.66517166,3.572972680270738,2.905637360663884
UKR,Ukraine,2001,Upper middle income,ECS,Europe,49106855.0,4746.85791015625,44.14328766,98.2474033169623,94.5175683409695,99.0,99.0,17.44329732275,29.81381217,3.809841601258276,2.8589554672814277
UKR,Ukraine,2002,Upper middle income,ECS,Europe,48677281.0,5122.84130859375,52.11910248,98.2725981349604,94.6431371878903,99.0,99.0,16.597533936375,28.2781007,3.972536608941101,2.809254126276959
UKR,Ukraine,2003,Upper middle income,ECS,Europe,48315136.0,5764.01123046875,67.87039948,98.2640372395686,94.771552584454,97.0,99.0,15.807759872,27.75427473,4.232226470033468,2.7605009506067377
UKR,Ukraine,2004,Upper middle income,ECS,Europe,47979507.0,6663.46728515625,83.23918915,97.7928382047192,94.9541705931486,99.0,99.0,15.0852426315,27.42509742,4.433660242304561,2.7137169567707025
UKR,Ukraine,2005,Upper middle income,ECS,Europe,47585556.0,7142.10693359375,114.63265228,97.3192965244118,95.1373679572065,96.0,96.0,14.468789654,26.84813516,4.750418375523746,2.6719938919479786
UKR,Ukraine,2006,Upper middle income,ECS,Europe,47278694.0,7971.1962890625,146.27377319,96.8423737285602,95.3185357936314,98.0,98.0,13.94028989225,26.75942156,4.992293257310248,2.6347832008299235
UKR,Ukraine,2007,Upper middle income,ECS,Europe,47062798.0,8900.4443359375,183.18217468,96.3624898983504,95.4986097698596,98.0,97.0,13.428462041,26.76394295,5.215925347585878,2.597376487298534
UKR,Ukraine,2008,Upper middle income,ECS,Europe,46819175.0,9323.72265625,212.75292969,95.8796583793092,95.6776417950995,90.0,94.0,12.878952801125,26.06416093,5.364820813874988,2.5555944131103554
UKR,Ukraine,2009,Upper middle income,ECS,Europe,46623731.0,7994.61572265625,165.98542786,95.3939041570529,95.8555810343647,71.0,75.0,12.294860079375,23.96281949,5.117906550286173,2.509181295316698
UKR,Ukraine,2010,Upper middle income,ECS,Europe,46456003.0,8453.2998046875,199.49559021,94.9072076432708,96.0284615654647,52.0,56.0,11.71415436125,21.34236244,5.300792252539666,2.4607978850820484
UKR,Ukraine,2011,Upper middle income,ECS,Europe,46307853.0,9126.6083984375,240.17747498,94.4191011377328,96.2008848286648,50.0,67.0,11.159712602375,20.13721179,5.485533073178731,2.412310204146206
UKR,Ukraine,2012,Upper middle income,ECS,Europe,46210056.0,9552.314453125,270.76205444,93.9295625796783,96.3728907161999,76.0,79.0,10.64752229375,19.73935004,5.6049268835823645,2.3653272166144013
UKR,Ukraine,2013,Upper middle income,ECS,Europe,46126770.0,10903.8251953125,275.94143677,93.7584244839538,96.5444853667447,76.0,79.0,10.188868002125,19.50281261,5.623806064232175,2.321295751969082
UKR,Ukraine,2014,Upper middle income,ECS,Europe,45972380.0,10493.7451171875,208.94400024,93.2856866411736,96.7156593530627,23.0,56.0,9.784599243625,18.72807248,5.346840829632086,2.280809643813604
UKR,Ukraine,2015,Upper middle income,ECS,Europe,45784896.0,9921.833984375,154.75454712,93.3187311569397,96.8342062972295,23.0,56.0,9.43530506075,17.28115029,5.048281352233372,2.2444585111807
UKR,Ukraine,2016,Upper middle income,ECS,Europe,45616832.0,10864.6572265625,154.5546875,93.3513783452098,96.9523458246156,19.0,42.0,9.138881128875,16.50206797,5.046997357894417,2.2125379631888404
UKR,Ukraine,2017,Upper middle income,ECS,Europe,45436041.0,11536.0810546875,183.69506836,93.3837080756642,97.0700543014006,50.0,86.0,8.889503261875,16.02144591,5.218706186036593,2.1848711719101326
UKR,Ukraine,2018,Upper middle income,ECS,Europe,45208907.0,12554.8486328125,217.73760986,93.4145409496179,97.1876990557354,69.0,91.0,8.6761479165,16.17094502,5.387872882993582,2.160577641747374
UKR,Ukraine,2019,Upper middle income,ECS,Europe,44957458.0,14217.486328125,242.81388855,93.443715883617,97.3052193099168,80.0,93.0,8.495751379375001,15.79273858,5.496405182405747,2.1395662008151675
UKR,Ukraine,2020,Upper middle income,ECS,Europe,44680014.0,15541.02734375,265.07846069,93.4712072863379,97.3954990991366,81.0,85.0,8.34838523575,17.97056898,5.583791230288076,2.1220681352213657
UKR,Ukraine,2021,Upper middle income,ECS,Europe,44298640.0,17846.408203125,369.90487671,93.4969374195088,97.4790947349818,78.0,89.0,8.22648304075,25.86090462,5.915945632724016,2.1073585893035136
UKR,Ukraine,2022,Upper middle income,ECS,Europe,41048766.0,14770.0712890625,284.005233765,93.5208948630112,97.5620782552435,73.0,74.0,8.520143735125,15.51594233,5.652507541478123,2.1424332110187576
URY,Uruguay,2000,High income,LCN,Americas,3266206.0,10929.3002607587,699.20495605,97.0615629070095,93.4676984029791,90.0,89.0,16.971247889,23.46975181,6.551373086544645,2.8315206115455154
URY,Uruguay,2001,High income,LCN,Americas,3274251.0,10719.3945690687,679.4229126,97.1242376171319,93.4893466298161,94.0,94.0,16.520489803333334,24.01110738,6.522714535145775,2.804601416765493
URY,Uruguay,2002,High income,LCN,Americas,3278867.0,10030.1287840488,436.44049072,97.1962111279597,93.5102862936807,95.0,95.0,16.159824898666667,23.32381548,6.080940675334516,2.782528217555697
URY,Uruguay,2003,High income,LCN,Americas,3281186.0,10303.2337504047,383.55554199,97.2666556458584,93.5306773335471,91.0,95.0,15.741795210333336,22.55953109,5.952088231023192,2.7563192905093103
URY,Uruguay,2004,High income,LCN,Americas,3283148.0,11103.1125898913,375.93881226,97.3351038717686,93.5503547896714,94.0,95.0,15.137476500666663,21.41815219,5.932082872578052,2.717173556486043
URY,Uruguay,2005,High income,LCN,Americas,3285771.0,12295.700311589,445.28201294,97.5328552495879,93.6843491795697,96.0,95.0,14.370185115666668,20.32274267,6.100951068201497,2.665155582100282
URY,Uruguay,2006,High income,LCN,Americas,3289506.0,13179.3881134044,500.65515137,97.7230375834935,93.9897585152977,95.0,94.0,13.524725913333333,19.67900312,6.217912934171683,2.60451955933928
URY,Uruguay,2007,High income,LCN,Americas,3295153.0,14397.224966515,578.34454346,97.9057149846883,94.2928439253095,94.0,96.0,12.683433096,18.94139664,6.361897367016048,2.540296661259111
URY,Uruguay,2008,High income,LCN,Americas,3302177.0,15694.235411976,811.7020874,98.0813881282661,94.5937831802879,94.0,95.0,11.92022628,18.61648668,6.700364606231313,2.478236644678501
URY,Uruguay,2009,High income,LCN,Americas,3310091.0,16421.7696322847,826.05682373,98.2501537538036,94.8926045747565,95.0,94.0,11.282729740333332,17.63660852,6.717873403340367,2.423273215049559
URY,Uruguay,2010,High income,LCN,Americas,3318580.0,17872.5369682924,1043.26000977,98.4126195447571,95.1895101700608,95.0,95.0,10.773190483,17.22466991,6.951063788938238,2.3770606852743508
URY,Uruguay,2011,High income,LCN,Americas,3326825.0,19135.3636964186,1244.93884277,98.5688827788453,95.4845379432559,95.0,95.0,10.362182862333334,16.63309952,7.127644615293679,2.3381629156344252
URY,Uruguay,2012,High income,LCN,Americas,3335401.0,19495.4223660846,1347.02868652,98.7111485515081,95.7751867461269,95.0,96.0,10.022798798333334,16.48728799,7.206398572047006,2.304862377844769
URY,Uruguay,2013,High income,LCN,Americas,3345337.0,20661.3793411187,1516.80664063,98.8475729341286,96.0641764624979,95.0,96.0,9.689659721333332,16.22154468,7.325021572128247,2.2710593088086086
URY,Uruguay,2014,High income,LCN,Americas,3356334.0,21867.8112276315,1495.59777832,98.9811512329588,96.352485578308,95.0,96.0,9.315917285666666,16.32017037,7.310949663160324,2.2317244732435912
URY,Uruguay,2015,High income,LCN,Americas,3368017.0,22168.6114189676,1424.8939209,99.1119536315353,96.6401328300575,95.0,96.0,8.903855672,15.97751687,7.262554208936535,2.186484404497756
URY,Uruguay,2016,High income,LCN,Americas,3379283.0,22840.5507069805,1469.38964844,99.240133418196,96.9271658776364,95.0,95.0,8.474773490999999,16.1447224,7.293282711614727,2.137093926183685
URY,Uruguay,2017,High income,LCN,Americas,3388438.0,23606.6278007958,1672.3314209,99.3656002482881,97.2135571051318,93.0,96.0,8.053371241333332,16.40602247,7.422571781128566,2.0860907915066313
URY,Uruguay,2018,High income,LCN,Americas,3394534.0,24386.4948473952,1713.26611328,99.4885272637331,97.4993671618489,91.0,97.0,7.678644834333333,15.98041183,7.446740345729456,2.038443077726919
URY,Uruguay,2019,High income,LCN,Americas,3397206.0,25782.6890198871,1692.50195313,99.5545465859782,97.784620083579,94.0,96.0,7.372892564333333,15.93727288,7.434553825566875,1.9978101074017325
URY,Uruguay,2020,High income,LCN,Americas,3398968.0,25725.258216942,1432.00463867,99.5703038278437,98.0693333151527,92.0,95.0,7.131702590333333,19.56054958,7.267528664857127,1.9645499983929382
URY,Uruguay,2021,High income,LCN,Americas,3396695.0,29431.8850087471,1594.98059082,99.5860335482368,98.3535399904896,91.0,93.0,6.945190295000001,49.46616652,7.375243616795456,1.938049376118903
URY,Uruguay,2022,High income,LCN,Americas,3390913.0,33000.918699951,1850.80737305,99.6016579773198,98.6365121038307,94.0,96.0,6.792418692000001,19.75276136,7.523917399564504,1.9158070919854042
USA,United States,2000,High income,NAC,Americas,282162411.0,36329.9702595751,4548.5546875,95.08595516798411,99.872730795484,94.0,91.0,8.435299848333333,12.08971584,8.422784636276209,2.1324252634791336
USA,United States,2001,High income,NAC,Americas,284968955.0,37133.6203973517,4901.67529297,95.08595516798411,99.8724443985302,94.0,91.0,8.318287328333334,12.66158065,8.497536313264016,2.1184563836831702
USA,United States,2002,High income,NAC,Americas,287625193.0,37997.7424300242,5327.93701172,95.08595516798411,99.8721627429703,94.0,91.0,8.216958499666667,12.97852833,8.580907062320753,2.10620012839068
USA,United States,2003,High income,NAC,Americas,290107933.0,39490.3023903176,5732.24365234,95.08595516798411,99.8718811730402,96.0,93.0,8.127249992333333,13.32249047,8.654036731977376,2.0952226120132775
USA,United States,2004,High income,NAC,Americas,292805298.0,41724.6411982614,6071.84423828,95.08595516798411,99.871602174116,96.0,93.0,8.041450073,13.2213384,8.71158234733549,2.084609424266754
USA,United States,2005,High income,NAC,Americas,295516599.0,44123.3996470026,6428.60205078,98.8969723453507,99.8713252821496,96.0,92.0,7.949191949333333,13.35735147,8.768667925857647,2.0730702819070923
USA,United States,2006,High income,NAC,Americas,298379912.0,46301.9876485519,6802.47509766,98.9038126009011,99.8710519405417,96.0,92.0,7.845030439333333,13.48268059,8.82518880439933,2.059880266270946
USA,United States,2007,High income,NAC,Americas,301231207.0,48050.227412195,7153.73144531,98.9106080907842,99.8707752095931,96.0,92.0,7.724496535666667,13.49324602,8.875529157437082,2.044396647283449
USA,United States,2008,High income,NAC,Americas,304093966.0,48570.0594269601,7364.93847656,98.9173671062071,99.8705039493181,96.0,92.0,7.58636379,13.8463015,8.90462174461607,2.026352397561121
USA,United States,2009,High income,NAC,Americas,306771529.0,47194.9500893872,7614.82421875,98.92408685212,99.8702348006488,95.0,90.0,7.439971646333333,14.59659695,8.937983495683572,2.0068670378610363
USA,United States,2010,High income,NAC,Americas,309378227.0,48642.6312088213,7836.08837891,99.0106474401103,99.8705368602466,95.0,92.0,7.294218095666667,14.583907,8.966622664124662,1.9870819926341066
USA,United States,2011,High income,NAC,Americas,311839461.0,50024.8812320773,8015.78076172,99.0963699785745,99.8480037254906,96.0,92.0,7.155362845333333,15.34365228,8.989292218995706,1.9678621238586327
USA,United States,2012,High income,NAC,Americas,314339099.0,51708.3940614082,8262.29296875,99.1811105889535,99.8259022136233,94.0,91.0,7.030440364333333,15.68151722,9.019578451567028,1.9502493445909288
USA,United States,2013,High income,NAC,Americas,316726282.0,53297.3862901595,8412.25195313,99.2648895869455,99.8042412350329,94.0,92.0,6.922386261333333,16.06280981,9.037563355174411,1.934760545640292
USA,United States,2014,High income,NAC,Americas,319257560.0,55153.3940182967,8796.33886719,99.3476415086967,99.7830418254313,95.0,92.0,6.826973758666667,16.53584892,9.082204553278077,1.920881494671127
USA,United States,2015,High income,NAC,Americas,321815121.0,56849.4697923159,9200.93164063,99.4293350987693,99.7623251311093,95.0,92.0,6.741448859333333,17.02174247,9.127168701936462,1.908274866115482
USA,United States,2016,High income,NAC,Americas,324353340.0,57976.628204291,9535.60058594,99.509898178586,99.7420835602062,95.0,92.0,6.662457342,17.78948228,9.162892368230054,1.896488386769777
USA,United States,2017,High income,NAC,Americas,326608609.0,60047.7190728307,9822.60644531,99.5893429085867,99.7223530086904,94.0,91.0,6.589967651666666,17.85646683,9.192543589050072,1.8855484398023175
USA,United States,2018,High income,NAC,Americas,328529577.0,62875.6661382728,10180.48242188,99.6675822614626,99.7031223122571,94.0,92.0,6.528421754333333,17.55005986,9.228325900512626,1.8761652225499468
USA,United States,2019,High income,NAC,Americas,330226227.0,65227.9565911035,10550.22070313,99.7446316773149,99.6844358089122,94.0,90.0,6.482710061,17.51902622,9.263996838668556,1.869138642224995
USA,United States,2020,High income,NAC,Americas,331577720.0,64401.5074354209,11648.49511719,99.8204204612721,99.6662725669219,93.0,91.0,6.458785873666667,22.45825036,9.36301812047449,1.8654413548777502
USA,United States,2021,High income,NAC,Americas,332099760.0,71307.4017277218,12080.07324219,99.894943997231,99.6486733885848,94.0,92.0,6.453905205666668,31.21464562,9.399395312094514,1.864685405834683
USA,United States,2022,High income,NAC,Americas,334017321.0,77860.9112908848,12586.19628906,99.9641146737575,99.6316127279868,94.0,92.0,6.460770690333334,20.03667574,9.44043540875639,1.8657486125877885
UZB,Uzbekistan,2000,Lower middle income,ECS,Europe,24787054.0,2644.26354163536,35.72119904,87.3125968713833,93.3766111569877,99.0,99.0,61.4529155775,42.36550091,3.603354218813944,4.118271281224988
UZB,Uzbekistan,2001,Lower middle income,ECS,Europe,25090283.0,2782.34871050012,30.46290398,87.8034451574225,93.5376880221384,99.0,99.0,58.72940129375,41.77732728,3.4488092004266773,4.072940475267415
UZB,Uzbekistan,2002,Lower middle income,ECS,Europe,25399980.0,2902.03983617689,24.50708961,88.2901754569752,93.6957052425144,99.0,97.0,55.685957061125,40.59911943,3.2389564374444606,4.019727997751781
UZB,Uzbekistan,2003,Lower middle income,ECS,Europe,25711259.0,3047.24856835492,25.61911011,88.7725462000596,93.8505894484885,98.0,99.0,52.46257424825,39.96568098,3.281629383031783,3.960100043921991
UZB,Uzbekistan,2004,Lower middle income,ECS,Europe,26029350.0,3321.19654400978,28.02430153,89.2503477603566,94.0022883501432,99.0,98.0,49.11969095825,39.44135638,3.3681334628671844,3.894259992252523
UZB,Uzbekistan,2005,Lower middle income,ECS,Europe,26356975.0,3617.85486831461,32.51261139,89.7235443851792,94.1508115621162,99.0,99.0,45.72030307275,39.44893549,3.511921827390944,3.822542467792434
UZB,Uzbekistan,2006,Lower middle income,ECS,Europe,26699043.0,3955.97682075928,37.97257233,90.1922179828623,94.2961900036945,96.0,98.0,42.341631723875,38.42627096,3.6628581251270256,3.745770803553522
UZB,Uzbekistan,2007,Lower middle income,ECS,Europe,27076008.0,4386.1293366958,46.89629364,90.6561809339035,94.4383835544442,96.0,98.0,39.00899803525,36.51918012,3.8690381243876217,3.663792338370709
UZB,Uzbekistan,2008,Lower middle income,ECS,Europe,27494774.0,4800.05914327553,61.29156876,91.1153784744922,94.5773829040307,98.0,98.0,35.83228671775,35.30642611,4.131826083729787,3.5788493505963053
UZB,Uzbekistan,2009,Lower middle income,ECS,Europe,27939328.0,5135.46444647583,71.95819092,91.5696691723267,94.7131786514005,98.0,95.0,32.84280723975,34.08473019,4.289886549954277,3.4917327632618202
UZB,Uzbekistan,2010,Lower middle income,ECS,Europe,28385506.0,5504.8563793137,92.87456512,92.0192259978027,94.8458120621379,99.0,98.0,30.069296427625,34.00848561,4.541959477530293,3.4035045989091124
UZB,Uzbekistan,2011,Lower middle income,ECS,Europe,28823196.0,5949.484123529,109.86156464,92.4356757645122,94.9701820730614,99.0,99.0,27.51290241775,33.42117663,4.708282257548927,3.314655073469827
UZB,Uzbekistan,2012,Lower middle income,ECS,Europe,29261903.0,6168.13764755172,127.94210052,92.8244223164543,95.0891018078637,99.0,99.0,25.21590788625,32.77690992,4.859363470427617,3.2274750606806144
UZB,Uzbekistan,2013,Lower middle income,ECS,Europe,29724065.0,6412.7238692872,140.71011353,93.2160214919193,95.2086769326238,99.0,97.0,23.159074191625,32.25424667,4.953783516979638,3.1423866774509155
UZB,Uzbekistan,2014,Lower middle income,ECS,Europe,30222994.0,6609.76717277708,118.44307709,93.6104838496586,95.3289091117186,99.0,99.0,21.35135993375,31.73925022,4.782839915541414,3.061115434777205
UZB,Uzbekistan,2015,Lower middle income,ECS,Europe,30749346.0,6799.57332842183,132.60565186,94.007820761431,95.4497993116875,99.0,99.0,19.788059016875,31.17995354,4.89489256454906,2.9850786758188175
UZB,Uzbekistan,2016,Lower middle income,ECS,Europe,31284568.0,6919.29475621804,129.82177734,94.4080443889354,95.5713512500574,99.0,99.0,18.44103450425,30.56699623,4.873835918589683,2.914578317652996
UZB,Uzbekistan,2017,Lower middle income,ECS,Europe,31819178.0,7818.01112977426,93.4151535,94.8111572515512,95.6935576486234,99.0,99.0,17.317679512,30.06656003,4.547701584633205,2.8517279167913143
UZB,Uzbekistan,2018,Lower middle income,ECS,Europe,32373490.0,8128.75520303523,82.53038788,95.2185733603862,95.8162707017891,98.0,96.0,16.39912989025,29.1800313,4.425210492358135,2.7972282779501003
UZB,Uzbekistan,2019,Lower middle income,ECS,Europe,32964701.0,8544.08026729718,98.6240387,95.6274388152752,95.9392204824787,96.0,98.0,15.631395502125,29.2050362,4.601403487879384,2.749281424013104
UZB,Uzbekistan,2020,Lower middle income,ECS,Europe,33586372.0,8451.72505108114,120.29019165,95.9578060001248,96.0621184881157,95.0,99.0,14.96900674,28.69185173,4.798185952416828,2.705981846196876
UZB,Uzbekistan,2021,Lower middle income,ECS,Europe,34243696.0,9247.64382703929,156.44789124,96.2897455645648,96.1847033375418,98.0,99.0,14.37749324025,27.92280872,5.059094554253152,2.6656640144439505
UZB,Uzbekistan,2022,Lower middle income,ECS,Europe,34938955.0,10292.5309427485,170.64073181,96.6228091774033,96.30669347504,99.0,99.0,13.8281709785,27.40176666,5.1454035237474205,2.6267078866416
VCT,St. Vincent and the Grenadines,2000,Upper middle income,LCN,Americas,113545.0,6502.90023634218,149.9225769,95.4488766672821,66.7294523137454,98.0,96.0,22.44101281533333,67.64055932,5.016766969559405,3.1108902140091135
VCT,St. Vincent and the Grenadines,2001,Upper middle income,LCN,Americas,113501.0,6768.19370783579,162.93431091,95.605670586011,68.2932876455311,99.0,98.0,22.41863918333333,64.27993027,5.099465804353624,3.1098927192512047
VCT,St. Vincent and the Grenadines,2002,Upper middle income,LCN,Americas,113347.0,7250.39274413097,175.48046875,95.7631065225404,69.8685930812809,99.0,99.0,22.403280442666667,61.85463416,5.173210211610006,3.109207396471817
VCT,St. Vincent and the Grenadines,2003,Upper middle income,LCN,Americas,113141.0,7902.6273088372,178.1368866,95.9211890736685,71.4550338353597,99.0,94.0,22.427564401,58.87328543,5.188150243192995,3.1102907559665187
VCT,St. Vincent and the Grenadines,2004,Upper middle income,LCN,Americas,112835.0,8471.96246265832,188.43644714,96.0799247403839,73.0525457928112,99.0,99.0,22.476646631666668,56.16915997,5.244053596980076,3.1124768427091567
VCT,St. Vincent and the Grenadines,2005,Upper middle income,LCN,Americas,112450.0,8985.69686082526,197.63206482,96.2393271059169,74.6608057101443,99.0,97.0,22.538871438,55.16724256,5.2914541928586925,3.115241438059097
VCT,St. Vincent and the Grenadines,2006,Upper middle income,LCN,Americas,112014.0,9949.48938765633,209.83639526,96.3994046363042,76.2797356313722,99.0,99.0,22.571042366,54.29765446,5.35108245480044,3.1166677734581807
VCT,St. Vincent and the Grenadines,2007,Upper middle income,LCN,Americas,111531.0,10604.3480236579,244.32910156,96.5601560637543,77.9089003654313,99.0,99.0,22.513823106666667,54.2956932,5.502600580835913,3.114129480864643
VCT,St. Vincent and the Grenadines,2008,Upper middle income,LCN,Americas,111028.0,10901.5648744568,256.13983154,96.7215983096393,79.5483293300492,99.0,99.0,22.297484346666668,55.75415788,5.549620028526387,3.104473862536078
VCT,St. Vincent and the Grenadines,2009,Upper middle income,LCN,Americas,110508.0,10868.5350934105,264.6159668,96.8837370497035,81.1977080162168,99.0,99.0,21.91028028066667,56.25990184,5.582051531759242,3.0869559458882496
VCT,St. Vincent and the Grenadines,2010,Upper middle income,LCN,Americas,109959.0,10561.308030596,281.91867065,97.0465791396489,82.8568333078063,99.0,99.0,21.339613222666667,58.65158023,5.645159473478679,3.06056512118577
VCT,St. Vincent and the Grenadines,2011,Upper middle income,LCN,Americas,109349.0,10773.6144742571,276.15722656,97.2101310501317,84.5254997766492,96.0,97.0,20.609710175,58.56304941,5.624584950070349,3.0257623324551175
VCT,St. Vincent and the Grenadines,2012,Upper middle income,LCN,Americas,108736.0,10988.5026140095,298.78082275,97.3744027323459,86.2035023550135,96.0,94.0,19.75968888466667,61.22143371,5.703051616811326,2.983643947492669
VCT,St. Vincent and the Grenadines,2013,Upper middle income,LCN,Americas,108135.0,11624.8625142076,300.01953125,97.5393846955351,87.8905519339678,97.0,99.0,18.825215548,72.54976714,5.707175150517503,2.935197223713367
VCT,St. Vincent and the Grenadines,2014,Upper middle income,LCN,Americas,107535.0,12135.5830510291,299.33129883,97.7051158263288,89.586601063137,98.0,99.0,17.835744535333333,63.67821359,5.70488619476634,2.881204563682914
VCT,St. Vincent and the Grenadines,2015,Upper middle income,LCN,Americas,106960.0,12378.842727428,302.58422852,97.7108598901837,89.6149399647848,99.0,99.0,16.832677748666665,59.18607183,5.715659095950776,2.8233221012310414
VCT,St. Vincent and the Grenadines,2016,Upper middle income,LCN,Americas,106349.0,13493.4773120997,313.66229248,97.716640114989,89.6434827883976,99.0,99.0,15.824800797999998,52.05484105,5.751499976363822,2.761578380146905
VCT,St. Vincent and the Grenadines,2017,Upper middle income,LCN,Americas,105663.0,13575.4319769513,337.89614868,97.7224514289518,89.6721678912107,99.0,99.0,14.846458168,58.10732286,5.825693714370209,2.6977613295959544
VCT,St. Vincent and the Grenadines,2018,Upper middle income,LCN,Americas,104926.0,14689.8500710886,358.53372192,97.7283062747314,89.7010629819102,97.0,99.0,13.918033041333333,56.21988629,5.8848079750428886,2.633185340419936
VCT,St. Vincent and the Grenadines,2019,Upper middle income,LCN,Americas,104167.0,15339.5560281064,372.05615234,95.08595516798411,86.4725409994878,97.0,99.0,13.046502784333333,57.86888601,5.921728950779923,2.5685201119792307
VCT,St. Vincent and the Grenadines,2020,Upper middle income,LCN,Americas,103526.0,15336.5987771764,406.3571167,95.08595516798411,86.4725409994878,97.0,99.0,12.293840897,57.28972273,6.00969023732946,2.509098396884889
VCT,St. Vincent and the Grenadines,2021,Upper middle income,LCN,Americas,102841.0,16200.8994597845,454.784729,95.08595516798411,86.4725409994878,92.0,96.0,11.643491559,105.0902834,6.122020612520616,2.4547473594370537
VCT,St. Vincent and the Grenadines,2022,Upper middle income,LCN,Americas,102046.0,18035.273292812,437.94085693,95.08595516798411,86.4725409994878,99.0,99.0,11.104930120666666,56.04434437,6.084364681744188,2.407389164725662
VEN,"Venezuela, RB",2000,Not classified,LCN,Americas,24526708.0,14174.4400214785,20.80430889,97.2276979084936,86.3991591939645,77.0,84.0,21.475675664000004,86.20277425,3.0814304762629785,3.0669209301926044
VEN,"Venezuela, RB",2001,Not classified,LCN,Americas,24979922.0,14713.666786878,20.80430889,97.0506030485361,86.9444513205468,70.0,98.0,20.826539503000003,100.7410148,3.0814304762629785,3.0362281110348213
VEN,"Venezuela, RB",2002,Not classified,LCN,Americas,25435671.0,13375.0548428985,20.80430889,96.8735081885788,87.4897434471292,65.0,83.0,20.303715141,87.32028385,3.0814304762629785,3.010803881175033
VEN,"Venezuela, RB",2003,Not classified,LCN,Americas,25892703.0,12359.2921584807,20.80430889,96.6964133286213,88.0350355737115,68.0,83.0,19.75206382933333,96.9769824,3.0814304762629785,2.9832579835753914
VEN,"Venezuela, RB",2004,Not classified,LCN,Americas,26340838.0,14757.1084670299,20.80430889,96.5193184686639,88.5803277002941,86.0,80.0,19.115428862,93.55644263,3.0814304762629785,2.9504958027847414
VEN,"Venezuela, RB",2005,Not classified,LCN,Americas,26785804.0,16511.2592917269,20.80430889,96.3422236087065,89.1256198268765,87.0,76.0,18.467241849,92.5181732,3.0814304762629785,2.915998451657831
VEN,"Venezuela, RB",2006,Not classified,LCN,Americas,27224686.0,18399.2533134456,20.80430889,96.1651287487491,89.6709119534588,71.0,82.0,17.87681535566667,95.80466153,3.0814304762629785,2.883504641782345
VEN,"Venezuela, RB",2007,Not classified,LCN,Americas,27649363.0,20236.2995307261,20.80430889,95.9880338887916,90.2162040800412,62.0,87.0,17.412981776666665,91.59013693,3.0814304762629785,2.857216007160585
VEN,"Venezuela, RB",2008,Not classified,LCN,Americas,28053696.0,21401.8429058296,20.80430889,95.8109390288342,90.7614962066235,50.0,93.0,17.140179631,103.2631508,3.0814304762629785,2.84142539333642
VEN,"Venezuela, RB",2009,Not classified,LCN,Americas,28438298.0,20562.3667824659,20.80430889,95.6338441688768,91.3067883332061,84.0,87.0,17.07452608266667,108.6234364,3.0814304762629785,2.837587650030192
VEN,"Venezuela, RB",2010,Not classified,LCN,Americas,28813101.0,20235.7105360063,20.80430889,95.4567493089194,91.8520804597885,78.0,79.0,17.155198059,109.5246311,3.0814304762629785,2.8423012215075385
VEN,"Venezuela, RB",2011,Not classified,LCN,Americas,29185212.0,21241.4350725543,20.80430889,95.279654448962,92.3973725863708,78.0,86.0,17.319616533666665,104.082466,3.0814304762629785,2.851839762800664
VEN,"Venezuela, RB",2012,Not classified,LCN,Americas,29553826.0,10929.3002607587,20.80430889,95.1025595890046,92.9426647129532,81.0,87.0,17.556595387666665,112.8872969,3.0814304762629785,2.865429684879702
VEN,"Venezuela, RB",2013,Not classified,LCN,Americas,29912198.0,10929.3002607587,20.80430889,94.9254647290471,93.4879568395357,82.0,85.0,17.877365647666668,122.6987678,3.0814304762629785,2.8835354237487945
VEN,"Venezuela, RB",2014,Not classified,LCN,Americas,30254079.0,10929.3002607587,20.80430889,94.7483698690897,94.0332489661181,78.0,89.0,18.249248081666668,132.5661977,3.0814304762629785,2.9041238781751497
VEN,"Venezuela, RB",2015,Not classified,LCN,Americas,30573972.0,10929.3002607587,20.80430889,94.5712750091323,94.5785410927004,87.0,92.0,19.174777685666665,136.2632249,3.0814304762629785,2.953595753218269
VEN,"Venezuela, RB",2016,Not classified,LCN,Americas,30765720.0,10929.3002607587,20.80430889,94.3941801491749,95.1238332192828,84.0,88.0,24.230621347666663,162.1952386,3.0814304762629785,3.1876171782333027
VEN,"Venezuela, RB",2017,Not classified,LCN,Americas,30565323.0,10929.3002607587,20.80430889,94.2170852892175,95.6691253458652,66.0,96.0,24.22773377133333,194.8883135,3.0814304762629785,3.187498000587687
VEN,"Venezuela, RB",2018,Not classified,LCN,Americas,29807592.0,10929.3002607587,164.68154907,94.0399904292601,96.2144174724477,60.0,74.0,24.230035619333336,204.5917568,5.110067566814262,3.187593004878255
VEN,"Venezuela, RB",2019,Not classified,LCN,Americas,28938098.0,10929.3002607587,112.72974396,93.8628955693026,96.7597095990301,64.0,93.0,24.239568646333336,202.1866132,4.733824966896887,3.187986365924517
VEN,"Venezuela, RB",2020,Not classified,LCN,Americas,28444077.0,10929.3002607587,153.21711731,93.6858007093452,96.9860648116858,54.0,76.0,24.23292225433333,206.5341937,5.038361462166829,3.1877121323574706
VEN,"Venezuela, RB",2021,Not classified,LCN,Americas,28237826.0,10929.3002607587,162.43952942,93.5087058493878,97.0023571451138,56.0,68.0,24.229900086,250.7311256,5.096443071283489,3.187587411254105
VEN,"Venezuela, RB",2022,Not classified,LCN,Americas,28213017.0,10929.3002607587,208.66654968,93.3316109894304,98.3955859787771,43.0,52.0,24.228719207,218.8898571,5.345518410067151,3.1875386736294073
VGB,British Virgin Islands,2000,High income,LCN,Americas,20241.0,10929.3002607587,1610.73034668,95.3027397260274,96.7851983961345,96.0,95.0,16.802825036666665,10.015977665,7.385063630339435,2.8215470292168634
VGB,British Virgin Islands,2001,High income,LCN,Americas,20796.0,10929.3002607587,1610.73034668,95.6828767123288,96.791263486763,96.0,95.0,16.557437938666666,10.015977665,7.385063630339435,2.80683542313906
VGB,British Virgin Islands,2002,High income,LCN,Americas,21430.0,10929.3002607587,1610.73034668,96.0630136986302,96.7973285773916,96.0,95.0,16.316184815,10.015977665,7.385063630339435,2.7921575486159695
VGB,British Virgin Islands,2003,High income,LCN,Americas,22134.0,10929.3002607587,1610.73034668,96.4431506849315,96.8033936680201,96.0,95.0,16.117494789000002,10.015977665,7.385063630339435,2.779905314889417
VGB,British Virgin Islands,2004,High income,LCN,Americas,22881.0,10929.3002607587,1610.73034668,96.8232876712329,96.8094587586486,96.0,95.0,15.949510335666666,10.015977665,7.385063630339435,2.7694281288013975
VGB,British Virgin Islands,2005,High income,LCN,Americas,23665.0,10929.3002607587,1610.73034668,97.2034246575344,96.8155238492771,96.0,95.0,15.838770247999998,10.015977665,7.385063630339435,2.7624607475138747
VGB,British Virgin Islands,2006,High income,LCN,Americas,24493.0,10929.3002607587,1610.73034668,97.5835616438357,96.8215889399056,96.0,95.0,15.757885492333337,10.015977665,7.385063630339435,2.7573409061600422
VGB,British Virgin Islands,2007,High income,LCN,Americas,25366.0,10929.3002607587,1610.73034668,97.9636986301371,96.8276540305341,96.0,95.0,15.686732835,10.015977665,7.385063630339435,2.7528153127480075
VGB,British Virgin Islands,2008,High income,LCN,Americas,26288.0,10929.3002607587,1610.73034668,98.3438356164385,96.8337191211627,96.0,95.0,15.641326218333331,10.015977665,7.385063630339435,2.7499165280907665
VGB,British Virgin Islands,2009,High income,LCN,Americas,27218.0,10929.3002607587,1610.73034668,98.7239726027398,96.8397842117912,96.0,95.0,15.624303797333331,10.015977665,7.385063630339435,2.748827637659107
VGB,British Virgin Islands,2010,High income,LCN,Americas,27675.0,10929.3002607587,1610.73034668,99.1041095890412,96.8458493024197,96.0,95.0,15.608066768,10.015977665,7.385063630339435,2.7477878811179135
VGB,British Virgin Islands,2011,High income,LCN,Americas,28710.0,10929.3002607587,1610.73034668,99.4842465753426,96.8519143930482,96.0,95.0,15.610456488666664,10.015977665,7.385063630339435,2.747940977448043
VGB,British Virgin Islands,2012,High income,LCN,Americas,30345.0,10929.3002607587,1610.73034668,99.8643835616439,96.8579794836767,96.0,95.0,15.614943420333333,10.015977665,7.385063630339435,2.748228367310823
VGB,British Virgin Islands,2013,High income,LCN,Americas,31703.0,10929.3002607587,1610.73034668,99.8643835616439,96.8579794836767,96.0,95.0,15.637244919666664,10.015977665,7.385063630339435,2.7496555635683255
VGB,British Virgin Islands,2014,High income,LCN,Americas,32962.0,10929.3002607587,1610.73034668,99.8643835616439,96.8579794836767,96.0,95.0,15.584209695333334,10.015977665,7.385063630339435,2.746258202619028
VGB,British Virgin Islands,2015,High income,LCN,Americas,34498.0,10929.3002607587,1610.73034668,99.8643835616439,96.8579794836767,96.0,95.0,15.464178540333334,10.015977665,7.385063630339435,2.7385262873860263
VGB,British Virgin Islands,2016,High income,LCN,Americas,33878.0,10929.3002607587,1610.73034668,99.8643835616439,96.8579794836767,96.0,95.0,15.235661217,10.015977665,7.385063630339435,2.7236388126773585
VGB,British Virgin Islands,2017,High income,LCN,Americas,32699.0,10929.3002607587,1610.73034668,99.8643835616439,98.89632012252255,96.0,95.0,14.950685134333334,10.015977665,7.385063630339435,2.7047571271701076
VGB,British Virgin Islands,2018,High income,LCN,Americas,34657.0,10929.3002607587,1610.73034668,99.8643835616439,98.89632012252255,96.0,95.0,14.620367220666663,10.015977665,7.385063630339435,2.6824155716988467
VGB,British Virgin Islands,2019,High income,LCN,Americas,36395.0,10929.3002607587,1610.73034668,99.8643835616439,98.89632012252255,96.0,95.0,14.252495270333334,10.015977665,7.385063630339435,2.656931998075331
VGB,British Virgin Islands,2020,High income,LCN,Americas,37135.0,10929.3002607587,1610.73034668,99.8643835616439,98.89632012252255,96.0,95.0,13.897216316666666,10.015977665,7.385063630339435,2.631688555092926
VGB,British Virgin Islands,2021,High income,LCN,Americas,37809.0,10929.3002607587,1610.73034668,99.8643835616439,98.89632012252255,96.0,95.0,13.524496608,10.015977665,7.385063630339435,2.604502604668353
VGB,British Virgin Islands,2022,High income,LCN,Americas,38319.0,10929.3002607587,1610.73034668,99.8643835616439,98.89632012252255,96.0,95.0,13.126028884666669,10.015977665,7.385063630339435,2.5745971966179555
VIR,Virgin Islands (U.S.),2000,High income,LCN,Americas,108642.0,10929.3002607587,1610.73034668,98.4974021270708,99.0395649488659,96.0,95.0,20.469548690625,10.015977665,7.385063630339435,3.018938352074265
VIR,Virgin Islands (U.S.),2001,High income,LCN,Americas,108549.0,10929.3002607587,1610.73034668,98.5414147711479,99.0495339073909,96.0,95.0,20.469548690625,10.015977665,7.385063630339435,3.018938352074265
VIR,Virgin Islands (U.S.),2002,High income,LCN,Americas,108509.0,32113.4399904542,1610.73034668,98.5854274152251,99.0595028659159,96.0,95.0,20.469548690625,10.015977665,7.385063630339435,3.018938352074265
VIR,Virgin Islands (U.S.),2003,High income,LCN,Americas,108505.0,32618.9563705938,1610.73034668,98.6294400593023,99.0694718244409,96.0,95.0,20.469548690625,10.015977665,7.385063630339435,3.018938352074265
VIR,Virgin Islands (U.S.),2004,High income,LCN,Americas,108466.0,34609.1947981106,1610.73034668,98.6734527033794,99.079440782966,96.0,95.0,20.469548690625,10.015977665,7.385063630339435,3.018938352074265
VIR,Virgin Islands (U.S.),2005,High income,LCN,Americas,108453.0,36942.8365046874,1610.73034668,98.7174653474566,99.089409741491,96.0,95.0,20.469548690625,10.015977665,7.385063630339435,3.018938352074265
VIR,Virgin Islands (U.S.),2006,High income,LCN,Americas,108369.0,39447.4212008188,1610.73034668,98.7614779915338,99.099378700016,96.0,95.0,20.469548690625,10.015977665,7.385063630339435,3.018938352074265
VIR,Virgin Islands (U.S.),2007,High income,LCN,Americas,108337.0,42153.5396586495,1610.73034668,98.805490635611,99.109347658541,96.0,95.0,20.469548690625,10.015977665,7.385063630339435,3.018938352074265
VIR,Virgin Islands (U.S.),2008,High income,LCN,Americas,108397.0,43465.2346944723,1610.73034668,98.8495032796881,99.119316617066,96.0,95.0,20.469548690625,10.015977665,7.385063630339435,3.018938352074265
VIR,Virgin Islands (U.S.),2009,High income,LCN,Americas,108404.0,40846.5620058047,1610.73034668,98.8935159237653,99.129285575591,96.0,95.0,20.469548690625,10.015977665,7.385063630339435,3.018938352074265
VIR,Virgin Islands (U.S.),2010,High income,LCN,Americas,108357.0,41607.5668567026,1610.73034668,98.9375285678425,99.1392545341161,96.0,95.0,20.469548690625,10.015977665,7.385063630339435,3.018938352074265
VIR,Virgin Islands (U.S.),2011,High income,LCN,Americas,108290.0,39006.0820134517,1610.73034668,98.9815412119196,99.1492234926411,96.0,95.0,20.469548690625,10.015977665,7.385063630339435,3.018938352074265
VIR,Virgin Islands (U.S.),2012,High income,LCN,Americas,108188.0,33878.983108434,1610.73034668,99.0255538559968,99.1591924511661,96.0,95.0,20.469548690625,10.015977665,7.385063630339435,3.018938352074265
VIR,Virgin Islands (U.S.),2013,High income,LCN,Americas,108041.0,32333.9108031447,1610.73034668,99.069566500074,99.1691614096911,96.0,95.0,20.469548690625,10.015977665,7.385063630339435,3.018938352074265
VIR,Virgin Islands (U.S.),2014,High income,LCN,Americas,107882.0,32360.9003833552,1610.73034668,99.1135791441512,99.1791303682161,96.0,95.0,20.469548690625,10.015977665,7.385063630339435,3.018938352074265
VIR,Virgin Islands (U.S.),2015,High income,LCN,Americas,107712.0,32573.7166812174,1610.73034668,99.1575917882283,99.1890993267411,96.0,95.0,20.469548690625,10.015977665,7.385063630339435,3.018938352074265
VIR,Virgin Islands (U.S.),2016,High income,LCN,Americas,107516.0,33470.5904765526,1610.73034668,99.2016044323055,99.1990682852662,96.0,95.0,20.469548690625,10.015977665,7.385063630339435,3.018938352074265
VIR,Virgin Islands (U.S.),2017,High income,LCN,Americas,107281.0,33893.5501815475,1610.73034668,99.2456170763827,99.2090372437912,96.0,95.0,20.469548690625,10.015977665,7.385063630339435,3.018938352074265
VIR,Virgin Islands (U.S.),2018,High income,LCN,Americas,107001.0,36746.4868901838,1610.73034668,99.2896297204598,99.2190062023162,96.0,95.0,20.469548690625,10.015977665,7.385063630339435,3.018938352074265
VIR,Virgin Islands (U.S.),2019,High income,LCN,Americas,106669.0,40021.7775798024,1610.73034668,99.333642364537,99.2289751608412,96.0,95.0,20.469548690625,10.015977665,7.385063630339435,3.018938352074265
VIR,Virgin Islands (U.S.),2020,High income,LCN,Americas,106290.0,41749.0800364553,1610.73034668,99.3776550086142,99.2389441193662,96.0,95.0,20.469548690625,10.015977665,7.385063630339435,3.018938352074265
VIR,Virgin Islands (U.S.),2021,High income,LCN,Americas,105870.0,46893.5496988741,1610.73034668,99.4216676526914,99.2489130778912,96.0,95.0,20.469548690625,10.015977665,7.385063630339435,3.018938352074265
VIR,Virgin Islands (U.S.),2022,High income,LCN,Americas,105413.0,49793.0324395716,1610.73034668,99.4656802967685,99.2588820364163,96.0,95.0,20.469548690625,10.015977665,7.385063630339435,3.018938352074265
VNM,Viet Nam,2000,Lower middle income,EAS,Western Pacific,77154011.0,2614.11840366563,21.0719223,80.6482449440381,49.1489172818795,96.0,97.0,29.792518469875,82.51550701,3.09430631661158,3.3942573039331227
VNM,Viet Nam,2001,Lower middle income,EAS,Western Pacific,77969361.0,2808.83181908363,25.55491257,81.4816912239643,51.1126663714229,96.0,98.0,28.53276501175,78.10255537,3.2792147614569678,3.3510530764687245
VNM,Viet Nam,2002,Lower middle income,EAS,Western Pacific,78772224.0,3001.87038766922,21.87733841,82.3091593236672,53.0643186028264,75.0,96.0,27.40804976525,74.14725263,3.130146831510677,3.3108367572999784
VNM,Viet Nam,2003,Lower middle income,EAS,Western Pacific,79563777.0,3239.77125909915,24.88381386,83.1297312995414,55.0019694498601,99.0,93.0,26.475449596625,71.29536366,3.253617825854064,3.276217873274346
VNM,Viet Nam,2004,Lower middle income,EAS,Western Pacific,80338971.0,3543.09915520461,31.97719193,83.9437132071868,56.9263485038899,96.0,97.0,25.67214147375,72.23883987,3.495816168873332,3.2454064146115518
VNM,Viet Nam,2005,Lower middle income,EAS,Western Pacific,81088313.0,3893.66509422594,38.96974945,84.7504123379551,58.966321324654,95.0,95.0,24.9889558065,69.27111262,3.688122904252247,3.218433959520085
VNM,Viet Nam,2006,Lower middle income,EAS,Western Pacific,82167897.0,4237.40088094732,46.86905289,85.5499500318679,61.0003176611455,94.0,93.0,24.424871052375,66.92735743,3.868469218165867,3.1956019185853304
VNM,Viet Nam,2007,Lower middle income,EAS,Western Pacific,83633375.0,4580.79431138427,54.40701294,86.3421129091112,63.0278584517406,92.0,83.0,23.955916133875,65.79554947,4.0147061731063545,3.176215313556006
VNM,Viet Nam,2008,Lower middle income,EAS,Western Pacific,85175788.0,4844.06704751546,64.433815,87.1265536349234,65.0481671536166,93.0,92.0,23.589845243375,64.89295758,4.181039173769077,3.160816333134182
VNM,Viet Nam,2009,Lower middle income,EAS,Western Pacific,86460018.0,5060.73212267196,69.82720184,87.9033221889861,67.0613483120441,96.0,97.0,23.29163789475,64.10147843,4.2602431336908095,3.1480944075183763
VNM,Viet Nam,2010,Lower middle income,EAS,Western Pacific,87455152.0,5389.21956993674,85.36088562,88.6734023519778,69.0697259411946,93.0,98.0,23.02889630275,62.31887986,4.458534860573182,3.1367497883572217
VNM,Viet Nam,2011,Lower middle income,EAS,Western Pacific,88468314.0,5786.12348870721,97.05238342,89.4349602173231,71.0691084361626,95.0,96.0,22.808967645875,61.05523614,4.585501860557012,3.1271537764327597
VNM,Viet Nam,2012,Lower middle income,EAS,Western Pacific,89510356.0,6376.79765706172,109.29483795,90.1878966419353,73.0592696760739,97.0,96.0,22.585939724625,60.42155485,4.703157125073637,3.117327576592746
VNM,Viet Nam,2013,Lower middle income,EAS,Western Pacific,90573104.0,6758.40433634749,104.10972595,90.9316441418206,75.0388383321338,59.0,98.0,22.37092143975,59.65674019,4.655004813563289,3.107761965523186
VNM,Viet Nam,2014,Lower middle income,EAS,Western Pacific,91679578.0,7296.8794808738,119.44549561,91.6663943913083,77.008286684504,95.0,97.0,22.15459726825,59.01455503,4.791197332014588,3.0980450265692836
VNM,Viet Nam,2015,Lower middle income,EAS,Western Pacific,92823254.0,7671.5819778084,121.43981171,92.3918615614749,78.9669212576084,97.0,97.0,21.941463329875,57.62866498,4.807619576261589,3.0883781495178857
VNM,Viet Nam,2016,Lower middle income,EAS,Western Pacific,94000117.0,8374.50684516118,133.1960144,93.1077859229268,80.9140981082283,96.0,99.0,21.725578971125,56.04667966,4.899301525139777,3.078490320790597
VNM,Viet Nam,2017,Lower middle income,EAS,Western Pacific,95176977.0,9169.73192052855,147.51425171,93.8136963360805,82.8485783033642,94.0,97.0,21.525393709875,54.73426042,5.0006809247489326,3.0692333409653347
VNM,Viet Nam,2018,Lower middle income,EAS,Western Pacific,96237319.0,10009.9714756006,161.97871399,94.8327946840432,84.7702960974693,75.0,97.0,21.34311322525,53.18888041,5.093619603260869,3.060729122077112
VNM,Viet Nam,2019,Lower middle income,EAS,Western Pacific,97173776.0,11029.2732083963,171.15296936,95.6342556825242,86.6789932516384,89.0,95.0,21.160141721625,52.20333406,5.148383438314254,3.0521193045869985
VNM,Viet Nam,2020,Lower middle income,EAS,Western Pacific,98079191.0,11609.3177276423,153.10160828,96.2941639364055,88.5744092568809,94.0,97.0,20.9494253645,51.33381229,5.037612178871219,3.0421112170898197
VNM,Viet Nam,2021,Lower middle income,EAS,Western Pacific,98935098.0,12048.9019935536,168.09350586,96.9270863481492,90.4559668368841,83.0,89.0,20.717230563,52.23592509,5.130451851027514,3.0309657483711043
VNM,Viet Nam,2022,Lower middle income,EAS,Western Pacific,99680655.0,13905.1536875216,188.22650146,97.5492793224641,92.3237168322338,91.0,88.0,20.411546531875,49.10460124,5.2429447179503805,3.0161007471933896
VUT,Vanuatu,2000,Lower middle income,EAS,Western Pacific,186281.0,2206.10240356774,48.28763199,85.3317599013791,54.7109808046722,71.0,61.0,26.789553404625,133.4883741,3.8976731771611033,3.2880120131908037
VUT,Vanuatu,2001,Lower middle income,EAS,Western Pacific,191031.0,2124.95074884916,45.73453903,85.3746035828269,54.7648829566551,70.0,60.0,26.291485894875,131.8212023,3.844483485100292,3.2692451565388856
VUT,Vanuatu,2002,Lower middle income,EAS,Western Pacific,195863.0,1995.32372274512,52.34658813,85.4177585547483,54.8191733536334,70.0,58.0,25.8290998315,128.007073,3.9768100231253896,3.2515017567714857
VUT,Vanuatu,2003,Lower middle income,EAS,Western Pacific,200746.0,2070.35775556982,54.93638229,85.4615236094249,54.8742326769124,69.0,57.0,25.385920196375,131.1503258,4.024215014427622,3.234194697353347
VUT,Vanuatu,2004,Lower middle income,EAS,Western Pacific,205711.0,2157.44517059131,62.80937958,85.5055935068699,54.9296762921394,69.0,56.0,24.9564977745,130.7796143,4.155900194905547,3.2171342201347293
VUT,Vanuatu,2005,Lower middle income,EAS,Western Pacific,210760.0,2287.00660433246,61.93361664,85.7460412564871,54.6248564154339,68.0,54.0,24.504096683375,127.0180702,4.142080466728073,3.198840315138712
VUT,Vanuatu,2006,Lower middle income,EAS,Western Pacific,215923.0,2495.85683636109,67.60163116,85.8467063690572,54.315607363214,68.0,53.0,24.003384659875,122.9537652,4.2283163122917165,3.178194847899295
VUT,Vanuatu,2007,Lower middle income,EAS,Western Pacific,221276.0,2573.40104367128,72.5284729,85.9465127885309,54.001715264459,70.0,56.0,23.38973891375,119.7598572,4.297672717598612,3.1522974182315227
VUT,Vanuatu,2008,Lower middle income,EAS,Western Pacific,226896.0,2701.28836081834,81.72294617,86.0456045932054,53.6833095586201,73.0,62.0,22.69355261175,116.7573474,4.415497026300926,3.122080858230261
VUT,Vanuatu,2009,Lower middle income,EAS,Western Pacific,232731.0,2730.28795991124,82.80382538,86.1439821313049,53.3603409473561,75.0,65.0,21.948899852625,113.9710371,4.428478655372171,3.0887170176557612
VUT,Vanuatu,2010,Lower middle income,EAS,Western Pacific,238248.0,2733.45922588718,99.27418518,86.2227390856151,53.0140862870426,77.0,71.0,21.18465073325,114.4324424,4.6079082857692,3.0532768974309357
VUT,Vanuatu,2011,Lower middle income,EAS,Western Pacific,243474.0,2815.68693384029,113.80240631,86.2892357957447,52.6540863123359,79.0,75.0,20.469548690625,111.843119,4.743212444554292,3.018938352074265
VUT,Vanuatu,2012,Lower middle income,EAS,Western Pacific,248883.0,2834.1263087371,118.27751923,86.3550557716608,52.2923051836702,82.0,80.0,19.858971805,109.2737877,4.781452872369648,2.9886558851217164
VUT,Vanuatu,2013,Lower middle income,EAS,Western Pacific,254482.0,2832.00606140469,130.88458252,86.4200452584369,51.9285986324004,84.0,84.0,19.370933649375,110.2855685,4.881927165249223,2.963773677051037
VUT,Vanuatu,2014,Lower middle income,EAS,Western Pacific,260240.0,2890.13103819703,108.2263031,86.4842118882778,51.5629765041894,86.0,90.0,18.962655519875,110.4575117,4.693421905185192,2.9424715460846578
VUT,Vanuatu,2015,Lower middle income,EAS,Western Pacific,266101.0,2965.84143257378,118.71543121,86.547558622675,51.1954457861803,80.0,76.0,18.653250264,109.3103777,4.785117519960943,2.926020407795452
VUT,Vanuatu,2016,Lower middle income,EAS,Western Pacific,272087.0,3029.80923948413,88.35998535,86.6102249410462,50.826109673151,81.0,84.0,18.41511529025,107.3161603,4.492672990817333,2.9131718105480795
VUT,Vanuatu,2017,Lower middle income,EAS,Western Pacific,278507.0,3145.92734989467,91.04128265,86.6720700625573,50.4548604763526,85.0,80.0,18.205278296,107.3927625,4.52223720085885,2.9017115682998984
VUT,Vanuatu,2018,Lower middle income,EAS,Western Pacific,285259.0,3232.94825800672,110.32492065,86.734509639606,50.0825530456951,85.0,75.0,18.02052000225,107.5301936,4.712453138429609,2.8915111087144485
VUT,Vanuatu,2019,Lower middle income,EAS,Western Pacific,291985.0,3314.66721352425,112.13746643,86.7973816608414,49.7088902543103,90.0,80.0,17.836172480625,105.153836,4.728603596434651,2.881228557083184
VUT,Vanuatu,2020,Lower middle income,EAS,Western Pacific,298858.0,3117.64425292038,125.41011047,86.8609488493879,49.3338166328635,78.0,78.0,17.651663257375,107.0637195,4.839531466409466,2.8708300144847416
VUT,Vanuatu,2021,Lower middle income,EAS,Western Pacific,305868.0,3135.83664945678,142.56698608,86.9249066053473,48.9569658031251,62.0,50.0,17.411629373375,123.9784483,4.966801728232759,2.857138337762554
VUT,Vanuatu,2022,Lower middle income,EAS,Western Pacific,313046.0,3452.60742693882,136.79508972,86.9895180856083,48.5782563163716,68.0,70.0,17.13864546575,104.925384,4.925767724562961,2.841335882377588
WSM,Samoa,2000,Upper middle income,EAS,Western Pacific,181685.0,3061.84986676721,60.4606514,87.2425744445138,91.9576951837593,98.0,93.0,21.170807833125,92.95197077,4.118397155409595,3.0526232437538687
WSM,Samoa,2001,Upper middle income,EAS,Western Pacific,183166.0,3334.97791645842,56.09679031,87.239587051713,91.9588441153795,90.0,92.0,20.54471800925,92.7064434,4.044747903348226,3.0226038767240198
WSM,Samoa,2002,Upper middle income,EAS,Western Pacific,184471.0,3552.91066710799,72.41275024,87.2437553911035,91.9572397043017,92.0,99.0,20.022384796375,88.77600708,4.296097629526636,2.9968508874908197
WSM,Samoa,2003,Upper middle income,EAS,Western Pacific,185430.0,3792.19847660915,81.95996094,87.2517446333924,91.9541841185767,90.0,62.0,19.639512468375,86.65356962,4.418358093091846,2.977543479215719
WSM,Samoa,2004,Upper middle income,EAS,Western Pacific,186249.0,3996.7446356324,104.42662811,87.259662979042,91.9511483539237,63.0,25.0,19.38027188525,86.12183271,4.658015242814302,2.964255635530879
WSM,Samoa,2005,Upper middle income,EAS,Western Pacific,186978.0,4378.5944315772,121.24176788,87.4968982222586,92.2057450024926,59.0,57.0,19.26414027425,87.43443574,4.806000787682741,2.958245350778159
WSM,Samoa,2006,Upper middle income,EAS,Western Pacific,187709.0,4591.90702524785,133.41867065,87.7333448331469,92.4608198651495,50.0,54.0,19.24453576225,86.00461779,4.90095933696755,2.957227163932416
WSM,Samoa,2007,Upper middle income,EAS,Western Pacific,188753.0,4713.02123375726,147.84771729,87.9688973034704,92.7164186931518,65.0,63.0,19.275356743,84.97414265,5.002923751704287,2.958827427345566
WSM,Samoa,2008,Upper middle income,EAS,Western Pacific,190107.0,4939.22558356596,156.89399719,88.203619647933,92.9725367356222,39.0,44.0,19.326399512,86.5300104,5.061923904009501,2.961472011618442
WSM,Samoa,2009,Upper middle income,EAS,Western Pacific,191513.0,4906.48254274628,172.45288086,88.4375945793653,93.2291209433411,64.0,45.0,25.389566897625,93.6007191,5.155905982444735,3.2343383375807475
WSM,Samoa,2010,Upper middle income,EAS,Western Pacific,193023.0,5229.04191199124,185.43850708,88.6708392965086,93.4861794457482,78.0,56.0,19.329471103375,92.27506344,5.228101463963362,2.961630931406436
WSM,Samoa,2011,Upper middle income,EAS,Western Pacific,194713.0,5494.24063118213,211.88684082,88.903392297442,93.7437084843245,82.0,59.0,19.234843585375,92.87968181,5.360760760782966,2.956723404399685
WSM,Samoa,2012,Upper middle income,EAS,Western Pacific,196498.0,5338.73979322922,197.01564026,89.1355150319512,94.0015585083901,82.0,76.0,19.09033197925,100.7498064,5.288346018787015,2.9491820278038396
WSM,Samoa,2013,Upper middle income,EAS,Western Pacific,198268.0,5386.90063081914,247.41108704,90.0360750251158,94.2598072441115,84.0,92.0,18.911532702125,100.4695586,5.5150849828796895,2.939771931851419
WSM,Samoa,2014,Upper middle income,EAS,Western Pacific,200037.0,5468.10058532556,252.30943298,90.9382375010808,94.5185492730746,78.0,85.0,18.699047260625,106.262807,5.534611796661639,2.9284725739329365
WSM,Samoa,2015,Upper middle income,EAS,Western Pacific,201782.0,5681.77812768843,232.50479126,91.8420321668066,94.7777698879904,80.0,75.0,18.51348526875,107.73652,5.453202596213209,2.918499399987275
WSM,Samoa,2016,Upper middle income,EAS,Western Pacific,203499.0,6141.45089044263,238.35044861,92.7474260962852,95.0374675364972,74.0,75.0,18.3125772305,107.7389286,5.4779287901212825,2.907588104133581
WSM,Samoa,2017,Upper middle income,EAS,Western Pacific,205415.0,6280.21500477143,220.82336426,93.6544245395326,95.2976717259871,67.0,67.0,18.0951462995,110.6335371,5.401881408683169,2.8956437420617727
WSM,Samoa,2018,Upper middle income,EAS,Western Pacific,207582.0,6318.26977293454,200.40919495,94.5630996694418,95.5585181223598,44.0,40.0,17.806483679875,110.1730196,5.30533863440615,2.8795626426528727
WSM,Samoa,2019,Upper middle income,EAS,Western Pacific,209780.0,6638.18454759102,242.91064453,95.4736980021055,95.8200173728915,68.0,96.0,20.223225847125,110.5104644,5.496801947278977,3.0068317383119427
WSM,Samoa,2020,Upper middle income,EAS,Western Pacific,211944.0,6450.75201183405,252.77748108,96.3864371758172,96.0821241161349,89.0,66.0,17.02151878775,113.5730553,5.536457824314655,2.834478354636953
WSM,Samoa,2021,Upper middle income,EAS,Western Pacific,213779.0,6350.11428353253,285.65393066,97.3015545518519,96.3448273060741,85.0,62.0,16.58502862575,115.3667242,5.6582756716622615,2.808500398399938
WSM,Samoa,2022,Upper middle income,EAS,Western Pacific,215261.0,6909.17129928336,259.95404053,98.1847056726277,96.5989544610645,76.0,82.0,16.151905602875,110.1486077,5.564344301893671,2.782038036693991
XKX,Kosovo,2000,Upper middle income,ECS,Europe,1802493.0,10929.3002607587,284.005233765,95.08595516798411,86.4725409994878,94.0,94.0,48.19745432533333,54.30589597,5.652507541478123,3.8753062048346933
XKX,Kosovo,2001,Upper middle income,ECS,Europe,1820009.0,10929.3002607587,284.005233765,95.08595516798411,86.4725409994878,94.0,94.0,44.006827246,54.30589597,5.652507541478123,3.784344786563285
XKX,Kosovo,2002,Upper middle income,ECS,Europe,1829462.0,10929.3002607587,284.005233765,95.08595516798411,86.4725409994878,94.0,94.0,40.12114396233333,54.30589597,5.652507541478123,3.691903476205012
XKX,Kosovo,2003,Upper middle income,ECS,Europe,1826434.0,10929.3002607587,284.005233765,95.08595516798411,86.4725409994878,94.0,94.0,36.573831981333335,54.30589597,5.652507541478123,3.5993330115044837
XKX,Kosovo,2004,Upper middle income,ECS,Europe,1822773.0,10929.3002607587,284.005233765,95.08595516798411,86.4725409994878,94.0,94.0,33.366807168,54.30589597,5.652507541478123,3.5075616084733707
XKX,Kosovo,2005,Upper middle income,ECS,Europe,1818354.0,10929.3002607587,284.005233765,95.08595516798411,86.4725409994878,94.0,94.0,30.480828094666663,54.30589597,5.652507541478123,3.417097898909582
XKX,Kosovo,2006,Upper middle income,ECS,Europe,1813079.0,10929.3002607587,284.005233765,95.08595516798411,86.4725409994878,94.0,94.0,27.88674882533333,54.30589597,5.652507541478123,3.3281516235046436
XKX,Kosovo,2007,Upper middle income,ECS,Europe,1807094.0,10929.3002607587,284.005233765,95.08595516798411,86.4725409994878,94.0,94.0,25.57739798033333,54.30589597,5.652507541478123,3.241709070114126
XKX,Kosovo,2008,Upper middle income,ECS,Europe,1800858.0,6352.6523195552,284.005233765,95.08595516798411,86.4725409994878,94.0,94.0,23.518129581666667,54.30589597,5.652507541478123,3.157771595279176
XKX,Kosovo,2009,Upper middle income,ECS,Europe,1794681.0,6736.76108926692,284.005233765,95.08595516798411,86.4725409994878,94.0,94.0,21.68307485566667,54.30589597,5.652507541478123,3.0765319956505612
XKX,Kosovo,2010,Upper middle income,ECS,Europe,1788743.0,7179.22277933687,284.005233765,95.08595516798411,86.4725409994878,94.0,94.0,20.062262802333333,54.30589597,5.652507541478123,2.9988405778836866
XKX,Kosovo,2011,Upper middle income,ECS,Europe,1791949.0,7776.47393102774,284.005233765,95.08595516798411,86.4725409994878,94.0,94.0,18.62938842133333,54.30589597,5.652507541478123,2.9247403564489654
XKX,Kosovo,2012,Upper middle income,ECS,Europe,1807126.0,7897.56692777876,284.005233765,95.08595516798411,86.4725409994878,94.0,94.0,17.359275977333336,54.30589597,5.652507541478123,2.8541270019876612
XKX,Kosovo,2013,Upper middle income,ECS,Europe,1818119.0,8090.75939263902,284.005233765,95.08595516798411,86.4725409994878,94.0,94.0,16.225261437333334,54.30589597,5.652507541478123,2.7865693757012204
XKX,Kosovo,2014,Upper middle income,ECS,Europe,1812788.0,8200.47420451574,284.005233765,95.08595516798411,86.4725409994878,94.0,94.0,15.197023141333332,54.30589597,5.652507541478123,2.721099562706993
XKX,Kosovo,2015,Upper middle income,ECS,Europe,1788274.0,8714.91966356132,284.005233765,95.08595516798411,86.4725409994878,94.0,94.0,14.260980958,54.30589597,5.652507541478123,2.657527203503756
XKX,Kosovo,2016,Upper middle income,ECS,Europe,1777568.0,9157.04630742908,284.005233765,95.08595516798411,86.4725409994878,94.0,94.0,13.404922557666666,54.30589597,5.652507541478123,2.595621994548271
XKX,Kosovo,2017,Upper middle income,ECS,Europe,1791019.0,9380.94007290057,284.005233765,95.08595516798411,86.4725409994878,94.0,94.0,12.592084718666667,54.30589597,5.652507541478123,2.533068419627849
XKX,Kosovo,2018,Upper middle income,ECS,Europe,1797086.0,10018.7387080811,284.005233765,95.08595516798411,86.4725409994878,94.0,94.0,11.838667503666665,54.30589597,5.652507541478123,2.471371081202497
XKX,Kosovo,2019,Upper middle income,ECS,Europe,1788891.0,10861.0531745974,284.005233765,95.08595516798411,86.4725409994878,94.0,94.0,11.131324472666668,54.30589597,5.652507541478123,2.4097631584470793
XKX,Kosovo,2020,Upper middle income,ECS,Europe,1790151.0,10532.5054692849,284.005233765,95.08595516798411,86.4725409994878,94.0,94.0,10.497639757666668,54.30589597,5.652507541478123,2.3511504469114195
XKX,Kosovo,2021,Upper middle income,ECS,Europe,1786079.0,12362.4210181213,284.005233765,95.08595516798411,86.4725409994878,94.0,94.0,9.950746167666669,54.30589597,5.652507541478123,2.2976475400840557
XKX,Kosovo,2022,Upper middle income,ECS,Europe,1768096.0,13950.896732241,284.005233765,95.08595516798411,86.4725409994878,94.0,94.0,9.486308064666668,54.30589597,5.652507541478123,2.249849502646668
YEM,"Yemen, Rep.",2000,Low income,MEA,Eastern Mediterranean,19624141.0,2623.64018991703,22.91244888,40.098879307896,43.4185272650508,74.0,70.0,93.1208019545,240.879305,3.1743991969700454,4.533897596000383
YEM,"Yemen, Rep.",2001,Low income,MEA,Eastern Mediterranean,20226147.0,2701.87263707734,24.09247589,40.3227907996973,43.7166842861444,73.0,72.0,88.342971948375,231.3717714,3.222568035860483,4.48122664776205
YEM,"Yemen, Rep.",2002,Low income,MEA,Eastern Mediterranean,20835086.0,2768.48728890232,24.80142403,40.5501471459305,44.0194283654926,65.0,62.0,83.56414851837499,218.4605153,3.250429685365626,4.425614582636155
YEM,"Yemen, Rep.",2003,Low income,MEA,Eastern Mediterranean,21456379.0,2844.12977507524,31.60428619,41.5481868875489,44.9249753275396,61.0,64.0,79.00047718725,205.140069,3.484443757951017,4.369453892793715
YEM,"Yemen, Rep.",2004,Low income,MEA,Eastern Mediterranean,22095167.0,2948.84642049672,34.62483978,42.54029809914,45.8273231512099,72.0,74.0,74.672301797125,194.2222281,3.5730431411751926,4.313109230836385
YEM,"Yemen, Rep.",2005,Low income,MEA,Eastern Mediterranean,22790085.0,3113.44691089689,38.27000809,44.0403246300673,46.737084522042,79.0,73.0,70.58855935425001,181.1024124,3.6704610745995736,4.256868082561213
YEM,"Yemen, Rep.",2006,Low income,MEA,Eastern Mediterranean,23543083.0,3205.30827063904,44.81512451,45.5579291881896,47.6441864752994,78.0,65.0,66.7780040605,171.0446463,3.8246142660823694,4.201373745786425
YEM,"Yemen, Rep.",2007,Low income,MEA,Eastern Mediterranean,24318082.0,3293.63344207387,51.83703613,47.0920975832171,48.5478342567652,79.0,71.0,63.280892322625,161.1623146,3.9672123866729194,4.147583424539261
YEM,"Yemen, Rep.",2008,Low income,MEA,Eastern Mediterranean,25111941.0,3369.54629170399,61.74676514,48.6422261965066,49.4478001068261,78.0,69.0,60.144125156375,153.3100918,4.139107025129281,4.096743767764972
YEM,"Yemen, Rep.",2009,Low income,MEA,Eastern Mediterranean,25927724.0,3410.61029534486,58.02085114,50.2076979867372,50.3438521211975,76.0,65.0,57.367263384,148.8612761,4.0778907906239565,4.049473816308185
YEM,"Yemen, Rep.",2010,Low income,MEA,Eastern Mediterranean,26754387.0,3603.03505664196,59.60072327,51.787883376695,51.235755853278,76.0,68.0,54.907983148,144.0540066,4.10430682815256,4.005658750475984
YEM,"Yemen, Rep.",2011,Low income,MEA,Eastern Mediterranean,27582897.0,3113.38292725279,56.58930588,53.3817845403545,52.1227789441392,69.0,66.0,52.943587485,139.9857715,4.053336888659003,3.969226959614451
YEM,"Yemen, Rep.",2012,Low income,MEA,Eastern Mediterranean,28433647.0,3004.92091434025,64.67756653,54.9887784253918,53.0047122525844,67.0,63.0,51.382963518125,137.3334039,4.184757414061931,3.9393066684560223
YEM,"Yemen, Rep.",2013,Low income,MEA,Eastern Mediterranean,29312952.0,3164.32154223615,68.39746857,56.6085662979194,53.8818214244113,71.0,68.0,49.43446942025,134.8937847,4.239850390910896,3.900647942414994
YEM,"Yemen, Rep.",2014,Low income,MEA,Eastern Mediterranean,30226309.0,10929.3002607587,83.48936462,58.2398155721422,54.7529231819499,70.0,64.0,48.366178041875,134.1210469,4.4366256639565735,3.8788007686598025
YEM,"Yemen, Rep.",2015,Low income,MEA,Eastern Mediterranean,31159379.0,10929.3002607587,88.40743256,59.8822273662307,55.6182996414083,63.0,61.0,49.007947194375,134.6758051,4.493203816978709,3.8919824725999392
YEM,"Yemen, Rep.",2016,Low income,MEA,Eastern Mediterranean,32109010.0,10929.3002607587,75.22454071,61.5348134587161,56.4772672906306,63.0,62.0,47.692628406125,133.7982732,4.333683467405198,3.864776845199547
YEM,"Yemen, Rep.",2017,Low income,MEA,Eastern Mediterranean,33090921.0,10929.3002607587,87.29970551,63.1969435270972,57.3296474501288,59.0,56.0,46.54403808837501,141.8128382,4.480736772496765,3.8403989200830155
YEM,"Yemen, Rep.",2018,Low income,MEA,Eastern Mediterranean,34085182.0,10929.3002607587,143.68727112,64.8676643206495,58.1748003487901,54.0,53.0,46.925031856875,134.1021281,4.974574662387293,3.848551261361527
YEM,"Yemen, Rep.",2019,Low income,MEA,Eastern Mediterranean,35111408.0,10929.3002607587,80.94759369,66.54663625928,59.0129962088495,60.0,54.0,45.885888408625,131.1870895,4.406079941610472,3.8261576277186085
YEM,"Yemen, Rep.",2020,Low income,MEA,Eastern Mediterranean,36134863.0,10929.3002607587,65.17704773,68.2329200343338,59.8436190728003,57.0,53.0,43.147838769375,135.0215954,4.192333691797608,3.764632329817942
YEM,"Yemen, Rep.",2021,Low income,MEA,Eastern Mediterranean,37140230.0,10929.3002607587,49.30105209,69.9256117406169,60.6660832932611,56.0,51.0,42.355801339375,155.8941469,3.9180259931891377,3.7461053972978595
YEM,"Yemen, Rep.",2022,Low income,MEA,Eastern Mediterranean,38222876.0,10929.3002607587,54.29036331,71.6243517846075,61.480658139543,58.0,53.0,40.81614290625,124.9503153,4.012598631317582,3.7090776626244613
ZAF,South Africa,2000,Upper middle income,SSF,Africa,47159719.0,8095.29428867929,236.08114624,85.9559975488844,60.4973716866815,73.0,72.0,71.03542306475,174.7451063,5.468402471731638,4.263178669028837
ZAF,South Africa,2001,Upper middle income,SSF,Africa,47566800.0,8428.31681707531,202.81065369,86.4622424726781,61.2759508701069,71.0,69.0,74.273531365375,192.2310757,5.317191394643127,4.307754648219829
ZAF,South Africa,2002,Upper middle income,SSF,Africa,48019415.0,8792.35588574265,179.5135498,86.9757383414211,62.0623724472109,70.0,65.0,76.819376190125,225.2107217,5.195805843099508,4.3414569024750636
ZAF,South Africa,2003,Upper middle income,SSF,Africa,48500348.0,9138.82823855017,286.01998901,87.4856409014173,62.8465144848753,69.0,62.0,79.2420034415,244.9978687,5.659551861452771,4.372506504719973
ZAF,South Africa,2004,Upper middle income,SSF,Africa,48991421.0,9713.65348468834,362.28662109,87.9864909045076,63.6233578866547,74.0,63.0,80.974603003375,258.8787733,5.895192112482448,4.394135562339293
ZAF,South Africa,2005,Upper middle income,SSF,Africa,49490033.0,10440.6275147132,400.5355835,88.4775318362901,64.3920939153514,81.0,64.0,80.249151582875,278.8084738,5.995296155860725,4.385136189778227
ZAF,South Africa,2006,Upper middle income,SSF,Africa,49998277.0,11250.179555872,417.91174316,88.9593651216847,65.1530628772458,84.0,69.0,77.525090478375,283.4149713,6.037660260885439,4.350601632072255
ZAF,South Africa,2007,Upper middle income,SSF,Africa,50528584.0,12046.6051072501,455.17498779,89.4320344752116,65.9061304060194,85.0,68.0,71.838956538,271.9468869,6.122876481056555,4.274426899083336
ZAF,South Africa,2008,Upper middle income,SSF,Africa,51114599.0,12525.2630299811,442.10626221,89.895824706748,66.6513463502515,82.0,73.0,64.16119493662501,271.6270085,6.093809610829568,4.161398587708784
ZAF,South Africa,2009,Upper middle income,SSF,Africa,51728516.0,12261.4115911303,487.62774658,90.3498541806487,67.3878839823923,81.0,77.0,57.0073238525,241.0636727,6.19160094513595,4.043179748220942
ZAF,South Africa,2010,Upper middle income,SSF,Africa,52344051.0,12637.2912226018,621.41906738,90.7948993263466,68.1161861329021,77.0,72.0,49.990209498625,226.0632028,6.433613607645575,3.9118271762273595
ZAF,South Africa,2011,Upper middle income,SSF,Africa,52995205.0,13143.1933361097,686.87243652,91.2307992186561,68.8359875393952,75.0,77.0,45.0295339345,202.03339,6.533603408707523,3.8073185841488804
ZAF,South Africa,2012,Upper middle income,SSF,Africa,53782567.0,12986.7976675307,646.49920654,91.6578231075925,69.5473276761195,71.0,79.0,42.448404026,193.8049298,6.473117568152093,3.748289315489928
ZAF,South Africa,2013,Upper middle income,SSF,Africa,54678791.0,13369.4382039605,593.80157471,92.0754416048639,70.2497373907273,81.0,78.0,40.93491421,179.7353094,6.388227862043827,3.7119833470646424
ZAF,South Africa,2014,Upper middle income,SSF,Africa,55594838.0,13358.9417186608,539.30780029,92.4843371456174,70.9435261806792,85.0,84.0,39.559504935625,162.1404439,6.292138977706756,3.677805992409903
ZAF,South Africa,2015,Upper middle income,SSF,Africa,56723537.0,13397.5234813346,491.90652466,92.2766813341795,71.6284763129344,85.0,86.0,38.21325485225,150.4174191,6.200319550913231,3.6431824410879217
ZAF,South Africa,2016,Upper middle income,SSF,Africa,57259551.0,13519.3235102376,456.56936646,92.0633898282653,72.3045193020221,85.0,84.0,36.815761057375,141.1707763,6.125928493899918,3.6059260430876536
ZAF,South Africa,2017,Upper middle income,SSF,Africa,57635162.0,13738.4385854596,527.52026367,91.844654961916,72.9715054204693,84.0,81.0,35.7414779995,133.6857791,6.270081146429567,3.5763118630871884
ZAF,South Africa,2018,Upper middle income,SSF,Africa,58613001.0,13347.3634826038,558.80145264,91.6208678269317,73.6294078282668,82.0,81.0,34.901440404125,127.517952,6.327582172004746,3.552528100681201
ZAF,South Africa,2019,Upper middle income,SSF,Africa,59587885.0,13361.4851289112,538.80438232,91.3923995625225,74.2781920666219,85.0,83.0,34.4616050645,119.4523829,6.291206818965177,3.539845807626804
ZAF,South Africa,2020,Upper middle income,SSF,Africa,60562381.0,12671.0862436851,503.46759033,91.1598368082793,74.917857781457,84.0,84.0,34.054349008125,118.2862771,6.2235035965606365,3.5279577486134923
ZAF,South Africa,2021,Upper middle income,SSF,Africa,61502603.0,13681.9548144813,592.9465332,90.9231026021655,75.5483071505453,86.0,87.0,34.11487952775,191.1687609,6.38678930386356,3.5297336389039775
ZAF,South Africa,2022,Upper middle income,SSF,Africa,62378410.0,14749.0478045301,570.48028564,90.6825361107103,76.169562634684,85.0,86.0,34.345430748125,129.2300285,6.348229986821848,3.5364689893873136
ZMB,Zambia,2000,Lower middle income,SSF,Africa,10017631.0,1708.51552615927,14.80953312,46.2307991562581,21.0415384052929,85.0,85.0,152.451339675875,340.1839737,2.760613120108555,5.026845461036682
ZMB,Zambia,2001,Lower middle income,SSF,Africa,10325185.0,1785.06711385476,18.94953918,47.3291576082813,21.6786889419233,85.0,84.0,143.749736879875,305.6169203,2.9932060443222253,4.968073849274915
ZMB,Zambia,2002,Lower middle income,SSF,Africa,10647949.0,1837.06585172035,23.19246864,48.5669310132522,22.413804959209,84.0,84.0,133.642463782375,273.7210723,3.1860413715026152,4.895168053283708
ZMB,Zambia,2003,Lower middle income,SSF,Africa,10983595.0,1942.21520871647,26.75762367,49.794666240805,23.1443864562221,83.0,84.0,123.544783389125,249.8508044,3.3235105293087805,4.816603708873245
ZMB,Zambia,2004,Lower middle income,SSF,Africa,11338198.0,2067.9372845653,29.99057961,51.0123240914284,23.8700357388516,83.0,85.0,113.6417099165,259.573569,3.4336832747547974,4.733050603656489
ZMB,Zambia,2005,Lower middle income,SSF,Africa,11718819.0,2212.81202553596,44.99598694,52.2193583121082,24.5900224977226,82.0,85.0,104.77751711025,263.7189695,3.828554152248645,4.651839217481047
ZMB,Zambia,2006,Lower middle income,SSF,Africa,12129553.0,2377.99239778211,58.68175507,53.4162602894897,25.3042918374618,81.0,85.0,97.0615178765,262.1992129,4.089026363472482,4.575344982392807
ZMB,Zambia,2007,Lower middle income,SSF,Africa,12565085.0,2554.68937629218,51.02414322,54.6025079939217,26.0121310175446,80.0,93.0,91.323137249,323.8621205,3.9517079035232334,4.514404175528349
ZMB,Zambia,2008,Lower middle income,SSF,Africa,13021324.0,2708.00819669101,61.82287216,55.7790386634547,26.7137426857946,87.0,87.0,86.160268223875,393.5536247,4.140319213536539,4.456209145933759
ZMB,Zambia,2009,Lower middle income,SSF,Africa,13490389.0,2872.46418366268,59.38909531,56.943932113866,27.4075582632773,94.0,90.0,79.97121459512499,406.3524424,4.100808547416075,4.381666752363073
ZMB,Zambia,2010,Lower middle income,SSF,Africa,13965594.0,3097.66400499243,59.98767853,58.0990602531588,28.094335855896,83.0,96.0,75.6426068975,331.6696964,4.110671852458843,4.326019707732328
ZMB,Zambia,2011,Lower middle income,SSF,Africa,14437796.0,3228.48714255039,64.3181076,59.2434638607951,28.7731031923329,81.0,83.0,73.088779601375,291.1451128,4.179269296463975,4.291674861149111
ZMB,Zambia,2012,Lower middle income,SSF,Africa,14913629.0,3323.63312219856,69.17604828,60.3793166829556,29.4446855204494,78.0,82.0,70.411809903375,255.9068171,4.251007060219737,4.25436100340412
ZMB,Zambia,2013,Lower middle income,SSF,Africa,15398997.0,3477.28178777683,83.29361725,61.5068944546716,30.1087309769234,79.0,80.0,67.164972511625,213.3232367,4.434306147431935,4.207151869248534
ZMB,Zambia,2014,Lower middle income,SSF,Africa,15895315.0,3441.31497643775,65.39261627,62.6251910477069,30.7641759274322,86.0,85.0,63.758349305500005,173.684617,4.195585849546114,4.1551001449608185
ZMB,Zambia,2015,Lower middle income,SSF,Africa,16399089.0,3337.47306887696,57.38765335,63.73489906676,31.4108659962422,90.0,90.0,61.501342262375005,154.4058975,4.067104452243103,4.1190589999787734
ZMB,Zambia,2016,Lower middle income,SSF,Africa,16914423.0,3313.35121570029,55.39532089,64.8350544845437,32.0477720583314,95.0,97.0,58.9818193975,158.0952222,4.032386192119136,4.077229250613961
ZMB,Zambia,2017,Lower middle income,SSF,Africa,17441320.0,3391.62768492775,70.93283844,65.9259259812071,32.674491350081,94.0,96.0,56.03826765175,141.4031587,4.275732884243472,4.026034808281327
ZMB,Zambia,2018,Lower middle income,SSF,Africa,17973569.0,3442.27307196302,69.82767487,67.0073710429066,33.2903966380539,90.0,94.0,55.141039991625,117.1732844,4.260249812317214,4.009894266346785
ZMB,Zambia,2019,Lower middle income,SSF,Africa,18513839.0,3361.39750299612,85.02349854,68.0788852086192,33.8947045843208,88.0,93.0,54.065439446125,102.7551264,4.454620497767785,3.9901951544718384
ZMB,Zambia,2020,Lower middle income,SSF,Africa,19059395.0,3157.30009311643,60.01779938,69.1403580014109,34.4868129715486,84.0,96.0,52.3919959775,98.62833798,4.111165614724734,3.9587538311387607
ZMB,Zambia,2021,Lower middle income,SSF,Africa,19603607.0,3503.03491418372,74.83802795,70.2228298527718,35.2442051458646,91.0,90.0,49.18702572225,140.1435797,4.328599854839701,3.895629883889712
ZMB,Zambia,2022,Lower middle income,SSF,Africa,20152938.0,3840.72450511139,75.40128326,71.2958879569683,35.9950584575439,92.0,88.0,46.641537725375,89.4511926,4.3359994926282726,3.842491511596827
ZWE,Zimbabwe,2000,Lower middle income,SSF,Africa,11892055.0,3429.12057152309,67.13735199,67.9217425252817,44.5170067494269,78.0,75.0,98.2492038225,404.5445964,4.22152555016276,4.58750714712875
ZWE,Zimbabwe,2001,Lower middle income,SSF,Africa,11971901.0,3533.08605903604,67.13735199,68.0887310014955,44.632782507168,75.0,73.0,97.85529247925,467.3521068,4.22152555016276,4.583489780056968
ZWE,Zimbabwe,2002,Lower middle income,SSF,Africa,12087653.0,3237.57082661378,67.13735199,68.2658520764718,44.8209715461033,71.0,70.0,84.74892016175001,417.6648594,4.22152555016276,4.439693004725109
ZWE,Zimbabwe,2003,Lower middle income,SSF,Africa,12232323.0,2707.98957173272,67.13735199,68.2300192515317,44.8625993105655,68.0,68.0,88.418748703875,454.860143,4.22152555016276,4.482084036566169
ZWE,Zimbabwe,2004,Lower middle income,SSF,Africa,12365896.0,2591.02005431794,67.13735199,68.1605611787825,44.881689855498,65.0,66.0,91.602601623625,451.0760636,4.22152555016276,4.517459673281395
ZWE,Zimbabwe,2005,Lower middle income,SSF,Africa,12483432.0,2495.92081736268,67.13735199,68.0898216410004,44.2555884952354,68.0,67.0,92.209837378875,453.7196527,4.22152555016276,4.524066820954169
ZWE,Zimbabwe,2006,Lower middle income,SSF,Africa,12636445.0,2453.75642369722,67.13735199,68.0173816965522,43.6313729086374,70.0,68.0,93.912247981,479.8222297,4.22152555016276,4.5423608141405
ZWE,Zimbabwe,2007,Lower middle income,SSF,Africa,12804058.0,2396.37835055325,67.13735199,67.943621136193,43.0093163519356,73.0,69.0,94.655576114875,518.9900529,4.22152555016276,4.550244788913955
ZWE,Zimbabwe,2008,Lower middle income,SSF,Africa,12959149.0,1986.90882459937,67.13735199,67.8681221478377,42.3891736287953,75.0,70.0,93.394758851,525.9220214,4.22152555016276,4.536835228574634
ZWE,Zimbabwe,2009,Lower middle income,SSF,Africa,13142790.0,2232.8525728967,67.13735199,67.7912667588109,41.771197354799,73.0,76.0,90.292411395,539.5338934,4.22152555016276,4.503053419183932
ZWE,Zimbabwe,2010,Lower middle income,SSF,Africa,13356548.0,2661.36483256213,94.44809723,67.7126398227238,41.1551654585239,89.0,90.0,84.90451471925,566.5662574,4.558582615242832,4.441527268808643
ZWE,Zimbabwe,2011,Lower middle income,SSF,Africa,13595424.0,3047.31708873749,83.82868195,67.6326265386138,40.5413099103148,93.0,92.0,78.786814707625,564.0207336,4.440633716153255,4.366745656817901
ZWE,Zimbabwe,2012,Lower middle income,SSF,Africa,13817887.0,3472.48572001016,85.69155121,67.550802949421,39.929425197268,95.0,97.0,71.3083072635,557.8331048,4.46235643047983,4.267012832042861
ZWE,Zimbabwe,2013,Lower middle income,SSF,Africa,14013808.0,3783.94633704647,96.86148834,67.4675567678249,39.3197220289687,95.0,93.0,65.514929435,525.2499892,4.583553094615138,4.1822780469743845
ZWE,Zimbabwe,2014,Lower middle income,SSF,Africa,14207359.0,3903.42797706084,111.61201477,67.3943560141551,38.7170842481052,91.0,92.0,61.74640514225,467.8001181,4.723948413121566,4.1230357574936125
ZWE,Zimbabwe,2015,Lower middle income,SSF,Africa,14399013.0,4045.89864738798,103.31652832,67.3315481450838,38.1206484665361,87.0,86.0,59.723742276625,427.9314261,4.647429818483476,4.089729634415421
ZWE,Zimbabwe,2016,Lower middle income,SSF,Africa,14600294.0,4275.4493505094,102.15909576,67.2786727528728,37.5291927779865,90.0,95.0,56.8750439485,411.3501058,4.636272415561777,4.040856649991695
ZWE,Zimbabwe,2017,Lower middle income,SSF,Africa,14812482.0,10756.4454416985,91.87199402,67.2356795993569,36.9416715486173,89.0,90.0,54.9122411165,389.3335683,4.531222136646035,4.005736294817759
ZWE,Zimbabwe,2018,Lower middle income,SSF,Africa,15034452.0,3992.890718675,114.76815033,67.2029312965769,36.3571595127659,89.0,88.0,52.250487484625,385.5237479,4.751589486980215,3.9560492206506797
ZWE,Zimbabwe,2019,Lower middle income,SSF,Africa,15271368.0,4165.55567835558,55.10725403,67.1795926488522,35.7743353702206,90.0,85.0,51.027113344125,387.6004298,4.027265109517028,3.932357125655461
ZWE,Zimbabwe,2020,Lower middle income,SSF,Africa,15526888.0,4178.58557943828,51.14250565,67.1664236498224,35.1923620543494,86.0,85.0,50.069003696125,379.9713807,3.9539804635455535,3.9134021279238893
ZWE,Zimbabwe,2021,Lower middle income,SSF,Africa,15797210.0,4827.0886936086,60.89874268,67.162605340134,34.6099501611517,88.0,88.0,47.591799995375,446.4168485,4.12549986736794,3.862660477392638
ZWE,Zimbabwe,2022,Lower middle income,SSF,Africa,16069056.0,5395.8562980064,68.90727997,67.1689083918982,34.6178594063559,90.0,90.0,45.947514138125,367.8065875,4.247169792171494,3.8274997480591697
